,manual,post_mean,nmi,ari,ami,igh,mean
cct,0.45,0.4495000000000001,0.44400000000000006,0.44400000000000006,0.44400000000000006,0.4660000000000001,0.44400000000000006
uw10091478,165.0,165.0,165.0,165.0,165.0,165.0,165.0
uw10114458,215.0,215.0,215.0,215.0,215.0,215.0,215.0
uw10114538,212.0,212.0,212.0,212.0,212.0,212.0,212.0
uw10116623,5.0,5.0,5.0,5.0,5.0,5.0,5.0
uw10118373,193.0,193.0,193.0,193.0,193.0,193.0,193.0
uw10119608,5.0,5.0,5.0,5.0,5.0,5.0,5.0
uw10126378,191.0,191.0,191.0,191.0,191.0,191.0,191.0
uw10128793,243.0,243.0,243.0,243.0,243.0,243.0,243.0
uw10154728,232.0,232.0,232.0,232.0,232.0,232.0,232.0
uw10176573,159.0,159.0,159.0,159.0,159.0,159.0,159.0
uw10204348,221.0,221.0,221.0,221.0,221.0,221.0,221.0
uw10213323,271.0,271.0,271.0,271.0,271.0,271.0,271.0
uw10230653,175.0,175.0,175.0,175.0,175.0,175.0,175.0
uw10231363,241.0,241.0,241.0,241.0,241.0,241.0,241.0
uw10239653,139.0,139.0,139.0,139.0,139.0,139.0,139.0
uw10243683,197.0,197.0,197.0,197.0,197.0,197.0,197.0
uw10246703,0.0,0.0,3.0,3.0,3.0,10.0,3.0
uw10253158,14.0,14.0,14.0,14.0,14.0,14.0,14.0
uw10253223,14.0,14.0,14.0,14.0,14.0,14.0,14.0
uw10253273,14.0,14.0,14.0,14.0,14.0,14.0,14.0
uw10253333,14.0,14.0,14.0,14.0,14.0,14.0,14.0
uw10253368,14.0,14.0,14.0,14.0,14.0,14.0,14.0
uw10253563,14.0,14.0,14.0,14.0,14.0,14.0,14.0
uw10253633,14.0,14.0,14.0,14.0,14.0,14.0,14.0
uw10253833,14.0,14.0,14.0,14.0,14.0,14.0,14.0
uw10254838,14.0,14.0,14.0,14.0,14.0,14.0,14.0
uw10257583,14.0,14.0,14.0,14.0,14.0,14.0,14.0
uw10257663,14.0,14.0,14.0,14.0,14.0,14.0,14.0
uw10257753,240.0,240.0,240.0,240.0,240.0,240.0,240.0
uw10257838,163.0,163.0,163.0,163.0,163.0,163.0,163.0
uw10257873,14.0,14.0,14.0,14.0,14.0,14.0,14.0
uw10257948,14.0,14.0,14.0,14.0,14.0,14.0,14.0
uw10257998,14.0,14.0,14.0,14.0,14.0,14.0,14.0
uw10258078,14.0,14.0,14.0,14.0,14.0,14.0,14.0
uw10258193,14.0,14.0,14.0,14.0,14.0,14.0,14.0
uw10258238,14.0,14.0,14.0,14.0,14.0,14.0,14.0
uw10258268,14.0,14.0,14.0,14.0,14.0,14.0,14.0
uw10258783,14.0,14.0,14.0,14.0,14.0,14.0,14.0
uw10258823,25.0,25.0,25.0,25.0,25.0,25.0,25.0
uw10258848,25.0,25.0,25.0,25.0,25.0,25.0,25.0
uw10258938,14.0,14.0,14.0,14.0,14.0,14.0,14.0
uw10258978,14.0,14.0,14.0,14.0,14.0,14.0,14.0
uw10259038,14.0,14.0,14.0,14.0,14.0,14.0,14.0
uw10259063,14.0,14.0,14.0,14.0,14.0,14.0,14.0
uw10259113,14.0,14.0,14.0,14.0,14.0,14.0,14.0
uw10259168,14.0,14.0,14.0,14.0,14.0,14.0,14.0
uw10259343,14.0,14.0,14.0,14.0,14.0,14.0,14.0
uw10259413,14.0,14.0,14.0,14.0,14.0,14.0,14.0
uw10259483,14.0,14.0,14.0,14.0,14.0,14.0,14.0
uw10259573,14.0,14.0,14.0,14.0,14.0,14.0,14.0
uw10260113,14.0,14.0,14.0,14.0,14.0,14.0,14.0
uw10261163,94.0,94.0,94.0,94.0,94.0,94.0,94.0
uw10262123,14.0,14.0,14.0,14.0,14.0,14.0,14.0
uw10262208,180.0,180.0,180.0,180.0,180.0,180.0,180.0
uw10262313,94.0,94.0,94.0,94.0,94.0,94.0,94.0
uw10262833,143.0,143.0,143.0,143.0,143.0,143.0,143.0
uw10263978,44.0,44.0,44.0,44.0,44.0,44.0,44.0
uw10264228,44.0,44.0,44.0,44.0,44.0,44.0,44.0
uw10268273,167.0,167.0,167.0,167.0,167.0,167.0,167.0
uw10271493,245.0,245.0,245.0,245.0,245.0,245.0,245.0
uw10273783,205.0,205.0,205.0,205.0,205.0,205.0,205.0
uw10274388,14.0,14.0,14.0,14.0,14.0,14.0,14.0
uw10276198,7.0,7.0,1.0,1.0,1.0,7.0,1.0
uw10276753,256.0,256.0,256.0,256.0,256.0,256.0,256.0
uw10278308,44.0,44.0,44.0,44.0,44.0,44.0,44.0
uw10279273,222.0,222.0,222.0,222.0,222.0,222.0,222.0
uw10279393,14.0,14.0,14.0,14.0,14.0,14.0,14.0
uw10280743,147.0,147.0,147.0,147.0,147.0,147.0,147.0
uw10282168,46.0,46.0,46.0,46.0,46.0,46.0,46.0
uw10283833,14.0,14.0,14.0,14.0,14.0,14.0,14.0
uw10285328,32.0,32.0,32.0,32.0,32.0,32.0,32.0
uw10286903,32.0,32.0,32.0,32.0,32.0,32.0,32.0
uw10288923,266.0,266.0,266.0,266.0,266.0,266.0,266.0
uw10289983,202.0,202.0,202.0,202.0,202.0,202.0,202.0
uw10294463,272.0,272.0,135.0,135.0,135.0,272.0,135.0
uw10300058,0.0,0.0,3.0,3.0,3.0,10.0,3.0
uw10304248,185.0,185.0,185.0,185.0,185.0,185.0,185.0
uw10306618,198.0,198.0,198.0,198.0,198.0,198.0,198.0
uw10312133,179.0,179.0,179.0,179.0,179.0,179.0,179.0
uw10317398,251.0,251.0,251.0,251.0,251.0,251.0,251.0
uw10318043,186.0,186.0,186.0,186.0,186.0,186.0,186.0
uw10338458,67.0,67.0,33.0,33.0,33.0,67.0,33.0
uw10341573,226.0,226.0,226.0,226.0,226.0,226.0,226.0
uw10350208,56.0,56.0,56.0,56.0,56.0,56.0,56.0
uw10350328,177.0,177.0,177.0,177.0,177.0,177.0,177.0
uw10360703,56.0,56.0,56.0,56.0,56.0,56.0,56.0
uw10362518,56.0,56.0,56.0,56.0,56.0,56.0,56.0
uw10382878,237.0,237.0,237.0,237.0,237.0,237.0,237.0
uw10394528,219.0,219.0,219.0,219.0,219.0,219.0,219.0
uw10403798,223.0,223.0,223.0,223.0,223.0,223.0,223.0
uw10404688,195.0,195.0,195.0,195.0,195.0,195.0,195.0
uw10424003,36.0,36.0,36.0,36.0,36.0,36.0,36.0
uw10424023,36.0,36.0,36.0,36.0,36.0,36.0,36.0
uw10432193,209.0,209.0,209.0,209.0,209.0,209.0,209.0
uw10434103,247.0,247.0,247.0,247.0,247.0,247.0,247.0
uw10435148,0.0,0.0,3.0,3.0,3.0,10.0,3.0
uw10442073,9.0,9.0,9.0,9.0,9.0,4.0,9.0
uw10442113,9.0,9.0,9.0,9.0,9.0,4.0,9.0
uw10442143,9.0,9.0,9.0,9.0,9.0,4.0,9.0
uw10448233,2.0,2.0,2.0,2.0,2.0,0.0,2.0
uw10448513,23.0,23.0,23.0,23.0,23.0,23.0,23.0
uw10449313,23.0,23.0,23.0,23.0,23.0,23.0,23.0
uw10449503,23.0,23.0,23.0,23.0,23.0,23.0,23.0
uw10451203,23.0,23.0,23.0,23.0,23.0,23.0,23.0
uw10451438,23.0,23.0,23.0,23.0,23.0,23.0,23.0
uw10455938,23.0,23.0,23.0,23.0,23.0,23.0,23.0
uw10456733,23.0,23.0,23.0,23.0,23.0,23.0,23.0
uw10458183,116.0,116.0,116.0,116.0,116.0,116.0,116.0
uw10460908,116.0,116.0,116.0,116.0,116.0,116.0,116.0
uw10462473,14.0,14.0,14.0,14.0,14.0,14.0,14.0
uw10463318,259.0,259.0,259.0,259.0,259.0,259.0,259.0
uw10469563,31.0,31.0,31.0,31.0,31.0,31.0,31.0
uw10470573,153.0,153.0,153.0,153.0,153.0,153.0,153.0
uw10470788,138.0,138.0,138.0,138.0,138.0,277.0,138.0
uw10471388,23.0,23.0,23.0,23.0,23.0,23.0,23.0
uw10485033,269.0,269.0,269.0,269.0,269.0,269.0,269.0
uw10485768,265.0,265.0,265.0,265.0,265.0,265.0,265.0
uw10485903,145.0,145.0,145.0,145.0,145.0,145.0,145.0
uw10497508,166.0,166.0,166.0,166.0,166.0,166.0,166.0
uw10498418,246.0,246.0,246.0,246.0,246.0,246.0,246.0
uw10498478,0.0,0.0,3.0,3.0,3.0,10.0,3.0
uw10500013,148.0,148.0,148.0,148.0,148.0,148.0,148.0
uw10501263,61.0,61.0,61.0,61.0,61.0,61.0,61.0
uw10503953,23.0,23.0,23.0,23.0,23.0,23.0,23.0
uw10511048,224.0,224.0,224.0,224.0,224.0,224.0,224.0
uw10512768,231.0,231.0,231.0,231.0,231.0,231.0,231.0
uw10513203,25.0,25.0,25.0,25.0,25.0,25.0,25.0
uw10516553,249.0,249.0,249.0,249.0,249.0,249.0,249.0
uw10517018,244.0,244.0,244.0,244.0,244.0,244.0,244.0
uw10518813,207.0,207.0,207.0,207.0,207.0,207.0,207.0
uw10520623,67.0,67.0,33.0,33.0,33.0,67.0,33.0
uw10521078,104.0,104.0,104.0,104.0,104.0,104.0,104.0
uw10521103,104.0,104.0,104.0,104.0,104.0,104.0,104.0
uw10521413,6.0,6.0,6.0,6.0,6.0,2.0,6.0
uw10522933,61.0,61.0,61.0,61.0,61.0,61.0,61.0
uw10534193,56.0,56.0,56.0,56.0,56.0,56.0,56.0
uw10534363,56.0,56.0,56.0,56.0,56.0,56.0,56.0
uw10534538,56.0,56.0,56.0,56.0,56.0,56.0,56.0
uw10535178,56.0,56.0,56.0,56.0,56.0,56.0,56.0
uw10535218,56.0,56.0,56.0,56.0,56.0,56.0,56.0
uw10535313,56.0,56.0,56.0,56.0,56.0,56.0,56.0
uw10535348,56.0,56.0,56.0,56.0,56.0,56.0,56.0
uw10536683,154.0,154.0,154.0,154.0,154.0,154.0,154.0
uw10537853,220.0,220.0,220.0,220.0,220.0,220.0,220.0
uw10539233,18.0,18.0,18.0,18.0,18.0,18.0,18.0
uw10539733,90.0,90.0,90.0,90.0,90.0,90.0,90.0
uw10541513,261.0,261.0,261.0,261.0,261.0,261.0,261.0
uw10544088,56.0,56.0,56.0,56.0,56.0,56.0,56.0
uw10544738,10.0,10.0,10.0,10.0,10.0,1.0,10.0
uw10546908,56.0,56.0,56.0,56.0,56.0,56.0,56.0
uw10549048,56.0,56.0,56.0,56.0,56.0,56.0,56.0
uw10552478,260.0,260.0,260.0,260.0,260.0,260.0,260.0
uw10553458,11.0,11.0,11.0,11.0,11.0,11.0,11.0
uw10554313,11.0,11.0,11.0,11.0,11.0,11.0,11.0
uw10554518,213.0,213.0,213.0,213.0,213.0,213.0,213.0
uw10554973,155.0,155.0,155.0,155.0,155.0,155.0,155.0
uw10555988,14.0,14.0,14.0,14.0,14.0,14.0,14.0
uw10556438,171.0,171.0,171.0,171.0,171.0,171.0,171.0
uw10557513,56.0,56.0,56.0,56.0,56.0,56.0,56.0
uw10557898,56.0,56.0,56.0,56.0,56.0,56.0,56.0
uw10557938,56.0,56.0,56.0,56.0,56.0,56.0,56.0
uw10562948,22.0,22.0,22.0,22.0,22.0,22.0,22.0
uw10562978,218.0,218.0,218.0,218.0,218.0,218.0,218.0
uw10562998,22.0,22.0,22.0,22.0,22.0,22.0,22.0
uw10563018,22.0,22.0,22.0,22.0,22.0,22.0,22.0
uw10563093,22.0,22.0,22.0,22.0,22.0,22.0,22.0
uw10565513,144.0,144.0,144.0,144.0,144.0,144.0,144.0
uw10568143,22.0,22.0,22.0,22.0,22.0,22.0,22.0
uw10568218,22.0,22.0,22.0,22.0,22.0,22.0,22.0
uw10568243,22.0,22.0,22.0,22.0,22.0,22.0,22.0
uw10568278,22.0,22.0,22.0,22.0,22.0,22.0,22.0
uw10568283,22.0,22.0,22.0,22.0,22.0,22.0,22.0
uw10568288,22.0,22.0,22.0,22.0,22.0,22.0,22.0
uw10568293,196.0,196.0,196.0,196.0,196.0,196.0,196.0
uw10568303,22.0,22.0,22.0,22.0,22.0,22.0,22.0
uw10568378,22.0,22.0,22.0,22.0,22.0,22.0,22.0
uw10568388,22.0,22.0,22.0,22.0,22.0,22.0,22.0
uw10568398,22.0,22.0,22.0,22.0,22.0,22.0,22.0
uw10568408,22.0,22.0,22.0,22.0,22.0,22.0,22.0
uw10568423,22.0,22.0,22.0,22.0,22.0,22.0,22.0
uw10568443,22.0,22.0,22.0,22.0,22.0,22.0,22.0
uw10568488,22.0,22.0,22.0,22.0,22.0,22.0,22.0
uw10571568,211.0,211.0,211.0,211.0,211.0,211.0,211.0
uw10572443,263.0,263.0,263.0,263.0,263.0,263.0,263.0
uw10573743,158.0,158.0,158.0,158.0,158.0,158.0,158.0
uw10575403,161.0,161.0,161.0,161.0,161.0,161.0,161.0
uw10578028,56.0,56.0,56.0,56.0,56.0,56.0,56.0
uw10581258,56.0,56.0,56.0,56.0,56.0,56.0,56.0
uw10582303,97.0,97.0,97.0,97.0,97.0,97.0,97.0
uw10583803,157.0,157.0,157.0,157.0,157.0,157.0,157.0
uw10584198,56.0,56.0,56.0,56.0,56.0,56.0,56.0
uw10584853,239.0,239.0,239.0,239.0,239.0,239.0,239.0
uw10585973,262.0,262.0,262.0,262.0,262.0,262.0,262.0
uw10589193,6.0,6.0,6.0,6.0,6.0,2.0,6.0
uw10598628,142.0,142.0,142.0,142.0,142.0,142.0,142.0
uw10599588,10.0,10.0,10.0,10.0,10.0,1.0,10.0
uw10603768,140.0,140.0,140.0,140.0,140.0,140.0,140.0
uw10605193,31.0,31.0,31.0,31.0,31.0,31.0,31.0
uw10607828,56.0,56.0,56.0,56.0,56.0,56.0,56.0
uw10608053,115.0,115.0,115.0,115.0,115.0,115.0,115.0
uw10608853,6.0,6.0,6.0,6.0,6.0,2.0,6.0
uw10609348,8.0,8.0,8.0,8.0,8.0,8.0,8.0
uw10609393,8.0,8.0,8.0,8.0,8.0,8.0,8.0
uw10609398,8.0,8.0,8.0,8.0,8.0,8.0,8.0
uw10609403,8.0,8.0,8.0,8.0,8.0,8.0,8.0
uw10609458,8.0,8.0,8.0,8.0,8.0,8.0,8.0
uw10609508,8.0,8.0,8.0,8.0,8.0,8.0,8.0
uw10609543,8.0,8.0,8.0,8.0,8.0,8.0,8.0
uw10609623,178.0,178.0,178.0,178.0,178.0,178.0,178.0
uw10609693,82.0,82.0,82.0,82.0,82.0,82.0,82.0
uw10610328,8.0,8.0,8.0,8.0,8.0,8.0,8.0
uw10610438,129.0,129.0,129.0,129.0,129.0,129.0,129.0
uw10613388,1.0,1.0,7.0,7.0,7.0,28.0,7.0
uw10617933,151.0,151.0,151.0,151.0,151.0,151.0,151.0
uw10619503,71.0,71.0,71.0,71.0,71.0,71.0,71.0
uw10622473,208.0,208.0,208.0,208.0,208.0,208.0,208.0
uw10626713,6.0,6.0,6.0,6.0,6.0,2.0,6.0
uw10627123,6.0,6.0,6.0,6.0,6.0,2.0,6.0
uw10630568,56.0,56.0,56.0,56.0,56.0,56.0,56.0
uw10631643,188.0,188.0,188.0,188.0,188.0,188.0,188.0
uw10644983,10.0,10.0,10.0,10.0,10.0,1.0,10.0
uw10647418,229.0,229.0,229.0,229.0,229.0,229.0,229.0
uw10654543,56.0,56.0,56.0,56.0,56.0,56.0,56.0
uw10660283,0.0,0.0,3.0,3.0,3.0,10.0,3.0
uw10664213,216.0,216.0,216.0,216.0,216.0,216.0,216.0
uw10665323,6.0,6.0,6.0,6.0,6.0,2.0,6.0
uw10665963,33.0,33.0,0.0,0.0,0.0,33.0,0.0
uw10669233,29.0,29.0,29.0,29.0,29.0,29.0,29.0
uw10669248,29.0,29.0,29.0,29.0,29.0,29.0,29.0
uw10670983,78.0,78.0,78.0,78.0,78.0,78.0,78.0
uw10671218,0.0,0.0,3.0,3.0,3.0,274.0,3.0
uw10673223,146.0,146.0,146.0,146.0,146.0,146.0,146.0
uw10674173,176.0,176.0,176.0,176.0,176.0,176.0,176.0
uw10674548,152.0,152.0,152.0,152.0,152.0,152.0,152.0
uw10676123,1.0,1.0,7.0,7.0,7.0,28.0,7.0
uw10676563,31.0,31.0,31.0,31.0,31.0,31.0,31.0
uw10676593,31.0,31.0,31.0,31.0,31.0,31.0,31.0
uw10676628,31.0,31.0,31.0,31.0,31.0,31.0,31.0
uw10676868,248.0,248.0,248.0,248.0,248.0,248.0,248.0
uw10678863,40.0,40.0,40.0,40.0,40.0,40.0,40.0
uw10678898,40.0,40.0,40.0,40.0,40.0,40.0,40.0
uw10678908,40.0,40.0,40.0,40.0,40.0,40.0,40.0
uw10679093,199.0,199.0,199.0,199.0,199.0,199.0,199.0
uw10679373,189.0,189.0,189.0,189.0,189.0,189.0,189.0
uw10679548,30.0,30.0,30.0,30.0,30.0,30.0,30.0
uw10679678,18.0,18.0,18.0,18.0,18.0,18.0,18.0
uw10680043,58.0,58.0,58.0,58.0,58.0,58.0,58.0
uw10680203,214.0,214.0,214.0,214.0,214.0,214.0,214.0
uw10681138,40.0,40.0,40.0,40.0,40.0,40.0,40.0
uw10681363,40.0,40.0,40.0,40.0,40.0,40.0,40.0
uw10682238,58.0,58.0,58.0,58.0,58.0,58.0,58.0
uw10682713,30.0,30.0,30.0,30.0,30.0,30.0,30.0
uw10683318,150.0,150.0,150.0,150.0,150.0,150.0,150.0
uw10684038,30.0,30.0,30.0,30.0,30.0,30.0,30.0
uw10685168,3.0,3.0,0.0,0.0,0.0,3.0,0.0
uw10685868,30.0,30.0,30.0,30.0,30.0,30.0,30.0
uw10686143,30.0,30.0,30.0,30.0,30.0,30.0,30.0
uw10686763,22.0,22.0,22.0,22.0,22.0,22.0,22.0
uw10686773,22.0,22.0,22.0,22.0,22.0,22.0,22.0
uw10686788,22.0,22.0,22.0,22.0,22.0,22.0,22.0
uw10686898,22.0,22.0,22.0,22.0,22.0,22.0,22.0
uw10687068,22.0,22.0,22.0,22.0,22.0,22.0,22.0
uw10687753,7.0,7.0,1.0,1.0,1.0,7.0,1.0
uw10687778,14.0,14.0,14.0,14.0,14.0,14.0,14.0
uw10688763,7.0,7.0,1.0,1.0,1.0,7.0,1.0
uw10688838,14.0,14.0,14.0,14.0,14.0,14.0,14.0
uw10688888,31.0,31.0,31.0,31.0,31.0,31.0,31.0
uw10689723,173.0,173.0,173.0,173.0,173.0,173.0,173.0
uw10689993,123.0,123.0,123.0,123.0,123.0,123.0,123.0
uw10690233,7.0,7.0,1.0,1.0,1.0,7.0,1.0
uw10690283,169.0,169.0,169.0,169.0,169.0,169.0,169.0
uw10690463,14.0,14.0,14.0,14.0,14.0,14.0,14.0
uw10690558,14.0,14.0,14.0,14.0,14.0,14.0,14.0
uw10690583,14.0,14.0,14.0,14.0,14.0,14.0,14.0
uw10691373,156.0,156.0,156.0,156.0,156.0,156.0,156.0
uw10692178,84.0,84.0,84.0,84.0,84.0,84.0,84.0
uw10692508,181.0,181.0,181.0,181.0,181.0,181.0,181.0
uw10692928,66.0,66.0,66.0,66.0,66.0,66.0,66.0
uw10692948,66.0,66.0,66.0,66.0,66.0,66.0,66.0
uw10693133,22.0,22.0,22.0,22.0,22.0,22.0,22.0
uw10693328,228.0,228.0,228.0,228.0,228.0,228.0,228.0
uw10693483,84.0,84.0,84.0,84.0,84.0,84.0,84.0
uw10693498,1.0,1.0,7.0,7.0,7.0,28.0,7.0
uw10693713,1.0,1.0,7.0,7.0,7.0,28.0,7.0
uw10694393,1.0,1.0,7.0,7.0,7.0,28.0,7.0
uw10695013,56.0,56.0,56.0,56.0,56.0,56.0,56.0
uw10695123,174.0,174.0,174.0,174.0,174.0,174.0,174.0
uw10695893,52.0,52.0,52.0,52.0,52.0,52.0,52.0
uw10696273,52.0,52.0,52.0,52.0,52.0,52.0,52.0
uw10697783,84.0,84.0,84.0,84.0,84.0,84.0,84.0
uw10697808,114.0,114.0,114.0,114.0,114.0,114.0,114.0
uw10698278,17.0,17.0,17.0,17.0,17.0,17.0,17.0
uw10698553,17.0,17.0,17.0,17.0,17.0,17.0,17.0
uw10698913,114.0,114.0,114.0,114.0,114.0,114.0,114.0
uw10701223,204.0,204.0,204.0,204.0,204.0,204.0,204.0
uw10701953,253.0,253.0,253.0,253.0,253.0,253.0,253.0
uw10711563,1.0,1.0,7.0,7.0,7.0,28.0,7.0
uw10712468,62.0,62.0,62.0,62.0,62.0,62.0,62.0
uw10712853,12.0,12.0,12.0,12.0,12.0,12.0,12.0
uw10712958,90.0,90.0,90.0,90.0,90.0,90.0,90.0
uw10713153,31.0,31.0,31.0,31.0,31.0,31.0,31.0
uw10714853,141.0,141.0,141.0,141.0,141.0,141.0,141.0
uw10716363,50.0,50.0,50.0,50.0,50.0,50.0,50.0
uw10718073,56.0,56.0,56.0,56.0,56.0,56.0,56.0
uw10720253,257.0,257.0,257.0,257.0,257.0,257.0,257.0
uw10724648,255.0,255.0,255.0,255.0,255.0,255.0,255.0
uw10725083,6.0,6.0,6.0,6.0,6.0,2.0,6.0
uw10725348,106.0,106.0,106.0,106.0,106.0,106.0,106.0
uw10727248,92.0,92.0,92.0,92.0,92.0,92.0,92.0
uw10727563,106.0,106.0,106.0,106.0,106.0,106.0,106.0
uw10727903,50.0,50.0,50.0,50.0,50.0,50.0,50.0
uw10728248,200.0,200.0,200.0,200.0,200.0,200.0,200.0
uw10728473,56.0,56.0,56.0,56.0,56.0,56.0,56.0
uw10729563,227.0,227.0,227.0,227.0,227.0,227.0,227.0
uw10729683,75.0,75.0,75.0,75.0,75.0,75.0,75.0
uw10729713,164.0,164.0,164.0,164.0,164.0,164.0,164.0
uw10731958,124.0,124.0,124.0,124.0,124.0,124.0,124.0
uw10734058,124.0,124.0,124.0,124.0,124.0,124.0,124.0
uw10734148,17.0,17.0,17.0,17.0,17.0,17.0,17.0
uw10735193,31.0,31.0,31.0,31.0,31.0,31.0,31.0
uw10735873,31.0,31.0,31.0,31.0,31.0,31.0,31.0
uw10736828,46.0,46.0,46.0,46.0,46.0,46.0,46.0
uw10737603,98.0,98.0,98.0,98.0,98.0,98.0,98.0
uw10737798,31.0,31.0,31.0,31.0,31.0,31.0,31.0
uw10738413,6.0,6.0,6.0,6.0,6.0,2.0,6.0
uw10738453,31.0,31.0,31.0,31.0,31.0,31.0,31.0
uw10738483,31.0,31.0,31.0,31.0,31.0,31.0,31.0
uw10738498,31.0,31.0,31.0,31.0,31.0,31.0,31.0
uw10738563,31.0,31.0,31.0,31.0,31.0,31.0,31.0
uw10738573,31.0,31.0,31.0,31.0,31.0,31.0,31.0
uw10738583,31.0,31.0,31.0,31.0,31.0,31.0,31.0
uw10738598,192.0,192.0,192.0,192.0,192.0,192.0,192.0
uw10738668,31.0,31.0,31.0,31.0,31.0,31.0,31.0
uw10738798,31.0,31.0,31.0,31.0,31.0,31.0,31.0
uw10738823,105.0,105.0,105.0,105.0,105.0,105.0,105.0
uw10739038,22.0,22.0,22.0,22.0,22.0,22.0,22.0
uw10739068,242.0,242.0,242.0,242.0,242.0,242.0,242.0
uw10739088,22.0,22.0,22.0,22.0,22.0,22.0,22.0
uw10739098,31.0,31.0,31.0,31.0,31.0,31.0,31.0
uw10739128,22.0,22.0,22.0,22.0,22.0,22.0,22.0
uw10739698,57.0,57.0,57.0,57.0,57.0,57.0,57.0
uw10739713,57.0,57.0,57.0,57.0,57.0,57.0,57.0
uw10739723,57.0,57.0,57.0,57.0,57.0,57.0,57.0
uw10739738,57.0,57.0,57.0,57.0,57.0,57.0,57.0
uw10739963,57.0,57.0,57.0,57.0,57.0,57.0,57.0
uw10740838,31.0,31.0,31.0,31.0,31.0,31.0,31.0
uw10740848,57.0,57.0,57.0,57.0,57.0,57.0,57.0
uw10740878,57.0,57.0,57.0,57.0,57.0,57.0,57.0
uw10740883,31.0,31.0,31.0,31.0,31.0,31.0,31.0
uw10740888,57.0,57.0,57.0,57.0,57.0,57.0,57.0
uw10740898,31.0,31.0,31.0,31.0,31.0,31.0,31.0
uw10741173,160.0,160.0,160.0,160.0,160.0,160.0,160.0
uw10742093,57.0,57.0,57.0,57.0,57.0,57.0,57.0
uw10742098,57.0,57.0,57.0,57.0,57.0,57.0,57.0
uw10744743,12.0,12.0,12.0,12.0,12.0,12.0,12.0
uw10746343,89.0,89.0,89.0,89.0,89.0,89.0,89.0
uw10746433,43.0,43.0,43.0,43.0,43.0,43.0,43.0
uw10748853,43.0,43.0,43.0,43.0,43.0,43.0,43.0
uw10751293,235.0,235.0,235.0,235.0,235.0,235.0,235.0
uw10752558,13.0,13.0,13.0,13.0,13.0,6.0,13.0
uw10755533,162.0,162.0,162.0,162.0,162.0,162.0,162.0
uw10756193,273.0,273.0,1.0,1.0,1.0,273.0,1.0
uw10756458,77.0,77.0,77.0,77.0,77.0,77.0,77.0
uw10757568,6.0,6.0,6.0,6.0,6.0,2.0,6.0
uw10758843,190.0,190.0,190.0,190.0,190.0,190.0,190.0
uw10759083,190.0,190.0,190.0,190.0,190.0,190.0,190.0
uw10759983,190.0,190.0,190.0,190.0,190.0,190.0,190.0
uw10762728,187.0,187.0,187.0,187.0,187.0,187.0,187.0
uw10763153,107.0,107.0,107.0,107.0,107.0,107.0,107.0
uw10765353,1.0,1.0,7.0,7.0,7.0,28.0,7.0
uw10765593,56.0,56.0,56.0,56.0,56.0,56.0,56.0
uw10765608,41.0,41.0,41.0,41.0,41.0,41.0,41.0
uw10765753,41.0,41.0,41.0,41.0,41.0,41.0,41.0
uw10765968,1.0,1.0,7.0,7.0,7.0,28.0,7.0
uw10766078,1.0,1.0,7.0,7.0,7.0,28.0,7.0
uw10766718,1.0,1.0,7.0,7.0,7.0,28.0,7.0
uw10767303,31.0,31.0,31.0,31.0,31.0,31.0,31.0
uw10767633,1.0,1.0,7.0,7.0,7.0,28.0,7.0
uw10768748,1.0,1.0,7.0,7.0,7.0,28.0,7.0
uw10769513,1.0,1.0,7.0,7.0,7.0,28.0,7.0
uw10770698,1.0,1.0,7.0,7.0,7.0,28.0,7.0
uw10771253,1.0,1.0,7.0,7.0,7.0,28.0,7.0
uw10772278,31.0,31.0,31.0,31.0,31.0,31.0,31.0
uw10772653,15.0,15.0,15.0,15.0,15.0,15.0,15.0
uw10772738,15.0,15.0,15.0,15.0,15.0,15.0,15.0
uw10772768,1.0,1.0,7.0,7.0,7.0,28.0,7.0
uw10773263,1.0,1.0,7.0,7.0,7.0,28.0,7.0
uw10773498,201.0,201.0,201.0,201.0,201.0,201.0,201.0
uw10773513,1.0,1.0,7.0,7.0,7.0,28.0,7.0
uw10773688,1.0,1.0,7.0,7.0,7.0,28.0,7.0
uw10774443,1.0,1.0,7.0,7.0,7.0,28.0,7.0
uw10775668,1.0,1.0,7.0,7.0,7.0,28.0,7.0
uw10776358,1.0,1.0,7.0,7.0,7.0,28.0,7.0
uw10776743,1.0,1.0,7.0,7.0,7.0,28.0,7.0
uw10776873,1.0,1.0,7.0,7.0,7.0,28.0,7.0
uw10777573,1.0,1.0,7.0,7.0,7.0,28.0,7.0
uw10778433,1.0,1.0,7.0,7.0,7.0,28.0,7.0
uw10778993,1.0,1.0,7.0,7.0,7.0,28.0,7.0
uw10780223,14.0,14.0,14.0,14.0,14.0,14.0,14.0
uw10780353,86.0,86.0,86.0,86.0,86.0,86.0,86.0
uw10780358,15.0,15.0,15.0,15.0,15.0,15.0,15.0
uw10780698,15.0,15.0,15.0,15.0,15.0,15.0,15.0
uw10783103,137.0,137.0,137.0,137.0,137.0,275.0,137.0
uw10784958,172.0,172.0,172.0,172.0,172.0,172.0,172.0
uw10785723,68.0,68.0,68.0,68.0,68.0,276.0,68.0
uw10787338,62.0,62.0,62.0,62.0,62.0,62.0,62.0
uw10788048,70.0,70.0,70.0,70.0,70.0,70.0,70.0
uw10788803,15.0,15.0,15.0,15.0,15.0,15.0,15.0
uw10790088,31.0,31.0,31.0,31.0,31.0,31.0,31.0
uw10792378,47.0,47.0,47.0,47.0,47.0,47.0,47.0
uw10792393,47.0,47.0,47.0,47.0,47.0,47.0,47.0
uw10793683,1.0,1.0,7.0,7.0,7.0,28.0,7.0
uw10795288,95.0,95.0,95.0,95.0,95.0,95.0,95.0
uw10796033,267.0,267.0,267.0,267.0,267.0,267.0,267.0
uw10796448,55.0,55.0,55.0,55.0,55.0,55.0,55.0
uw10796668,55.0,55.0,55.0,55.0,55.0,55.0,55.0
uw10796888,55.0,55.0,55.0,55.0,55.0,55.0,55.0
uw10800098,4.0,4.0,4.0,4.0,4.0,68.0,4.0
uw10801128,210.0,210.0,210.0,210.0,210.0,210.0,210.0
uw10803628,4.0,4.0,4.0,4.0,4.0,68.0,4.0
uw10804583,1.0,1.0,7.0,7.0,7.0,28.0,7.0
uw10805038,33.0,33.0,0.0,0.0,0.0,33.0,0.0
uw10805103,122.0,122.0,122.0,122.0,122.0,122.0,122.0
uw10806408,7.0,7.0,1.0,1.0,1.0,7.0,1.0
uw10806433,3.0,3.0,0.0,0.0,0.0,3.0,0.0
uw10806453,3.0,3.0,0.0,0.0,0.0,3.0,0.0
uw10806463,3.0,3.0,0.0,0.0,0.0,3.0,0.0
uw10806473,3.0,3.0,0.0,0.0,0.0,3.0,0.0
uw10806478,3.0,3.0,0.0,0.0,0.0,3.0,0.0
uw10806488,3.0,3.0,0.0,0.0,0.0,3.0,0.0
uw10806868,81.0,81.0,81.0,81.0,81.0,81.0,81.0
uw10807223,33.0,33.0,0.0,0.0,0.0,33.0,0.0
uw10809433,33.0,33.0,0.0,0.0,0.0,33.0,0.0
uw10809888,33.0,33.0,0.0,0.0,0.0,33.0,0.0
uw10809903,33.0,33.0,0.0,0.0,0.0,33.0,0.0
uw10809973,258.0,258.0,258.0,258.0,258.0,258.0,258.0
uw10813978,33.0,33.0,0.0,0.0,0.0,33.0,0.0
uw10814593,203.0,203.0,203.0,203.0,203.0,203.0,203.0
uw10817968,217.0,217.0,217.0,217.0,217.0,217.0,217.0
uw10818908,206.0,206.0,206.0,206.0,206.0,206.0,206.0
uw10821183,1.0,1.0,7.0,7.0,7.0,28.0,7.0
uw10821213,56.0,56.0,56.0,56.0,56.0,56.0,56.0
uw10821438,1.0,1.0,7.0,7.0,7.0,28.0,7.0
uw10821763,1.0,1.0,7.0,7.0,7.0,28.0,7.0
uw10822453,13.0,13.0,13.0,13.0,13.0,6.0,13.0
uw10823298,48.0,48.0,48.0,48.0,48.0,48.0,48.0
uw10824703,236.0,236.0,236.0,236.0,236.0,236.0,236.0
uw10828173,56.0,56.0,56.0,56.0,56.0,56.0,56.0
uw10828513,56.0,56.0,56.0,56.0,56.0,56.0,56.0
uw10830363,108.0,108.0,108.0,108.0,108.0,108.0,108.0
uw10832803,69.0,69.0,69.0,69.0,69.0,69.0,69.0
uw10834223,38.0,38.0,38.0,38.0,38.0,38.0,38.0
uw60046613,46.0,46.0,46.0,46.0,46.0,46.0,46.0
uw60126908,24.0,24.0,24.0,24.0,24.0,24.0,24.0
uw60394682,183.0,183.0,183.0,183.0,183.0,183.0,183.0
uw60423002,184.0,184.0,184.0,184.0,184.0,184.0,184.0
uw60431962,102.0,102.0,102.0,102.0,102.0,102.0,102.0
uw60463647,53.0,53.0,53.0,53.0,53.0,53.0,53.0
uw60493937,254.0,254.0,254.0,254.0,254.0,254.0,254.0
uw60494821,268.0,268.0,268.0,268.0,268.0,268.0,268.0
uw60503761,120.0,120.0,120.0,120.0,120.0,120.0,120.0
uw60593167,225.0,225.0,225.0,225.0,225.0,225.0,225.0
uw60689186,264.0,264.0,264.0,264.0,264.0,264.0,264.0
uw60714901,46.0,46.0,46.0,46.0,46.0,46.0,46.0
uw60738461,252.0,252.0,252.0,252.0,252.0,252.0,252.0
uw60805386,133.0,133.0,133.0,133.0,133.0,133.0,133.0
uw60865751,125.0,125.0,125.0,125.0,125.0,125.0,125.0
uw60870916,4.0,4.0,4.0,4.0,4.0,20.0,4.0
uw60892982,79.0,79.0,79.0,79.0,79.0,79.0,79.0
uw60914762,46.0,46.0,46.0,46.0,46.0,46.0,46.0
uw60917886,1.0,1.0,7.0,7.0,7.0,28.0,7.0
uw61035442,1.0,1.0,7.0,7.0,7.0,28.0,7.0
uw61040817,99.0,99.0,99.0,99.0,99.0,99.0,99.0
uw61057012,19.0,19.0,19.0,19.0,19.0,19.0,19.0
uw61057017,19.0,19.0,19.0,19.0,19.0,19.0,19.0
uw61128502,113.0,113.0,113.0,113.0,113.0,113.0,113.0
uw61138827,1.0,1.0,7.0,7.0,7.0,28.0,7.0
uw61138927,1.0,1.0,7.0,7.0,7.0,28.0,7.0
uw61140572,1.0,1.0,7.0,7.0,7.0,28.0,7.0
uw61141292,1.0,1.0,7.0,7.0,7.0,28.0,7.0
uw61141477,1.0,1.0,7.0,7.0,7.0,28.0,7.0
uw61142277,1.0,1.0,7.0,7.0,7.0,28.0,7.0
uw61164037,85.0,85.0,85.0,85.0,85.0,85.0,85.0
uw61164052,24.0,24.0,24.0,24.0,24.0,24.0,24.0
uw61165421,1.0,1.0,7.0,7.0,7.0,28.0,7.0
uw61166207,24.0,24.0,24.0,24.0,24.0,24.0,24.0
uw61177051,24.0,24.0,24.0,24.0,24.0,24.0,24.0
uw61177056,24.0,24.0,24.0,24.0,24.0,24.0,24.0
uw61177151,24.0,24.0,24.0,24.0,24.0,24.0,24.0
uw61204172,250.0,250.0,250.0,250.0,250.0,250.0,250.0
uw61225026,6.0,6.0,6.0,6.0,6.0,2.0,6.0
uw61274886,118.0,118.0,118.0,118.0,118.0,118.0,118.0
uw61275336,118.0,118.0,118.0,118.0,118.0,118.0,118.0
uw61275716,118.0,118.0,118.0,118.0,118.0,118.0,118.0
uw61276562,1.0,1.0,7.0,7.0,7.0,28.0,7.0
uw61278762,1.0,1.0,7.0,7.0,7.0,28.0,7.0
uw61280137,111.0,111.0,111.0,111.0,111.0,111.0,111.0
uw61280762,1.0,1.0,7.0,7.0,7.0,28.0,7.0
uw61292127,28.0,28.0,28.0,28.0,28.0,13.0,28.0
uw61294181,1.0,1.0,7.0,7.0,7.0,28.0,7.0
uw61294471,1.0,1.0,7.0,7.0,7.0,28.0,7.0
uw61314607,51.0,51.0,51.0,51.0,51.0,51.0,51.0
uw61314677,51.0,51.0,51.0,51.0,51.0,51.0,51.0
uw61314692,51.0,51.0,51.0,51.0,51.0,51.0,51.0
uw61344922,2.0,2.0,2.0,2.0,2.0,0.0,2.0
uw61345147,28.0,28.0,28.0,28.0,28.0,13.0,28.0
uw61360776,0.0,0.0,3.0,3.0,3.0,10.0,3.0
uw61367806,116.0,116.0,116.0,116.0,116.0,116.0,116.0
uw61389891,4.0,4.0,4.0,4.0,4.0,20.0,4.0
uw61404896,1.0,1.0,7.0,7.0,7.0,28.0,7.0
uw61410997,1.0,1.0,7.0,7.0,7.0,28.0,7.0
uw61414686,1.0,1.0,7.0,7.0,7.0,28.0,7.0
uw61500398,1.0,1.0,7.0,7.0,7.0,28.0,7.0
uw61501233,1.0,1.0,7.0,7.0,7.0,28.0,7.0
uw61501723,1.0,1.0,7.0,7.0,7.0,28.0,7.0
uw61501833,1.0,1.0,7.0,7.0,7.0,28.0,7.0
uw61503063,1.0,1.0,7.0,7.0,7.0,28.0,7.0
uw61503588,1.0,1.0,7.0,7.0,7.0,28.0,7.0
uw61518232,91.0,91.0,91.0,91.0,91.0,91.0,91.0
uw61528601,1.0,1.0,7.0,7.0,7.0,28.0,7.0
uw61541011,126.0,126.0,126.0,126.0,126.0,126.0,126.0
uw61541021,126.0,126.0,126.0,126.0,126.0,126.0,126.0
uw61541216,126.0,126.0,126.0,126.0,126.0,126.0,126.0
uw61613892,128.0,128.0,128.0,128.0,128.0,128.0,128.0
uw61637576,109.0,109.0,109.0,109.0,109.0,109.0,109.0
uw61653141,93.0,93.0,93.0,93.0,93.0,93.0,93.0
uw61663902,100.0,100.0,100.0,100.0,100.0,100.0,100.0
uw61682031,119.0,119.0,119.0,119.0,119.0,119.0,119.0
uw61682971,28.0,28.0,28.0,28.0,28.0,13.0,28.0
uw61684702,149.0,149.0,149.0,149.0,149.0,149.0,149.0
uw61686821,42.0,42.0,42.0,42.0,42.0,42.0,42.0
uw61693212,73.0,73.0,73.0,73.0,73.0,73.0,73.0
uw61754166,1.0,1.0,7.0,7.0,7.0,28.0,7.0
uw61766966,1.0,1.0,7.0,7.0,7.0,28.0,7.0
uw61776202,1.0,1.0,7.0,7.0,7.0,28.0,7.0
uw61777551,45.0,45.0,45.0,45.0,45.0,45.0,45.0
uw61777751,101.0,101.0,101.0,101.0,101.0,101.0,101.0
uw61778377,1.0,1.0,7.0,7.0,7.0,138.0,7.0
uw61785317,1.0,1.0,7.0,7.0,7.0,28.0,7.0
uw61786522,1.0,1.0,7.0,7.0,7.0,28.0,7.0
uw61788642,1.0,1.0,7.0,7.0,7.0,28.0,7.0
uw61789482,1.0,1.0,7.0,7.0,7.0,28.0,7.0
uw61790602,1.0,1.0,7.0,7.0,7.0,28.0,7.0
uw61791846,1.0,1.0,7.0,7.0,7.0,28.0,7.0
uw61798331,136.0,136.0,136.0,136.0,136.0,136.0,136.0
uw61798666,1.0,1.0,7.0,7.0,7.0,28.0,7.0
uw61800106,1.0,1.0,7.0,7.0,7.0,28.0,7.0
uw61801236,1.0,1.0,7.0,7.0,7.0,28.0,7.0
uw61802006,1.0,1.0,7.0,7.0,7.0,28.0,7.0
uw61802931,1.0,1.0,7.0,7.0,7.0,28.0,7.0
uw61820746,103.0,103.0,103.0,103.0,103.0,103.0,103.0
uw61821736,27.0,27.0,27.0,27.0,27.0,27.0,27.0
uw61822386,27.0,27.0,27.0,27.0,27.0,27.0,27.0
uw61822721,170.0,170.0,170.0,170.0,170.0,170.0,170.0
uw61834661,127.0,127.0,127.0,127.0,127.0,127.0,127.0
uw61844292,1.0,1.0,7.0,7.0,7.0,28.0,7.0
uw61848577,1.0,1.0,7.0,7.0,7.0,28.0,7.0
uw61849882,1.0,1.0,7.0,7.0,7.0,28.0,7.0
uw61851207,1.0,1.0,7.0,7.0,7.0,28.0,7.0
uw61852817,1.0,1.0,7.0,7.0,7.0,28.0,7.0
uw61856207,1.0,1.0,7.0,7.0,7.0,28.0,7.0
uw61856452,1.0,1.0,7.0,7.0,7.0,28.0,7.0
uw61857632,1.0,1.0,7.0,7.0,7.0,28.0,7.0
uw61859502,1.0,1.0,7.0,7.0,7.0,28.0,7.0
uw61859577,1.0,1.0,7.0,7.0,7.0,28.0,7.0
uw61859667,1.0,1.0,7.0,7.0,7.0,28.0,7.0
uw61859687,1.0,1.0,7.0,7.0,7.0,28.0,7.0
uw61859842,1.0,1.0,7.0,7.0,7.0,28.0,7.0
uw61860362,1.0,1.0,7.0,7.0,7.0,28.0,7.0
uw61860482,270.0,270.0,270.0,270.0,270.0,270.0,270.0
uw61860777,1.0,1.0,7.0,7.0,7.0,28.0,7.0
uw61860987,1.0,1.0,7.0,7.0,7.0,28.0,7.0
uw61861017,1.0,1.0,7.0,7.0,7.0,28.0,7.0
uw61861227,1.0,1.0,7.0,7.0,7.0,28.0,7.0
uw61862097,233.0,233.0,233.0,233.0,233.0,233.0,233.0
uw61862176,1.0,1.0,7.0,7.0,7.0,28.0,7.0
uw61862327,1.0,1.0,7.0,7.0,7.0,28.0,7.0
uw61862602,1.0,1.0,7.0,7.0,7.0,28.0,7.0
uw61863091,1.0,1.0,7.0,7.0,7.0,28.0,7.0
uw61863097,1.0,1.0,7.0,7.0,7.0,28.0,7.0
uw61863737,1.0,1.0,7.0,7.0,7.0,28.0,7.0
uw61865167,110.0,110.0,110.0,110.0,110.0,110.0,110.0
uw61865502,1.0,1.0,7.0,7.0,7.0,28.0,7.0
uw61866492,1.0,1.0,7.0,7.0,7.0,28.0,7.0
uw61866727,1.0,1.0,7.0,7.0,7.0,28.0,7.0
uw61866796,1.0,1.0,7.0,7.0,7.0,28.0,7.0
uw61866942,1.0,1.0,7.0,7.0,7.0,28.0,7.0
uw61867051,1.0,1.0,7.0,7.0,7.0,28.0,7.0
uw61867296,1.0,1.0,7.0,7.0,7.0,28.0,7.0
uw61868306,1.0,1.0,7.0,7.0,7.0,28.0,7.0
uw61868542,1.0,1.0,7.0,7.0,7.0,28.0,7.0
uw61869422,1.0,1.0,7.0,7.0,7.0,28.0,7.0
uw61869727,1.0,1.0,7.0,7.0,7.0,28.0,7.0
uw61873091,1.0,1.0,7.0,7.0,7.0,28.0,7.0
uw61873236,1.0,1.0,7.0,7.0,7.0,28.0,7.0
uw61874742,1.0,1.0,7.0,7.0,7.0,28.0,7.0
uw61875892,1.0,1.0,7.0,7.0,7.0,28.0,7.0
uw61876216,1.0,1.0,7.0,7.0,7.0,28.0,7.0
uw61876392,1.0,1.0,7.0,7.0,7.0,28.0,7.0
uw61876681,1.0,1.0,7.0,7.0,7.0,28.0,7.0
uw61877282,1.0,1.0,7.0,7.0,7.0,28.0,7.0
uw61877912,1.0,1.0,7.0,7.0,7.0,28.0,7.0
uw61879371,1.0,1.0,7.0,7.0,7.0,28.0,7.0
uw61879811,1.0,1.0,7.0,7.0,7.0,28.0,7.0
uw61881046,1.0,1.0,7.0,7.0,7.0,28.0,7.0
uw61888711,1.0,1.0,7.0,7.0,7.0,28.0,7.0
uw61904006,112.0,112.0,112.0,112.0,112.0,112.0,112.0
uw61915302,49.0,49.0,49.0,49.0,49.0,49.0,49.0
uw61915501,168.0,168.0,168.0,168.0,168.0,168.0,168.0
uw61916791,87.0,87.0,87.0,87.0,87.0,87.0,87.0
uw61916907,1.0,1.0,7.0,7.0,7.0,28.0,7.0
uw61916917,1.0,1.0,7.0,7.0,7.0,28.0,7.0
uw61918807,1.0,1.0,7.0,7.0,7.0,28.0,7.0
uw61918902,1.0,1.0,7.0,7.0,7.0,28.0,7.0
uw61919977,1.0,1.0,7.0,7.0,7.0,28.0,7.0
uw61926831,1.0,1.0,7.0,7.0,7.0,28.0,7.0
uw61927067,1.0,1.0,7.0,7.0,7.0,28.0,7.0
uw61927191,1.0,1.0,7.0,7.0,7.0,28.0,7.0
uw61928807,1.0,1.0,7.0,7.0,7.0,28.0,7.0
uw61929966,1.0,1.0,7.0,7.0,7.0,28.0,7.0
uw61930561,72.0,72.0,72.0,72.0,72.0,72.0,72.0
uw61930856,1.0,1.0,7.0,7.0,7.0,28.0,7.0
uw61931676,76.0,76.0,76.0,76.0,76.0,76.0,76.0
uw61931867,1.0,1.0,7.0,7.0,7.0,28.0,7.0
uw61932341,1.0,1.0,7.0,7.0,7.0,28.0,7.0
uw61932342,1.0,1.0,7.0,7.0,7.0,28.0,7.0
uw61933001,1.0,1.0,7.0,7.0,7.0,28.0,7.0
uw61933037,1.0,1.0,7.0,7.0,7.0,28.0,7.0
uw61933492,1.0,1.0,7.0,7.0,7.0,28.0,7.0
uw61935041,1.0,1.0,7.0,7.0,7.0,28.0,7.0
uw61936237,80.0,80.0,80.0,80.0,80.0,80.0,80.0
uw61936556,1.0,1.0,7.0,7.0,7.0,28.0,7.0
uw61936986,1.0,1.0,7.0,7.0,7.0,28.0,7.0
uw61937302,59.0,59.0,59.0,59.0,59.0,59.0,59.0
uw61937306,35.0,35.0,35.0,35.0,35.0,35.0,35.0
uw61937357,1.0,1.0,7.0,7.0,7.0,28.0,7.0
uw61937972,1.0,1.0,7.0,7.0,7.0,28.0,7.0
uw61938077,21.0,21.0,21.0,21.0,21.0,21.0,21.0
uw61938222,1.0,1.0,7.0,7.0,7.0,28.0,7.0
uw61938237,21.0,21.0,21.0,21.0,21.0,21.0,21.0
uw61938266,1.0,1.0,7.0,7.0,7.0,28.0,7.0
uw61938537,21.0,21.0,21.0,21.0,21.0,21.0,21.0
uw61938557,21.0,21.0,21.0,21.0,21.0,21.0,21.0
uw61938606,1.0,1.0,7.0,7.0,7.0,28.0,7.0
uw61938787,1.0,1.0,7.0,7.0,7.0,28.0,7.0
uw61939222,1.0,1.0,7.0,7.0,7.0,28.0,7.0
uw61939242,20.0,20.0,20.0,20.0,20.0,9.0,20.0
uw61939256,1.0,1.0,7.0,7.0,7.0,28.0,7.0
uw61939941,1.0,1.0,7.0,7.0,7.0,28.0,7.0
uw61940602,1.0,1.0,7.0,7.0,7.0,28.0,7.0
uw61940977,1.0,1.0,7.0,7.0,7.0,28.0,7.0
uw61941392,1.0,1.0,7.0,7.0,7.0,28.0,7.0
uw61941587,1.0,1.0,7.0,7.0,7.0,28.0,7.0
uw61941657,20.0,20.0,20.0,20.0,20.0,9.0,20.0
uw61941817,1.0,1.0,7.0,7.0,7.0,28.0,7.0
uw61942152,1.0,1.0,7.0,7.0,7.0,28.0,7.0
uw61942576,34.0,34.0,34.0,34.0,34.0,34.0,34.0
uw61942752,1.0,1.0,7.0,7.0,7.0,28.0,7.0
uw61942861,1.0,1.0,7.0,7.0,7.0,28.0,7.0
uw61943037,1.0,1.0,7.0,7.0,7.0,28.0,7.0
uw61943217,1.0,1.0,7.0,7.0,7.0,28.0,7.0
uw61943246,1.0,1.0,7.0,7.0,7.0,28.0,7.0
uw61943572,1.0,1.0,7.0,7.0,7.0,28.0,7.0
uw61943701,1.0,1.0,7.0,7.0,7.0,28.0,7.0
uw61944311,1.0,1.0,7.0,7.0,7.0,28.0,7.0
uw61944556,1.0,1.0,7.0,7.0,7.0,28.0,7.0
uw61945642,1.0,1.0,7.0,7.0,7.0,28.0,7.0
uw61947442,1.0,1.0,7.0,7.0,7.0,28.0,7.0
uw61947572,1.0,1.0,7.0,7.0,7.0,28.0,7.0
uw61949892,1.0,1.0,7.0,7.0,7.0,28.0,7.0
uw61953621,1.0,1.0,7.0,7.0,7.0,28.0,7.0
uw61953862,1.0,1.0,7.0,7.0,7.0,28.0,7.0
uw61954101,1.0,1.0,7.0,7.0,7.0,28.0,7.0
uw61956746,1.0,1.0,7.0,7.0,7.0,28.0,7.0
uw61957006,1.0,1.0,7.0,7.0,7.0,28.0,7.0
uw61957101,1.0,1.0,7.0,7.0,7.0,28.0,7.0
uw61957606,194.0,194.0,194.0,194.0,194.0,194.0,194.0
uw61958071,1.0,1.0,7.0,7.0,7.0,28.0,7.0
uw61958472,1.0,1.0,7.0,7.0,7.0,28.0,7.0
uw61960237,1.0,1.0,7.0,7.0,7.0,28.0,7.0
uw61960561,1.0,1.0,7.0,7.0,7.0,28.0,7.0
uw61961741,1.0,1.0,7.0,7.0,7.0,28.0,7.0
uw61963166,1.0,1.0,7.0,7.0,7.0,28.0,7.0
uw61964291,1.0,1.0,7.0,7.0,7.0,28.0,7.0
uw61964706,1.0,1.0,7.0,7.0,7.0,28.0,7.0
uw61964861,182.0,182.0,182.0,182.0,182.0,182.0,182.0
uw61965106,1.0,1.0,7.0,7.0,7.0,28.0,7.0
uw61965641,1.0,1.0,7.0,7.0,7.0,28.0,7.0
uw61965646,1.0,1.0,7.0,7.0,7.0,28.0,7.0
uw61966522,1.0,1.0,7.0,7.0,7.0,28.0,7.0
uw61971021,1.0,1.0,7.0,7.0,7.0,28.0,7.0
uw61971676,1.0,1.0,7.0,7.0,7.0,28.0,7.0
uw61972281,1.0,1.0,7.0,7.0,7.0,28.0,7.0
uw61980231,1.0,1.0,7.0,7.0,7.0,28.0,7.0
uw61980642,1.0,1.0,7.0,7.0,7.0,28.0,7.0
uw61980686,1.0,1.0,7.0,7.0,7.0,28.0,7.0
uw61981506,1.0,1.0,7.0,7.0,7.0,28.0,7.0
uw61983091,1.0,1.0,7.0,7.0,7.0,28.0,7.0
uw61984826,1.0,1.0,7.0,7.0,7.0,28.0,7.0
uw61985207,1.0,1.0,7.0,7.0,7.0,28.0,7.0
uw61987246,1.0,1.0,7.0,7.0,7.0,28.0,7.0
uw61987907,1.0,1.0,7.0,7.0,7.0,28.0,7.0
uw61990451,1.0,1.0,7.0,7.0,7.0,28.0,7.0
uw61991956,1.0,1.0,7.0,7.0,7.0,28.0,7.0
uw61994347,1.0,1.0,7.0,7.0,7.0,28.0,7.0
uw61996302,1.0,1.0,7.0,7.0,7.0,28.0,7.0
uw61996422,88.0,88.0,88.0,88.0,88.0,88.0,88.0
uw61996817,130.0,130.0,130.0,130.0,130.0,130.0,130.0
uw61997621,1.0,1.0,7.0,7.0,7.0,28.0,7.0
uw61998902,96.0,96.0,96.0,96.0,96.0,96.0,96.0
uw61999162,1.0,1.0,7.0,7.0,7.0,28.0,7.0
uw61999706,63.0,63.0,63.0,63.0,63.0,63.0,63.0
uw62005052,1.0,1.0,7.0,7.0,7.0,28.0,7.0
uw62005492,1.0,1.0,7.0,7.0,7.0,28.0,7.0
uw62006457,1.0,1.0,7.0,7.0,7.0,28.0,7.0
uw62006687,1.0,1.0,7.0,7.0,7.0,28.0,7.0
uw62007192,1.0,1.0,7.0,7.0,7.0,28.0,7.0
uw62008052,1.0,1.0,7.0,7.0,7.0,28.0,7.0
uw62008057,1.0,1.0,7.0,7.0,7.0,28.0,7.0
uw62008072,83.0,83.0,83.0,83.0,83.0,83.0,83.0
uw62008611,238.0,238.0,238.0,238.0,238.0,238.0,238.0
uw62008936,1.0,1.0,7.0,7.0,7.0,28.0,7.0
uw62010547,121.0,121.0,121.0,121.0,121.0,121.0,121.0
uw62011227,1.0,1.0,7.0,7.0,7.0,28.0,7.0
uw62011702,1.0,1.0,7.0,7.0,7.0,28.0,7.0
uw62013312,1.0,1.0,7.0,7.0,7.0,28.0,7.0
uw62013477,1.0,1.0,7.0,7.0,7.0,28.0,7.0
uw62015567,1.0,1.0,7.0,7.0,7.0,28.0,7.0
uw62016182,1.0,1.0,7.0,7.0,7.0,28.0,7.0
uw62016442,1.0,1.0,7.0,7.0,7.0,28.0,7.0
uw62016452,1.0,1.0,7.0,7.0,7.0,28.0,7.0
uw62016661,1.0,1.0,7.0,7.0,7.0,28.0,7.0
uw62016707,1.0,1.0,7.0,7.0,7.0,28.0,7.0
uw62017076,1.0,1.0,7.0,7.0,7.0,28.0,7.0
uw62017166,117.0,117.0,117.0,117.0,117.0,117.0,117.0
uw62017242,1.0,1.0,7.0,7.0,7.0,28.0,7.0
uw62017411,1.0,1.0,7.0,7.0,7.0,28.0,7.0
uw62017631,16.0,16.0,16.0,16.0,16.0,16.0,16.0
uw62017652,1.0,1.0,7.0,7.0,7.0,28.0,7.0
uw62017692,1.0,1.0,7.0,7.0,7.0,28.0,7.0
uw62017961,1.0,1.0,7.0,7.0,7.0,28.0,7.0
uw62018016,16.0,16.0,16.0,16.0,16.0,16.0,16.0
uw62018061,1.0,1.0,7.0,7.0,7.0,28.0,7.0
uw62018251,16.0,16.0,16.0,16.0,16.0,16.0,16.0
uw62019971,1.0,1.0,7.0,7.0,7.0,28.0,7.0
uw62020311,1.0,1.0,7.0,7.0,7.0,28.0,7.0
uw62020652,1.0,1.0,7.0,7.0,7.0,28.0,7.0
uw62020701,1.0,1.0,7.0,7.0,7.0,28.0,7.0
uw62020992,1.0,1.0,7.0,7.0,7.0,137.0,7.0
uw62021127,1.0,1.0,7.0,7.0,7.0,28.0,7.0
uw62021487,1.0,1.0,7.0,7.0,7.0,28.0,7.0
uw62021677,1.0,1.0,7.0,7.0,7.0,28.0,7.0
uw62022022,1.0,1.0,7.0,7.0,7.0,28.0,7.0
uw62022057,1.0,1.0,7.0,7.0,7.0,28.0,7.0
uw62022091,1.0,1.0,7.0,7.0,7.0,28.0,7.0
uw62023161,132.0,132.0,132.0,132.0,132.0,132.0,132.0
uw62026086,1.0,1.0,7.0,7.0,7.0,28.0,7.0
uw62026491,135.0,135.0,67.0,67.0,67.0,135.0,67.0
uw62026781,1.0,1.0,7.0,7.0,7.0,28.0,7.0
uw62027116,1.0,1.0,7.0,7.0,7.0,28.0,7.0
uw62027401,1.0,1.0,7.0,7.0,7.0,28.0,7.0
uw62027632,1.0,1.0,7.0,7.0,7.0,28.0,7.0
uw62027751,1.0,1.0,7.0,7.0,7.0,28.0,7.0
uw62028137,1.0,1.0,7.0,7.0,7.0,28.0,7.0
uw62030321,1.0,1.0,7.0,7.0,7.0,28.0,7.0
uw62030431,1.0,1.0,7.0,7.0,7.0,28.0,7.0
uw62030706,1.0,1.0,7.0,7.0,7.0,28.0,7.0
uw62030796,234.0,234.0,234.0,234.0,234.0,234.0,234.0
uw62031041,1.0,1.0,7.0,7.0,7.0,28.0,7.0
uw62031731,1.0,1.0,7.0,7.0,7.0,28.0,7.0
uw62032596,1.0,1.0,7.0,7.0,7.0,28.0,7.0
uw62032771,1.0,1.0,7.0,7.0,7.0,28.0,7.0
uw62033171,1.0,1.0,7.0,7.0,7.0,28.0,7.0
uw62033951,1.0,1.0,7.0,7.0,7.0,28.0,7.0
uw62034471,1.0,1.0,7.0,7.0,7.0,28.0,7.0
uw62034766,1.0,1.0,7.0,7.0,7.0,28.0,7.0
uw62034956,1.0,1.0,7.0,7.0,7.0,28.0,7.0
uw62035161,1.0,1.0,7.0,7.0,7.0,28.0,7.0
uw62036681,1.0,1.0,7.0,7.0,7.0,28.0,7.0
uw62036781,16.0,16.0,16.0,16.0,16.0,16.0,16.0
uw62036811,1.0,1.0,7.0,7.0,7.0,28.0,7.0
uw62037421,16.0,16.0,16.0,16.0,16.0,16.0,16.0
uw62037542,1.0,1.0,7.0,7.0,7.0,28.0,7.0
uw62038316,16.0,16.0,16.0,16.0,16.0,16.0,16.0
uw62039171,1.0,1.0,7.0,7.0,7.0,28.0,7.0
uw62039841,1.0,1.0,7.0,7.0,7.0,28.0,7.0
uw62039881,1.0,1.0,7.0,7.0,7.0,28.0,7.0
uw62040276,1.0,1.0,7.0,7.0,7.0,28.0,7.0
uw62040401,1.0,1.0,7.0,7.0,7.0,28.0,7.0
uw62041081,1.0,1.0,7.0,7.0,7.0,28.0,7.0
uw62041616,1.0,1.0,7.0,7.0,7.0,28.0,7.0
uw62041881,1.0,1.0,7.0,7.0,7.0,28.0,7.0
uw62042352,1.0,1.0,7.0,7.0,7.0,28.0,7.0
uw62042451,1.0,1.0,7.0,7.0,7.0,28.0,7.0
uw62042596,1.0,1.0,7.0,7.0,7.0,28.0,7.0
uw62042776,1.0,1.0,7.0,7.0,7.0,28.0,7.0
uw62043231,1.0,1.0,7.0,7.0,7.0,28.0,7.0
uw62043412,131.0,131.0,131.0,131.0,131.0,131.0,131.0
uw62043717,1.0,1.0,7.0,7.0,7.0,28.0,7.0
uw62043736,1.0,1.0,7.0,7.0,7.0,28.0,7.0
uw62044186,1.0,1.0,7.0,7.0,7.0,28.0,7.0
uw62044371,1.0,1.0,7.0,7.0,7.0,28.0,7.0
uw62044871,1.0,1.0,7.0,7.0,7.0,28.0,7.0
uw62045106,54.0,54.0,54.0,54.0,54.0,54.0,54.0
uw62045207,1.0,1.0,7.0,7.0,7.0,28.0,7.0
uw62045242,74.0,74.0,74.0,74.0,74.0,74.0,74.0
uw62045406,1.0,1.0,7.0,7.0,7.0,28.0,7.0
uw62048341,1.0,1.0,7.0,7.0,7.0,28.0,7.0
uw62048931,1.0,1.0,7.0,7.0,7.0,28.0,7.0
uw62049362,1.0,1.0,7.0,7.0,7.0,28.0,7.0
uw62049537,37.0,37.0,37.0,37.0,37.0,37.0,37.0
uw62049551,1.0,1.0,7.0,7.0,7.0,28.0,7.0
uw62049821,1.0,1.0,7.0,7.0,7.0,28.0,7.0
uw62050116,1.0,1.0,7.0,7.0,7.0,28.0,7.0
uw62051272,60.0,60.0,60.0,60.0,60.0,60.0,60.0
uw62053286,65.0,65.0,65.0,65.0,65.0,65.0,65.0
uw62053891,1.0,1.0,7.0,7.0,7.0,28.0,7.0
uw62054111,26.0,26.0,26.0,26.0,26.0,26.0,26.0
uw62054486,1.0,1.0,7.0,7.0,7.0,28.0,7.0
uw62055581,1.0,1.0,7.0,7.0,7.0,28.0,7.0
uw62055756,1.0,1.0,7.0,7.0,7.0,28.0,7.0
uw62055956,1.0,1.0,7.0,7.0,7.0,28.0,7.0
uw62056111,1.0,1.0,7.0,7.0,7.0,28.0,7.0
uw62056731,1.0,1.0,7.0,7.0,7.0,28.0,7.0
uw62057241,1.0,1.0,7.0,7.0,7.0,28.0,7.0
uw62058396,1.0,1.0,7.0,7.0,7.0,28.0,7.0
uw62059087,1.0,1.0,7.0,7.0,7.0,28.0,7.0
uw62059336,1.0,1.0,7.0,7.0,7.0,28.0,7.0
uw62060057,1.0,1.0,7.0,7.0,7.0,28.0,7.0
uw62060631,1.0,1.0,7.0,7.0,7.0,28.0,7.0
uw62060642,1.0,1.0,7.0,7.0,7.0,28.0,7.0
uw62060847,1.0,1.0,7.0,7.0,7.0,28.0,7.0
uw62061241,1.0,1.0,7.0,7.0,7.0,28.0,7.0
uw62061261,1.0,1.0,7.0,7.0,7.0,28.0,7.0
uw62061782,1.0,1.0,7.0,7.0,7.0,28.0,7.0
uw62062282,134.0,134.0,134.0,134.0,134.0,134.0,134.0
uw62063601,1.0,1.0,7.0,7.0,7.0,28.0,7.0
uw62064867,39.0,39.0,39.0,39.0,39.0,39.0,39.0
uw62064972,1.0,1.0,7.0,7.0,7.0,28.0,7.0
uw62065416,1.0,1.0,7.0,7.0,7.0,28.0,7.0
uw62066576,1.0,1.0,7.0,7.0,7.0,28.0,7.0
uw62067067,1.0,1.0,7.0,7.0,7.0,28.0,7.0
uw62071251,1.0,1.0,7.0,7.0,7.0,28.0,7.0
uw62072261,1.0,1.0,7.0,7.0,7.0,28.0,7.0
uw62072461,1.0,1.0,7.0,7.0,7.0,28.0,7.0
uw62076596,230.0,230.0,230.0,230.0,230.0,230.0,230.0
uw62076791,64.0,64.0,64.0,64.0,64.0,64.0,64.0
