2009-01-02 18:41:26.099700, MBW EHZ UW 01, baker0
2009-01-03 20:54:52.001300, MBW EHZ UW 01, baker0
2009-01-08 00:08:02.620400, MBW EHZ UW 01, baker1
2009-01-08 00:08:25.150400, MBW EHZ UW 01, baker1
2009-03-18 06:44:15.570300, MBW EHZ UW 01, baker2
2009-03-18 12:25:00.630300, MBW EHZ UW 01, baker2
2009-03-19 09:21:55.510600, MBW EHZ UW 01, baker2
2009-03-30 02:44:26.170900, MBW EHZ UW 01, baker3
2009-03-30 03:34:28.550400, MBW EHZ UW 01, baker3
2009-04-08 12:40:36.250400, MBW EHZ UW 01, baker4
2009-04-08 13:09:03.293300, MBW EHZ UW 01, baker4
2009-04-09 10:37:36.460100, MBW EHZ UW 01, baker5
2009-04-09 10:45:09.310100, MBW EHZ UW 01, baker5
2009-04-09 11:41:14.621000, MBW EHZ UW 01, baker5
2009-04-09 13:13:42.547700, MBW EHZ UW 01, baker5
2009-04-09 19:41:19.670200, MBW EHZ UW 01, baker5
2009-04-09 20:11:18.060000, MBW EHZ UW 01, baker5
2009-04-09 21:00:51.340600, MBW EHZ UW 01, baker5
2009-04-09 21:21:36.200600, MBW EHZ UW 01, baker5
2009-04-10 02:27:58.011100, MBW EHZ UW 01, baker5
2009-04-10 05:26:34.755100, MBW EHZ UW 01, baker5
2009-04-10 05:31:44.165100, MBW EHZ UW 01, baker5
2009-04-10 06:38:59.500800, MBW EHZ UW 01, baker5
2009-04-11 07:20:20.250400, MBW EHZ UW 01, baker5
2009-04-11 07:47:26.770400, MBW EHZ UW 01, baker5
2009-04-11 11:18:21.950600, MBW EHZ UW 01, baker5
2009-04-12 05:53:13.821100, MBW EHZ UW 01, baker5
2009-04-12 13:41:22.171300, MBW EHZ UW 01, baker5
2009-04-12 13:51:05.881300, MBW EHZ UW 01, baker5
2009-04-15 01:16:47.931100, MBW EHZ UW 01, baker5
2009-04-17 14:49:07.681300, MBW EHZ UW 01, baker5
2009-04-19 21:27:54.131300, MBW EHZ UW 01, baker5
2009-04-09 12:21:50.470100, MBW EHZ UW 01, baker6
2009-04-09 13:30:13.717700, MBW EHZ UW 01, baker6
2009-04-09 17:15:36.000100, MBW EHZ UW 01, baker6
2009-04-09 22:41:32.510000, MBW EHZ UW 01, baker6
2009-04-10 11:16:03.091100, MBW EHZ UW 01, baker6
2009-04-11 18:40:05.938800, MBW EHZ UW 01, baker7
2009-04-12 13:31:45.161300, MBW EHZ UW 01, baker7
2009-04-12 18:27:19.890100, MBW EHZ UW 01, baker7
2009-04-18 14:35:11.400500, MBW EHZ UW 01, baker7
2009-04-16 01:36:41.620300, MBW EHZ UW 01, baker8
2009-04-17 10:20:25.440200, MBW EHZ UW 01, baker8
2009-05-01 13:31:49.144900, MBW EHZ UW 01, baker9
2009-05-01 15:14:54.790900, MBW EHZ UW 01, baker9
2009-05-21 05:21:13.710600, MBW EHZ UW 01, baker9
2015-03-07 10:21:55.480009, MBW EHZ UW 01, baker9
2015-03-07 11:14:19.359691, MBW EHZ UW 01, baker9
2009-05-15 05:27:36.211400, MBW EHZ UW 01, baker10
2009-05-15 06:01:16.290100, MBW EHZ UW 01, baker10
2009-09-12 21:26:50.721400, MBW EHZ UW 01, baker10
2009-09-13 19:18:27.230300, MBW EHZ UW 01, baker10
2009-09-25 12:46:57.310000, MBW EHZ UW 01, baker10
2009-06-20 19:46:12.159800, MBW EHZ UW 01, baker11
2009-06-21 03:07:18.390800, MBW EHZ UW 01, baker11
2009-07-02 19:35:15.781100, MBW EHZ UW 01, baker12
2009-07-05 05:19:58.150200, MBW EHZ UW 01, baker12
2009-07-22 17:04:10.570700, MBW EHZ UW 01, baker13
2009-07-25 14:17:30.580500, MBW EHZ UW 01, baker13
2009-07-25 19:59:44.580300, MBW EHZ UW 01, baker13
2009-07-27 12:49:43.630200, MBW EHZ UW 01, baker13
2009-07-29 03:27:40.635000, MBW EHZ UW 01, baker13
2009-07-31 19:01:45.600200, MBW EHZ UW 01, baker13
2009-08-02 16:30:18.128500, MBW EHZ UW 01, baker13
2009-08-03 17:17:52.350500, MBW EHZ UW 01, baker13
2009-08-21 15:25:17.880700, MBW EHZ UW 01, baker13
2009-08-22 16:59:46.680500, MBW EHZ UW 01, baker13
2010-06-30 08:44:53.811100, MBW EHZ UW 01, baker13
2011-07-07 06:15:39.460000, MBW EHZ UW 01, baker13
2011-07-08 17:31:23.519900, MBW EHZ UW 01, baker13
2011-07-09 09:48:06.820000, MBW EHZ UW 01, baker13
2012-07-14 21:39:51.410000, MBW EHZ UW 01, baker13
2014-11-05 08:38:05.420161, MBW EHZ UW 01, baker13
2015-06-28 05:32:24.030007, MBW EHZ UW 01, baker13
2015-06-28 19:20:04.660011, MBW EHZ UW 01, baker13
2015-06-30 07:20:47.210023, MBW EHZ UW 01, baker13
2016-05-14 19:12:04.300008, MBW EHZ UW 01, baker13
2016-05-15 01:31:28.810009, MBW EHZ UW 01, baker13
2016-05-15 18:49:05.560068, MBW EHZ UW 01, baker13
2016-05-19 14:34:49.760228, MBW EHZ UW 01, baker13
2016-05-19 22:46:52.450007, MBW EHZ UW 01, baker13
2016-06-08 13:37:02.210031, MBW EHZ UW 01, baker13
2017-06-19 17:32:11.880000, MBW EHZ UW 01, baker13
2017-06-19 22:49:30.390000, MBW EHZ UW 01, baker13
2017-06-20 09:00:00.950000, MBW EHZ UW 01, baker13
2017-06-23 17:37:12.350000, MBW EHZ UW 01, baker13
2017-06-25 18:20:31.640000, MBW EHZ UW 01, baker13
2017-06-27 15:26:36.850000, MBW EHZ UW 01, baker13
2017-07-01 16:26:00.530000, MBW EHZ UW 01, baker13
2017-07-02 20:22:28.220000, MBW EHZ UW 01, baker13
2018-06-20 07:43:05.900628, MBW EHZ UW 01, baker13
2018-06-30 23:05:09.590012, MBW EHZ UW 01, baker13
2018-07-02 04:43:26.740352, MBW EHZ UW 01, baker13
2018-07-02 19:50:23.210005, MBW EHZ UW 01, baker13
2018-07-06 06:15:58.100435, MBW EHZ UW 01, baker13
2018-07-07 10:25:24.070026, MBW EHZ UW 01, baker13
2018-07-11 22:08:34.950126, MBW EHZ UW 01, baker13
2018-07-26 09:42:11.193118, MBW EHZ UW 01, baker13
2018-07-29 04:45:22.691411, MBW EHZ UW 01, baker13
2018-07-30 17:46:51.201364, MBW EHZ UW 01, baker13
2018-08-02 10:12:03.700002, MBW EHZ UW 01, baker13
2018-08-12 01:08:44.700009, MBW EHZ UW 01, baker13
2018-08-21 17:34:39.940004, MBW EHZ UW 01, baker13
2018-08-22 14:20:42.920143, MBW EHZ UW 01, baker13
2022-06-18 08:39:55.070000, MBW EHZ UW 01, baker13
2022-06-22 11:28:06.200000, MBW EHZ UW 01, baker13
2022-06-23 04:21:26.810000, MBW EHZ UW 01, baker13
2022-06-25 17:56:24.790000, MBW EHZ UW 01, baker13
2022-06-26 11:35:15.630000, MBW EHZ UW 01, baker13
2022-06-28 04:38:55.210000, MBW EHZ UW 01, baker13
2022-06-28 04:39:56.730000, MBW EHZ UW 01, baker13
2022-06-29 03:39:41.720000, MBW EHZ UW 01, baker13
2022-06-30 15:52:32.430000, MBW EHZ UW 01, baker13
2022-07-02 16:06:17.640000, MBW EHZ UW 01, baker13
2022-07-02 22:18:00.680000, MBW EHZ UW 01, baker13
2022-07-03 21:33:45.270000, MBW EHZ UW 01, baker13
2022-07-04 15:12:42.560000, MBW EHZ UW 01, baker13
2022-07-05 23:28:59.730000, MBW EHZ UW 01, baker13
2022-07-06 18:26:52.870000, MBW EHZ UW 01, baker13
2022-07-07 10:41:49.820000, MBW EHZ UW 01, baker13
2022-07-09 09:25:34.960000, MBW EHZ UW 01, baker13
2022-07-10 21:29:11.240000, MBW EHZ UW 01, baker13
2022-07-10 21:30:24.560000, MBW EHZ UW 01, baker13
2022-07-11 00:20:13.490000, MBW EHZ UW 01, baker13
2022-07-12 03:28:02.240000, MBW EHZ UW 01, baker13
2022-07-14 08:06:23.480000, MBW EHZ UW 01, baker13
2022-07-15 11:45:59.130000, MBW EHZ UW 01, baker13
2022-07-16 15:32:46.410000, MBW EHZ UW 01, baker13
2022-07-18 09:49:27.260000, MBW EHZ UW 01, baker13
2022-07-19 07:04:25.990000, MBW EHZ UW 01, baker13
2022-07-20 05:51:49.730000, MBW EHZ UW 01, baker13
2022-07-20 20:31:18.820000, MBW EHZ UW 01, baker13
2022-07-22 02:30:13.140000, MBW EHZ UW 01, baker13
2022-07-22 02:43:09.240000, MBW EHZ UW 01, baker13
2022-07-24 14:50:27.690000, MBW EHZ UW 01, baker13
2022-07-24 17:22:06.020000, MBW EHZ UW 01, baker13
2022-07-25 11:05:32.200000, MBW EHZ UW 01, baker13
2022-07-25 18:03:29.690000, MBW EHZ UW 01, baker13
2022-07-27 14:32:42.770000, MBW EHZ UW 01, baker13
2022-07-27 16:46:50.360000, MBW EHZ UW 01, baker13
2022-07-28 10:10:18.280000, MBW EHZ UW 01, baker13
2022-07-28 10:13:48.840000, MBW EHZ UW 01, baker13
2022-07-29 07:36:11.830000, MBW EHZ UW 01, baker13
2022-07-29 09:11:47.760000, MBW EHZ UW 01, baker13
2022-07-30 00:37:41.180000, MBW EHZ UW 01, baker13
2022-07-30 00:39:23.280000, MBW EHZ UW 01, baker13
2022-07-30 17:39:02.610000, MBW EHZ UW 01, baker13
2022-08-01 07:58:42.730000, MBW EHZ UW 01, baker13
2022-08-01 19:49:18.080000, MBW EHZ UW 01, baker13
2022-08-02 15:15:25.160000, MBW EHZ UW 01, baker13
2022-08-02 21:05:17.800000, MBW EHZ UW 01, baker13
2022-08-03 07:02:56.430000, MBW EHZ UW 01, baker13
2022-08-03 10:15:11.430000, MBW EHZ UW 01, baker13
2022-08-04 08:54:01.910000, MBW EHZ UW 01, baker13
2022-08-04 20:06:25.770000, MBW EHZ UW 01, baker13
2022-08-05 14:03:21.470000, MBW EHZ UW 01, baker13
2022-08-06 09:41:21.250000, MBW EHZ UW 01, baker13
2022-08-06 22:02:46.710000, MBW EHZ UW 01, baker13
2022-08-07 03:12:24.430000, MBW EHZ UW 01, baker13
2022-08-07 03:15:01.560000, MBW EHZ UW 01, baker13
2022-08-08 01:51:44.820000, MBW EHZ UW 01, baker13
2022-08-08 01:52:01.370000, MBW EHZ UW 01, baker13
2022-08-08 09:34:51.380000, MBW EHZ UW 01, baker13
2022-08-09 02:15:34.490000, MBW EHZ UW 01, baker13
2022-08-09 15:50:37.200000, MBW EHZ UW 01, baker13
2022-08-10 04:50:42.530000, MBW EHZ UW 01, baker13
2022-08-11 18:00:52.150000, MBW EHZ UW 01, baker13
2022-08-12 11:37:08.610000, MBW EHZ UW 01, baker13
2022-08-13 02:57:54.610000, MBW EHZ UW 01, baker13
2022-08-13 07:52:29.230000, MBW EHZ UW 01, baker13
2022-08-13 20:23:56.950000, MBW EHZ UW 01, baker13
2022-08-14 19:47:15.700000, MBW EHZ UW 01, baker13
2022-08-15 02:21:55.890000, MBW EHZ UW 01, baker13
2022-08-15 14:03:15.120000, MBW EHZ UW 01, baker13
2022-08-16 09:15:34.840000, MBW EHZ UW 01, baker13
2022-08-17 16:54:58.440000, MBW EHZ UW 01, baker13
2022-08-18 14:23:51.670000, MBW EHZ UW 01, baker13
2022-08-19 09:59:34.200000, MBW EHZ UW 01, baker13
2022-08-19 14:03:20.220000, MBW EHZ UW 01, baker13
2022-08-20 00:20:31.630000, MBW EHZ UW 01, baker13
2022-08-21 05:18:08.930000, MBW EHZ UW 01, baker13
2022-08-21 11:17:47.670000, MBW EHZ UW 01, baker13
2022-08-22 14:49:41.620000, MBW EHZ UW 01, baker13
2022-08-22 21:11:31.440000, MBW EHZ UW 01, baker13
2022-08-23 12:48:55.220000, MBW EHZ UW 01, baker13
2022-08-23 18:59:41.450000, MBW EHZ UW 01, baker13
2022-08-24 14:57:13.870000, MBW EHZ UW 01, baker13
2022-08-25 14:14:23.430000, MBW EHZ UW 01, baker13
2022-08-25 19:55:35.660000, MBW EHZ UW 01, baker13
2022-08-26 09:23:19.700000, MBW EHZ UW 01, baker13
2022-08-26 09:23:58.280000, MBW EHZ UW 01, baker13
2022-08-26 09:25:18.570000, MBW EHZ UW 01, baker13
2022-08-27 06:41:49.710000, MBW EHZ UW 01, baker13
2022-08-28 03:22:55.830000, MBW EHZ UW 01, baker13
2022-08-29 09:30:08.590000, MBW EHZ UW 01, baker13
2022-08-30 03:47:21.730000, MBW EHZ UW 01, baker13
2022-08-30 06:19:56.930000, MBW EHZ UW 01, baker13
2022-08-31 20:22:11.500000, MBW EHZ UW 01, baker13
2022-09-01 11:56:57.670000, MBW EHZ UW 01, baker13
2022-09-01 18:28:47.250000, MBW EHZ UW 01, baker13
2022-09-03 06:25:33.990000, MBW EHZ UW 01, baker13
2022-09-04 02:13:49.120000, MBW EHZ UW 01, baker13
2022-09-04 07:31:03.630000, MBW EHZ UW 01, baker13
2022-09-04 07:33:25.430000, MBW EHZ UW 01, baker13
2022-09-06 14:57:22.980000, MBW EHZ UW 01, baker13
2022-09-07 14:56:09.090000, MBW EHZ UW 01, baker13
2022-09-10 23:28:11.960000, MBW EHZ UW 01, baker13
2022-09-11 09:08:14.690000, MBW EHZ UW 01, baker13
2022-09-13 03:20:56, MBW EHZ UW 01, baker13
2022-09-15 00:00:16.760000, MBW EHZ UW 01, baker13
2022-09-17 07:16:24.120000, MBW EHZ UW 01, baker13
2022-09-21 20:18:14.920000, MBW EHZ UW 01, baker13
2022-09-25 15:36:59.180000, MBW EHZ UW 01, baker13
2022-09-28 05:31:23.940000, MBW EHZ UW 01, baker13
2022-10-02 14:14:25.180000, MBW EHZ UW 01, baker13
2022-10-05 15:19:15.920000, MBW EHZ UW 01, baker13
2022-10-08 06:14:53.170000, MBW EHZ UW 01, baker13
2022-10-08 11:54:59.250000, MBW EHZ UW 01, baker13
2022-10-09 10:07:12.290000, MBW EHZ UW 01, baker13
2022-10-09 16:13:05.260000, MBW EHZ UW 01, baker13
2022-10-13 19:40:02.520000, MBW EHZ UW 01, baker13
2022-10-17 08:12:14.060000, MBW EHZ UW 01, baker13
2022-10-19 01:08:21.440000, MBW EHZ UW 01, baker13
2022-10-22 00:34:24.240000, MBW EHZ UW 01, baker13
2022-10-24 17:46:13.830000, MBW EHZ UW 01, baker13
2022-10-24 19:21:27.760000, MBW EHZ UW 01, baker13
2023-05-19 09:13:38, MBW EHZ UW 01, baker13
2023-05-19 11:25:18.020000, MBW EHZ UW 01, baker13
2023-05-20 20:40:12.780000, MBW EHZ UW 01, baker13
2023-05-21 19:26:05.040000, MBW EHZ UW 01, baker13
2023-05-22 14:34:50.370000, MBW EHZ UW 01, baker13
2023-05-24 12:17:07.760000, MBW EHZ UW 01, baker13
2023-05-24 20:18:01.560000, MBW EHZ UW 01, baker13
2023-05-26 23:28:56.210000, MBW EHZ UW 01, baker13
2023-05-27 02:16:55.360000, MBW EHZ UW 01, baker13
2023-05-28 20:26:20.900000, MBW EHZ UW 01, baker13
2023-06-02 03:28:00.010000, MBW EHZ UW 01, baker13
2023-06-05 01:53:33.460000, MBW EHZ UW 01, baker13
2023-06-08 21:25:36.760000, MBW EHZ UW 01, baker13
2023-06-11 15:15:58.420000, MBW EHZ UW 01, baker13
2023-06-12 02:20:14.200000, MBW EHZ UW 01, baker13
2023-06-13 09:45:16.660000, MBW EHZ UW 01, baker13
2024-07-20 22:22:28.160000, MBW EHZ UW 01, baker13
2009-11-24 00:38:40.161400, MBW EHZ UW 01, baker14
2009-11-26 00:25:42.510200, MBW EHZ UW 01, baker14
2009-12-01 00:40:25.091300, MBW EHZ UW 01, baker14
2009-12-25 03:15:02.600000, MBW EHZ UW 01, baker15
2009-12-25 13:51:01.660100, MBW EHZ UW 01, baker15
2009-12-28 18:57:48.841000, MBW EHZ UW 01, baker16
2009-12-28 19:04:56.701000, MBW EHZ UW 01, baker16
2018-06-17 13:20:36.520012, MBW EHZ UW 01, baker16
2010-01-07 09:58:09.201300, MBW EHZ UW 01, baker17
2010-01-08 10:26:58.261400, MBW EHZ UW 01, baker17
2010-03-06 20:55:51.950400, MBW EHZ UW 01, baker18
2010-03-09 00:16:51.500800, MBW EHZ UW 01, baker18
2014-09-28 18:15:51.760010, MBW EHZ UW 01, baker18
2010-03-12 03:56:36.660100, MBW EHZ UW 01, baker19
2010-03-12 18:31:38.091100, MBW EHZ UW 01, baker19
2010-03-12 20:33:03.110500, MBW EHZ UW 01, baker19
2010-03-13 06:15:04.499000, MBW EHZ UW 01, baker20
2010-03-14 09:47:10.820100, MBW EHZ UW 01, baker20
2010-03-14 14:04:03.058100, MBW EHZ UW 01, baker21
2010-03-14 22:53:05.561300, MBW EHZ UW 01, baker21
2010-03-22 21:50:55.107800, MBW EHZ UW 01, baker21
2010-03-15 06:04:09.560400, MBW EHZ UW 01, baker22
2010-03-15 11:24:54.991400, MBW EHZ UW 01, baker22
2010-03-20 06:08:08.320400, MBW EHZ UW 01, baker23
2010-03-20 12:48:03.501100, MBW EHZ UW 01, baker23
2015-08-10 23:05:30.120049, MBW EHZ UW 01, baker23
2015-08-12 08:20:05.450463, MBW EHZ UW 01, baker23
2010-04-14 08:23:47.199200, MBW EHZ UW 01, baker24
2010-04-14 21:24:47.243400, MBW EHZ UW 01, baker24
2010-04-15 10:26:40.920800, MBW EHZ UW 01, baker24
2010-05-07 18:50:14.461300, MBW EHZ UW 01, baker25
2010-05-07 18:52:41.761300, MBW EHZ UW 01, baker25
2010-06-10 12:49:33.371200, MBW EHZ UW 01, baker26
2010-06-12 06:51:56.940400, MBW EHZ UW 01, baker26
2011-03-23 05:32:34.390700, MBW EHZ UW 01, baker26
2010-07-03 13:31:52.080500, MBW EHZ UW 01, baker27
2010-07-03 16:09:56.580300, MBW EHZ UW 01, baker27
2010-07-04 12:52:15.690100, MBW EHZ UW 01, baker27
2011-10-10 05:40:50.769900, MBW EHZ UW 01, baker27
2012-06-02 00:38:32.470000, MBW EHZ UW 01, baker27
2013-02-07 18:17:02.410000, MBW EHZ UW 01, baker27
2013-02-14 21:04:02.660600, MBW EHZ UW 01, baker27
2013-08-07 01:34:14.470000, MBW EHZ UW 01, baker27
2013-09-08 18:12:19.881300, MBW EHZ UW 01, baker27
2014-02-10 01:51:46.620011, MBW EHZ UW 01, baker27
2014-08-18 08:19:10.490030, MBW EHZ UW 01, baker27
2014-08-19 05:49:07.910002, MBW EHZ UW 01, baker27
2014-09-07 17:31:45.259996, MBW EHZ UW 01, baker27
2015-02-21 05:38:17.150001, MBW EHZ UW 01, baker27
2015-02-23 11:48:34.080662, MBW EHZ UW 01, baker27
2015-02-23 12:04:43.880039, MBW EHZ UW 01, baker27
2015-02-27 00:50:56.560005, MBW EHZ UW 01, baker27
2015-07-13 03:46:00.000271, MBW EHZ UW 01, baker27
2015-09-26 18:50:06.881128, MBW EHZ UW 01, baker27
2015-11-23 01:29:16.510002, MBW EHZ UW 01, baker27
2016-05-10 22:12:02.450801, MBW EHZ UW 01, baker27
2016-08-09 07:51:00.640008, MBW EHZ UW 01, baker27
2016-12-23 20:16:19.940008, MBW EHZ UW 01, baker27
2017-07-04 13:40:55.150000, MBW EHZ UW 01, baker27
2017-08-01 09:25:15.580000, MBW EHZ UW 01, baker27
2017-12-18 20:45:37.030005, MBW EHZ UW 01, baker27
2022-01-14 08:26:56.110000, MBW EHZ UW 01, baker27
2022-01-14 08:33:16.350000, MBW EHZ UW 01, baker27
2022-01-14 09:15:47.110000, MBW EHZ UW 01, baker27
2022-01-14 14:46:56.680000, MBW EHZ UW 01, baker27
2022-03-16 16:33:54.170000, MBW EHZ UW 01, baker27
2022-04-14 12:48:14.960000, MBW EHZ UW 01, baker27
2022-10-21 17:55:44.730000, MBW EHZ UW 01, baker27
2022-11-07 03:18:40.280000, MBW EHZ UW 01, baker27
2022-12-04 18:51:59.410000, MBW EHZ UW 01, baker27
2023-03-09 19:30:36.980000, MBW EHZ UW 01, baker27
2023-03-30 15:03:12.300000, MBW EHZ UW 01, baker27
2023-10-24 05:59:46.820000, MBW EHZ UW 01, baker27
2024-01-02 00:07:55.960000, MBW EHZ UW 01, baker27
2024-01-30 06:24:45.410000, MBW EHZ UW 01, baker27
2024-03-19 06:57:40.010000, MBW EHZ UW 01, baker27
2025-04-21 12:31:56.080000, MBW EHZ UW 01, baker27
2010-07-04 06:10:33.265900, MBW EHZ UW 01, baker28
2010-07-05 18:03:35.560000, MBW EHZ UW 01, baker28
2010-07-06 13:08:55.071400, MBW EHZ UW 01, baker29
2010-07-06 14:01:39.800600, MBW EHZ UW 01, baker29
2010-07-29 13:20:53.761100, MBW EHZ UW 01, baker30
2010-07-30 23:06:08.200400, MBW EHZ UW 01, baker30
2013-05-22 18:41:53.840000, MBW EHZ UW 01, baker30
2016-07-17 03:36:00.360012, MBW EHZ UW 01, baker30
2016-10-06 00:54:06.510395, MBW EHZ UW 01, baker30
2010-08-29 02:31:20.251400, MBW EHZ UW 01, baker31
2010-08-30 00:37:13.930100, MBW EHZ UW 01, baker31
2010-09-06 01:16:49.320100, MBW EHZ UW 01, baker32
2010-09-06 01:43:25.470100, MBW EHZ UW 01, baker32
2010-09-16 14:18:35.281100, MBW EHZ UW 01, baker33
2010-09-16 14:19:47.031100, MBW EHZ UW 01, baker33
2010-09-16 22:15:56.500300, MBW EHZ UW 01, baker33
2010-09-17 08:57:01.830600, MBW EHZ UW 01, baker33
2011-02-12 12:18:20.211400, MBW EHZ UW 01, baker33
2013-01-14 12:03:20, MBW EHZ UW 01, baker33
2014-07-27 00:05:22.721395, MBW EHZ UW 01, baker33
2014-07-27 00:05:47.581395, MBW EHZ UW 01, baker33
2010-10-31 20:36:11.680500, MBW EHZ UW 01, baker34
2010-11-01 03:47:13.520000, MBW EHZ UW 01, baker34
2010-11-01 06:03:11.971100, MBW EHZ UW 01, baker34
2010-12-21 07:46:29.410100, MBW EHZ UW 01, baker34
2010-11-04 12:05:44.600800, MBW EHZ UW 01, baker35
2010-11-05 02:39:44.341700, MBW EHZ UW 01, baker35
2010-11-12 17:36:43.939100, MBW EHZ UW 01, baker36
2010-11-13 21:54:02.448800, MBW EHZ UW 01, baker36
2011-01-16 06:40:56.120100, MBW EHZ UW 01, baker37
2011-01-16 07:18:53.521300, MBW EHZ UW 01, baker37
2011-01-27 09:23:37.760100, MBW EHZ UW 01, baker38
2011-01-29 06:54:48.190700, MBW EHZ UW 01, baker38
2011-02-16 22:45:44.830900, MBW EHZ UW 01, baker38
2011-03-09 20:54:46.191400, MBW EHZ UW 01, baker38
2012-01-09 06:39:38.820000, MBW EHZ UW 01, baker38
2011-02-17 13:13:03.400300, MBW EHZ UW 01, baker39
2011-02-17 13:29:28.450300, MBW EHZ UW 01, baker39
2011-02-19 00:56:38.777300, MBW EHZ UW 01, baker40
2011-02-20 13:41:13.987600, MBW EHZ UW 01, baker40
2011-03-06 22:42:58.100900, MBW EHZ UW 01, baker41
2011-03-07 22:12:01.850800, MBW EHZ UW 01, baker41
2011-03-26 16:00:26.709900, MBW EHZ UW 01, baker42
2011-03-26 16:17:08.439900, MBW EHZ UW 01, baker42
2011-04-06 17:56:27.850700, MBW EHZ UW 01, baker43
2011-04-07 10:50:39.051000, MBW EHZ UW 01, baker43
2011-07-16 04:33:38.200000, MBW EHZ UW 01, baker44
2011-07-20 06:02:31.979900, MBW EHZ UW 01, baker44
2011-07-20 21:47:49.619900, MBW EHZ UW 01, baker44
2011-07-26 08:35:38.889900, MBW EHZ UW 01, baker44
2012-11-18 21:17:56.120000, MBW EHZ UW 01, baker44
2012-11-19 11:38:10.690000, MBW EHZ UW 01, baker44
2016-01-20 00:56:52.910252, MBW EHZ UW 01, baker44
2011-07-20 14:12:54.850000, MBW EHZ UW 01, baker45
2011-07-21 08:08:25.740000, MBW EHZ UW 01, baker45
2011-10-01 15:31:32.940000, MBW EHZ UW 01, baker46
2011-10-02 10:40:07.210000, MBW EHZ UW 01, baker46
2011-10-07 21:12:37.389900, MBW EHZ UW 01, baker47
2011-10-10 22:59:23.039900, MBW EHZ UW 01, baker47
2011-10-09 12:54:07.160000, MBW EHZ UW 01, baker48
2011-10-09 13:15:34.790000, MBW EHZ UW 01, baker48
2011-11-04 00:48:10.340000, MBW EHZ UW 01, baker49
2011-11-04 01:17:47.930000, MBW EHZ UW 01, baker49
2011-11-04 01:31:59.980000, MBW EHZ UW 01, baker49
2015-07-10 16:02:17.100001, MBW EHZ UW 01, baker49
2015-07-10 20:13:03.470207, MBW EHZ UW 01, baker49
2015-07-10 20:27:59.590207, MBW EHZ UW 01, baker49
2016-02-14 08:42:31.640004, MBW EHZ UW 01, baker49
2011-11-24 15:55:54.599900, MBW EHZ UW 01, baker50
2011-11-24 16:45:22.789900, MBW EHZ UW 01, baker50
2011-11-24 19:02:43.080000, MBW EHZ UW 01, baker50
2011-12-01 08:56:22.630000, MBW EHZ UW 01, baker50
2011-12-01 17:09:36.320000, MBW EHZ UW 01, baker50
2011-12-09 23:35:08.750000, MBW EHZ UW 01, baker50
2011-12-16 22:21:34.420000, MBW EHZ UW 01, baker50
2011-12-17 04:31:32, MBW EHZ UW 01, baker50
2011-12-03 19:39:58.651100, MBW EHZ UW 01, baker51
2011-12-03 19:43:43.321100, MBW EHZ UW 01, baker51
2011-12-08 19:13:39.560000, MBW EHZ UW 01, baker52
2011-12-08 19:25:00.050000, MBW EHZ UW 01, baker52
2012-02-03 02:45:03.240400, MBW EHZ UW 01, baker53
2012-02-03 21:46:05.680000, MBW EHZ UW 01, baker53
2012-02-06 05:24:12.090000, MBW EHZ UW 01, baker54
2012-02-06 05:54:20.880000, MBW EHZ UW 01, baker54
2012-03-29 20:01:15.810000, MBW EHZ UW 01, baker55
2012-03-29 20:10:15.730000, MBW EHZ UW 01, baker55
2012-03-29 20:13:33.660000, MBW EHZ UW 01, baker55
2012-03-29 21:14:09.180000, MBW EHZ UW 01, baker55
2012-03-29 22:25:06.200000, MBW EHZ UW 01, baker55
2012-04-01 20:30:12.740000, MBW EHZ UW 01, baker55
2012-04-03 21:40:22.570100, MBW EHZ UW 01, baker55
2012-04-19 16:36:32.550000, MBW EHZ UW 01, baker55
2012-04-19 17:52:00.138000, MBW EHZ UW 01, baker55
2012-04-21 13:11:34.341400, MBW EHZ UW 01, baker55
2012-04-19 01:58:02.181000, MBW EHZ UW 01, baker56
2012-04-22 01:59:11.150000, MBW EHZ UW 01, baker56
2012-05-01 23:21:07.239000, MBW EHZ UW 01, baker57
2012-05-01 23:34:52.619000, MBW EHZ UW 01, baker57
2012-06-17 21:19:35.430000, MBW EHZ UW 01, baker58
2012-06-21 22:58:51.490000, MBW EHZ UW 01, baker58
2012-06-24 21:12:21.330000, MBW EHZ UW 01, baker58
2012-06-27 21:24:57.870000, MBW EHZ UW 01, baker58
2012-07-20 21:14:57.660400, MBW EHZ UW 01, baker58
2012-07-01 21:25:11.406200, MBW EHZ UW 01, baker59
2012-07-05 21:17:26.891400, MBW EHZ UW 01, baker59
2012-08-29 17:23:48.270100, MBW EHZ UW 01, baker59
2012-07-04 04:00:20.979200, MBW EHZ UW 01, baker60
2012-07-05 11:22:06.313100, MBW EHZ UW 01, baker60
2012-07-29 20:57:08.480200, MBW EHZ UW 01, baker61
2012-07-29 22:46:27.950600, MBW EHZ UW 01, baker61
2012-08-19 23:59:31.381100, MBW EHZ UW 01, baker62
2012-08-23 08:38:13.411300, MBW EHZ UW 01, baker62
2012-08-31 19:16:15.379400, MBW EHZ UW 01, baker63
2012-08-31 22:23:41.330200, MBW EHZ UW 01, baker63
2012-09-01 13:25:41.880000, MBW EHZ UW 01, baker63
2012-09-11 13:29:48.561300, MBW EHZ UW 01, baker63
2012-09-03 08:44:53.970200, MBW EHZ UW 01, baker64
2012-09-03 15:29:23.841400, MBW EHZ UW 01, baker64
2012-09-03 19:25:35.700000, MBW EHZ UW 01, baker64
2012-09-04 09:17:20.950100, MBW EHZ UW 01, baker64
2012-09-04 09:27:05.580100, MBW EHZ UW 01, baker64
2012-09-06 12:39:16.840000, MBW EHZ UW 01, baker64
2022-06-17 23:19:15.930000, MBW EHZ UW 01, baker64
2022-06-18 01:14:11.590000, MBW EHZ UW 01, baker64
2012-09-20 13:29:13.320000, MBW EHZ UW 01, baker65
2012-09-20 23:11:33.260000, MBW EHZ UW 01, baker65
2012-10-02 13:29:26.030000, MBW EHZ UW 01, baker66
2012-10-02 21:33:48.060000, MBW EHZ UW 01, baker66
2012-10-04 06:17:59.760000, MBW EHZ UW 01, baker66
2012-10-02 17:12:18.580000, MBW EHZ UW 01, baker67
2012-10-02 17:17:05.830000, MBW EHZ UW 01, baker67
2012-10-02 18:52:34.720500, MBW EHZ UW 01, baker67
2012-10-03 08:04:29.500000, MBW EHZ UW 01, baker67
2012-10-05 21:11:32.080100, MBW EHZ UW 01, baker67
2012-10-05 22:12:12.980000, MBW EHZ UW 01, baker67
2012-10-06 00:42:54.421400, MBW EHZ UW 01, baker67
2012-10-02 20:59:51.050000, MBW EHZ UW 01, baker68
2012-10-03 07:41:47.110000, MBW EHZ UW 01, baker68
2012-10-07 16:27:04.350000, MBW EHZ UW 01, baker69
2012-10-07 16:31:10.400000, MBW EHZ UW 01, baker69
2012-10-13 16:49:47.651300, MBW EHZ UW 01, baker70
2012-10-13 17:00:08.651400, MBW EHZ UW 01, baker70
2012-10-13 21:14:38.510400, MBW EHZ UW 01, baker71
2012-10-14 04:26:04.310000, MBW EHZ UW 01, baker71
2012-10-14 09:53:18.509900, MBW EHZ UW 01, baker71
2012-10-15 18:19:41.220000, MBW EHZ UW 01, baker71
2012-10-22 13:48:43.391000, MBW EHZ UW 01, baker72
2012-10-24 09:17:17.660000, MBW EHZ UW 01, baker72
2012-11-04 22:30:00.240000, MBW EHZ UW 01, baker72
2012-11-04 23:07:30.291200, MBW EHZ UW 01, baker72
2012-10-23 18:56:39.640300, MBW EHZ UW 01, baker73
2012-10-23 19:50:30.310300, MBW EHZ UW 01, baker73
2012-11-09 04:35:14.460000, MBW EHZ UW 01, baker74
2012-11-10 12:07:22.710000, MBW EHZ UW 01, baker74
2012-11-11 07:33:50.650800, MBW EHZ UW 01, baker75
2012-11-14 21:29:31.660000, MBW EHZ UW 01, baker75
2012-11-15 01:41:38.980000, MBW EHZ UW 01, baker75
2012-11-17 03:53:38.827700, MBW EHZ UW 01, baker75
2014-11-12 13:46:45.040633, MBW EHZ UW 01, baker75
2014-11-18 14:38:35.660004, MBW EHZ UW 01, baker75
2012-11-13 12:13:19.050400, MBW EHZ UW 01, baker76
2012-11-14 11:10:37.770300, MBW EHZ UW 01, baker76
2012-12-16 14:05:48.399900, MBW EHZ UW 01, baker76
2012-12-24 09:48:34.300900, MBW EHZ UW 01, baker76
2012-12-28 13:30:25.230000, MBW EHZ UW 01, baker76
2012-12-30 09:37:57.220000, MBW EHZ UW 01, baker76
2013-01-02 21:28:22.050000, MBW EHZ UW 01, baker76
2013-01-02 22:38:54.510000, MBW EHZ UW 01, baker76
2013-01-04 02:27:01.810000, MBW EHZ UW 01, baker76
2013-01-19 19:39:23.311400, MBW EHZ UW 01, baker76
2013-03-19 00:56:22.620000, MBW EHZ UW 01, baker76
2013-04-04 04:22:55.780100, MBW EHZ UW 01, baker76
2013-05-23 14:38:05.640000, MBW EHZ UW 01, baker76
2013-05-31 16:18:26.870100, MBW EHZ UW 01, baker76
2012-11-15 00:03:57.060000, MBW EHZ UW 01, baker77
2012-11-15 00:27:08.910000, MBW EHZ UW 01, baker77
2012-12-12 22:11:41.480000, MBW EHZ UW 01, baker77
2012-11-23 21:39:21.130000, MBW EHZ UW 01, baker78
2012-11-25 01:35:53.021000, MBW EHZ UW 01, baker78
2012-11-24 03:59:39.200100, MBW EHZ UW 01, baker79
2012-11-24 19:50:06.060200, MBW EHZ UW 01, baker79
2013-01-19 19:40:10.521400, MBW EHZ UW 01, baker79
2013-02-14 05:16:45.421000, MBW EHZ UW 01, baker79
2013-02-18 02:40:45.090500, MBW EHZ UW 01, baker79
2013-02-18 02:49:46.900500, MBW EHZ UW 01, baker79
2013-03-06 20:19:19.261200, MBW EHZ UW 01, baker79
2014-05-25 21:06:13.840006, MBW EHZ UW 01, baker79
2014-05-26 09:28:26.441369, MBW EHZ UW 01, baker79
2014-05-28 03:33:24.630009, MBW EHZ UW 01, baker79
2014-08-16 11:58:37.140017, MBW EHZ UW 01, baker79
2012-11-25 04:36:07.700000, MBW EHZ UW 01, baker80
2012-11-25 04:39:14.540000, MBW EHZ UW 01, baker80
2012-11-26 21:43:11.300000, MBW EHZ UW 01, baker80
2012-12-15 20:55:57.430000, MBW EHZ UW 01, baker81
2012-12-15 21:14:37.620000, MBW EHZ UW 01, baker81
2012-12-16 15:56:58.130000, MBW EHZ UW 01, baker81
2012-12-16 23:15:23.450000, MBW EHZ UW 01, baker81
2013-01-03 01:48:09.261100, MBW EHZ UW 01, baker82
2013-01-07 05:16:41.200000, MBW EHZ UW 01, baker82
2013-01-06 04:50:21.421200, MBW EHZ UW 01, baker83
2013-01-06 06:31:22.241300, MBW EHZ UW 01, baker83
2013-01-07 15:58:25.530000, MBW EHZ UW 01, baker84
2013-01-08 15:54:11.420100, MBW EHZ UW 01, baker84
2013-01-26 15:10:17.440100, MBW EHZ UW 01, baker85
2013-01-29 03:43:58.160000, MBW EHZ UW 01, baker85
2013-02-08 22:20:44.950000, MBW EHZ UW 01, baker86
2013-02-09 00:05:21.280000, MBW EHZ UW 01, baker86
2013-05-07 23:53:16.371200, MBW EHZ UW 01, baker86
2013-03-29 11:00:04.230100, MBW EHZ UW 01, baker87
2013-03-29 23:29:19.809900, MBW EHZ UW 01, baker87
2013-10-24 07:13:23.820575, MBW EHZ UW 01, baker87
2014-12-07 13:09:20.970408, MBW EHZ UW 01, baker87
2015-05-01 22:24:27.110962, MBW EHZ UW 01, baker87
2016-08-07 09:44:47.080705, MBW EHZ UW 01, baker87
2018-07-06 12:44:49.240007, MBW EHZ UW 01, baker87
2022-06-14 05:43:51.090000, MBW EHZ UW 01, baker87
2022-07-17 08:00:12.240000, MBW EHZ UW 01, baker87
2022-08-03 01:56:16.490000, MBW EHZ UW 01, baker87
2013-03-31 08:51:27.880000, MBW EHZ UW 01, baker88
2013-04-03 16:13:44.260000, MBW EHZ UW 01, baker88
2013-05-21 08:38:15.649900, MBW EHZ UW 01, baker89
2013-05-21 11:24:34.320100, MBW EHZ UW 01, baker89
2013-06-21 04:36:00.530400, MBW EHZ UW 01, baker90
2013-06-21 05:19:11.920000, MBW EHZ UW 01, baker90
2013-06-27 05:46:36.140000, MBW EHZ UW 01, baker91
2013-06-29 01:21:39.250000, MBW EHZ UW 01, baker91
2013-06-27 05:47:01.360000, MBW EHZ UW 01, baker92
2013-06-29 01:22:04.470000, MBW EHZ UW 01, baker92
2013-07-12 14:25:49.371100, MBW EHZ UW 01, baker93
2013-07-13 06:50:40.720500, MBW EHZ UW 01, baker93
2013-07-27 15:01:29.900000, MBW EHZ UW 01, baker94
2013-07-30 08:09:32.940000, MBW EHZ UW 01, baker94
2013-08-23 13:24:58.350000, MBW EHZ UW 01, baker95
2013-08-23 17:39:25.881200, MBW EHZ UW 01, baker95
2013-08-23 21:39:41.330000, MBW EHZ UW 01, baker96
2013-08-24 01:09:14.210000, MBW EHZ UW 01, baker96
2013-08-24 01:13:54.230000, MBW EHZ UW 01, baker96
2013-09-11 18:14:01.570000, MBW EHZ UW 01, baker97
2013-09-11 20:02:44.840000, MBW EHZ UW 01, baker97
2013-09-14 07:15:41.550500, MBW EHZ UW 01, baker98
2013-09-14 07:43:22.760500, MBW EHZ UW 01, baker98
2013-09-16 19:37:42.201000, MBW EHZ UW 01, baker99
2013-09-17 20:24:35.980700, MBW EHZ UW 01, baker99
2013-10-05 10:08:30.150000, MBW EHZ UW 01, baker100
2013-10-05 10:11:45.250000, MBW EHZ UW 01, baker100
2013-11-15 20:35:29.019998, MBW EHZ UW 01, baker101
2013-11-15 21:21:46.540005, MBW EHZ UW 01, baker101
2013-11-16 04:22:05.810014, MBW EHZ UW 01, baker101
2013-11-16 21:34:23.130011, MBW EHZ UW 01, baker101
2013-11-17 17:05:56.959998, MBW EHZ UW 01, baker101
2013-11-24 13:30:07.321363, MBW EHZ UW 01, baker101
2013-11-26 04:10:40.370346, MBW EHZ UW 01, baker101
2014-09-03 07:56:30.600005, MBW EHZ UW 01, baker101
2014-09-04 15:05:59.440026, MBW EHZ UW 01, baker101
2014-09-08 07:37:56.710002, MBW EHZ UW 01, baker101
2014-09-08 07:44:20.730002, MBW EHZ UW 01, baker101
2014-09-10 19:35:26.860093, MBW EHZ UW 01, baker101
2014-12-22 06:55:47.800160, MBW EHZ UW 01, baker101
2014-12-22 07:01:31.020160, MBW EHZ UW 01, baker101
2014-12-22 07:15:12.370160, MBW EHZ UW 01, baker101
2015-02-03 17:37:12.610020, MBW EHZ UW 01, baker101
2013-11-17 20:00:17.839997, MBW EHZ UW 01, baker102
2013-11-18 08:51:06.600005, MBW EHZ UW 01, baker102
2013-11-23 11:12:08.200367, MBW EHZ UW 01, baker103
2013-11-26 09:15:17.310574, MBW EHZ UW 01, baker103
2013-12-06 12:57:28.959999, MBW EHZ UW 01, baker104
2013-12-07 02:08:35.960176, MBW EHZ UW 01, baker104
2013-12-29 14:04:24.040055, MBW EHZ UW 01, baker105
2013-12-29 15:03:56.290006, MBW EHZ UW 01, baker105
2014-01-12 03:31:21.350007, MBW EHZ UW 01, baker106
2014-01-12 12:17:49.200708, MBW EHZ UW 01, baker106
2015-06-02 02:22:30.760027, MBW EHZ UW 01, baker106
2014-02-19 07:23:53.320577, MBW EHZ UW 01, baker107
2014-02-22 07:15:22.170279, MBW EHZ UW 01, baker107
2014-02-22 07:22:28.820279, MBW EHZ UW 01, baker107
2014-03-10 11:34:16.130008, MBW EHZ UW 01, baker108
2014-03-10 11:54:21.470008, MBW EHZ UW 01, baker108
2014-03-11 21:11:55.950000, MBW EHZ UW 01, baker109
2014-03-12 00:33:25.430042, MBW EHZ UW 01, baker109
2014-03-13 04:54:34.490077, MBW EHZ UW 01, baker109
2014-05-25 12:50:15.470166, MBW EHZ UW 01, baker110
2014-05-25 14:16:18.060003, MBW EHZ UW 01, baker110
2014-07-25 10:01:25.930430, MBW EHZ UW 01, baker111
2014-07-26 06:00:54.730005, MBW EHZ UW 01, baker111
2014-07-26 06:03:34.020005, MBW EHZ UW 01, baker111
2014-07-28 11:01:49.290008, MBW EHZ UW 01, baker112
2014-07-28 20:26:52.770082, MBW EHZ UW 01, baker112
2014-08-09 22:46:27.740011, MBW EHZ UW 01, baker113
2014-08-11 07:32:04.970014, MBW EHZ UW 01, baker113
2014-10-03 21:15:31.370013, MBW EHZ UW 01, baker114
2014-10-05 16:39:36.680042, MBW EHZ UW 01, baker114
2014-10-13 15:24:21.180005, MBW EHZ UW 01, baker115
2014-10-13 15:26:09.530005, MBW EHZ UW 01, baker115
2014-11-13 19:32:20.509998, MBW EHZ UW 01, baker116
2014-11-15 19:52:04.331046, MBW EHZ UW 01, baker116
2014-11-19 13:09:04.820014, MBW EHZ UW 01, baker116
2014-11-21 02:22:12.109995, MBW EHZ UW 01, baker116
2015-12-31 12:10:55.440019, MBW EHZ UW 01, baker116
2014-11-21 21:41:22.430007, MBW EHZ UW 01, baker117
2014-11-23 01:11:49.620126, MBW EHZ UW 01, baker117
2014-12-18 13:58:02.351396, MBW EHZ UW 01, baker118
2014-12-18 14:17:21.481396, MBW EHZ UW 01, baker118
2014-12-21 10:47:12.471158, MBW EHZ UW 01, baker119
2014-12-22 21:02:32.190148, MBW EHZ UW 01, baker119
2014-12-23 03:01:31.811263, MBW EHZ UW 01, baker120
2014-12-24 13:09:07.740023, MBW EHZ UW 01, baker120
2015-01-14 16:09:34.190005, MBW EHZ UW 01, baker121
2015-01-15 19:21:39.457889, MBW EHZ UW 01, baker121
2015-01-31 09:51:49.120006, MBW EHZ UW 01, baker122
2015-01-31 11:40:30.410098, MBW EHZ UW 01, baker122
2015-02-06 15:12:27.940771, MBW EHZ UW 01, baker122
2015-02-08 09:09:28.010007, MBW EHZ UW 01, baker122
2015-02-08 12:29:26.980003, MBW EHZ UW 01, baker122
2015-02-13 22:01:59.190025, MBW EHZ UW 01, baker122
2015-02-14 01:16:53.650326, MBW EHZ UW 01, baker122
2015-02-15 16:42:44.210916, MBW EHZ UW 01, baker122
2015-02-15 17:04:53.730049, MBW EHZ UW 01, baker122
2015-02-15 18:24:26.620009, MBW EHZ UW 01, baker122
2015-02-15 21:42:44.300177, MBW EHZ UW 01, baker122
2015-03-10 12:54:30.700854, MBW EHZ UW 01, baker122
2015-03-13 05:15:44.329998, MBW EHZ UW 01, baker122
2015-02-04 05:37:02.397161, MBW EHZ UW 01, baker123
2015-02-04 07:20:26.040056, MBW EHZ UW 01, baker123
2015-03-08 08:48:41.790003, MBW EHZ UW 01, baker124
2015-03-08 14:14:00.260033, MBW EHZ UW 01, baker124
2016-05-23 00:43:08.439999, MBW EHZ UW 01, baker124
2015-03-12 14:13:47.580721, MBW EHZ UW 01, baker125
2015-03-13 12:08:41.570059, MBW EHZ UW 01, baker125
2015-03-30 09:46:07.140007, MBW EHZ UW 01, baker126
2015-03-30 10:07:23.510002, MBW EHZ UW 01, baker126
2015-04-02 01:23:57.810023, MBW EHZ UW 01, baker127
2015-04-05 01:19:22.010008, MBW EHZ UW 01, baker127
2015-04-02 19:09:21.380038, MBW EHZ UW 01, baker128
2015-04-04 03:27:47.730006, MBW EHZ UW 01, baker128
2015-06-03 17:39:52.060289, MBW EHZ UW 01, baker128
2015-10-07 00:31:05.190124, MBW EHZ UW 01, baker128
2015-04-14 19:10:22.570000, MBW EHZ UW 01, baker129
2015-04-18 12:16:14.740014, MBW EHZ UW 01, baker129
2015-05-21 03:09:32.120012, MBW EHZ UW 01, baker129
2015-08-17 14:28:28.010006, MBW EHZ UW 01, baker129
2015-04-15 20:04:01.500023, MBW EHZ UW 01, baker130
2015-04-16 03:08:35.830012, MBW EHZ UW 01, baker130
2015-04-18 10:41:49.030292, MBW EHZ UW 01, baker130
2015-04-23 17:59:00.300012, MBW EHZ UW 01, baker131
2015-04-24 05:21:44.591038, MBW EHZ UW 01, baker131
2015-04-24 02:33:18.590005, MBW EHZ UW 01, baker132
2015-04-24 05:44:34.791038, MBW EHZ UW 01, baker132
2015-04-24 05:23:29.771038, MBW EHZ UW 01, baker133
2015-04-24 06:06:38.500317, MBW EHZ UW 01, baker133
2015-04-24 06:13:28.310317, MBW EHZ UW 01, baker133
2015-04-24 06:58:28.720087, MBW EHZ UW 01, baker134
2015-04-24 07:01:27.250087, MBW EHZ UW 01, baker134
2015-04-24 07:07:34.190087, MBW EHZ UW 01, baker134
2015-04-24 07:08:10.510087, MBW EHZ UW 01, baker134
2015-04-24 07:10:13.670087, MBW EHZ UW 01, baker134
2015-05-04 21:37:33.616945, MBW EHZ UW 01, baker135
2015-05-04 22:01:44.430816, MBW EHZ UW 01, baker135
2015-05-07 09:03:40.610005, MBW EHZ UW 01, baker136
2015-05-07 09:13:10.520005, MBW EHZ UW 01, baker136
2015-05-10 04:34:42.020013, MBW EHZ UW 01, baker136
2015-05-10 09:31:47.571263, MBW EHZ UW 01, baker136
2015-05-20 01:35:44.730022, MBW EHZ UW 01, baker136
2015-05-29 07:04:03.180009, MBW EHZ UW 01, baker136
2015-05-29 12:42:34.100010, MBW EHZ UW 01, baker136
2015-06-18 11:15:00.289998, MBW EHZ UW 01, baker136
2022-04-05 04:53:00.180000, MBW EHZ UW 01, baker136
2015-05-08 05:20:01.980017, MBW EHZ UW 01, baker137
2015-05-08 05:39:51.140017, MBW EHZ UW 01, baker137
2015-06-30 07:33:22.340023, MBW EHZ UW 01, baker138
2015-06-30 09:34:32.830005, MBW EHZ UW 01, baker138
2015-07-03 03:12:05.851389, MBW EHZ UW 01, baker138
2015-07-03 03:22:21.301389, MBW EHZ UW 01, baker138
2015-07-04 13:05:51.660008, MBW EHZ UW 01, baker138
2015-07-17 04:29:51.980008, MBW EHZ UW 01, baker138
2015-07-18 11:14:13.140001, MBW EHZ UW 01, baker138
2015-07-23 06:29:17.200100, MBW EHZ UW 01, baker138
2015-08-15 04:54:33.680004, MBW EHZ UW 01, baker138
2015-08-17 21:16:49.870000, MBW EHZ UW 01, baker138
2015-07-07 15:06:34.940026, MBW EHZ UW 01, baker139
2015-07-07 16:40:57.280013, MBW EHZ UW 01, baker139
2015-07-10 09:30:08.570015, MBW EHZ UW 01, baker139
2015-07-10 14:45:15.690273, MBW EHZ UW 01, baker139
2015-07-12 15:31:08.290002, MBW EHZ UW 01, baker139
2015-07-08 21:26:51.200003, MBW EHZ UW 01, baker140
2015-07-08 21:39:00.820003, MBW EHZ UW 01, baker140
2015-09-14 22:56:44.061378, MBW EHZ UW 01, baker141
2015-09-16 04:12:35.110011, MBW EHZ UW 01, baker141
2015-09-19 21:51:47.370005, MBW EHZ UW 01, baker142
2015-09-19 22:37:24.410009, MBW EHZ UW 01, baker142
2015-10-06 13:45:14.841372, MBW EHZ UW 01, baker143
2015-10-06 14:26:52.010173, MBW EHZ UW 01, baker143
2015-10-07 21:13:00.380435, MBW EHZ UW 01, baker143
2015-10-07 21:38:50.990435, MBW EHZ UW 01, baker143
2015-10-25 02:40:09.059998, MBW EHZ UW 01, baker144
2015-10-25 12:57:44.239999, MBW EHZ UW 01, baker144
2015-11-05 11:28:35.860111, MBW EHZ UW 01, baker145
2015-11-06 07:51:42.618418, MBW EHZ UW 01, baker145
2015-11-07 16:19:52.480014, MBW EHZ UW 01, baker146
2015-11-09 12:28:25.380000, MBW EHZ UW 01, baker146
2015-12-01 00:31:01.570009, MBW EHZ UW 01, baker146
2015-11-11 14:53:48.910266, MBW EHZ UW 01, baker147
2015-11-12 02:30:59.060440, MBW EHZ UW 01, baker147
2015-11-25 20:12:12.920005, MBW EHZ UW 01, baker148
2015-11-25 21:20:51.467829, MBW EHZ UW 01, baker148
2015-11-25 22:33:49.451131, MBW EHZ UW 01, baker148
2016-02-04 01:13:29.140173, MBW EHZ UW 01, baker149
2016-02-04 01:33:12.750173, MBW EHZ UW 01, baker149
2016-02-04 02:17:26.830006, MBW EHZ UW 01, baker149
2016-02-04 09:12:27.450630, MBW EHZ UW 01, baker149
2016-02-05 22:13:29.070000, MBW EHZ UW 01, baker150
2016-02-09 19:05:22.410006, MBW EHZ UW 01, baker150
2016-03-18 23:11:51.740016, MBW EHZ UW 01, baker150
2016-03-27 02:33:00.920003, MBW EHZ UW 01, baker150
2016-04-18 16:24:20.380034, MBW EHZ UW 01, baker150
2016-05-07 04:52:55.600009, MBW EHZ UW 01, baker150
2016-06-25 23:15:37.100010, MBW EHZ UW 01, baker150
2016-03-02 00:16:29.640008, MBW EHZ UW 01, baker151
2016-03-02 00:18:10.570008, MBW EHZ UW 01, baker151
2016-03-03 05:36:09.910860, MBW EHZ UW 01, baker151
2016-03-05 18:39:16.120268, MBW EHZ UW 01, baker152
2016-03-05 18:39:49.340268, MBW EHZ UW 01, baker152
2016-04-06 23:14:21.300011, MBW EHZ UW 01, baker153
2016-04-07 03:31:04.589999, MBW EHZ UW 01, baker153
2016-05-02 23:05:50.300012, MBW EHZ UW 01, baker154
2016-05-07 21:17:10.330710, MBW EHZ UW 01, baker154
2016-06-15 23:12:46.801000, MBW EHZ UW 01, baker154
2016-07-31 17:14:28.310004, MBW EHZ UW 01, baker154
2016-05-03 00:21:22.450924, MBW EHZ UW 01, baker155
2016-05-07 20:22:34.624542, MBW EHZ UW 01, baker155
2016-05-15 19:48:04.050003, MBW EHZ UW 01, baker155
2016-05-21 00:34:07.860011, MBW EHZ UW 01, baker155
2016-06-12 19:48:07.030006, MBW EHZ UW 01, baker155
2016-06-16 20:05:03.560006, MBW EHZ UW 01, baker155
2016-10-13 18:20:59.390014, MBW EHZ UW 01, baker155
2016-05-03 18:41:59.061259, MBW EHZ UW 01, baker156
2016-05-05 18:52:56.080862, MBW EHZ UW 01, baker156
2016-05-28 08:29:42.450002, MBW EHZ UW 01, baker157
2016-05-29 05:18:11.951402, MBW EHZ UW 01, baker157
2017-07-27 15:58:13.590000, MBW EHZ UW 01, baker157
2016-06-15 14:11:28.430929, MBW EHZ UW 01, baker158
2016-06-18 11:19:35.730005, MBW EHZ UW 01, baker158
2016-06-18 11:28:47.080005, MBW EHZ UW 01, baker158
2018-09-04 22:59:53.590004, MBW EHZ UW 01, baker158
2023-03-09 07:41:06.060000, MBW EHZ UW 01, baker158
2016-07-01 20:05:26.780019, MBW EHZ UW 01, baker159
2016-07-01 21:18:18.650113, MBW EHZ UW 01, baker159
2016-07-02 00:13:50.530011, MBW EHZ UW 01, baker159
2016-08-11 18:10:19.400376, MBW EHZ UW 01, baker159
2017-01-22 00:11:12.441431, MBW EHZ UW 01, baker159
2017-01-22 00:12:27.861431, MBW EHZ UW 01, baker159
2017-01-22 06:41:29.310273, MBW EHZ UW 01, baker159
2017-04-16 19:56:13.250011, MBW EHZ UW 01, baker159
2017-04-16 21:36:41.850019, MBW EHZ UW 01, baker159
2017-04-16 23:09:13.530054, MBW EHZ UW 01, baker159
2016-07-01 20:18:43.930179, MBW EHZ UW 01, baker160
2016-07-01 20:24:04.570179, MBW EHZ UW 01, baker160
2016-07-01 20:33:11.979994, MBW EHZ UW 01, baker160
2016-07-02 05:52:26.440014, MBW EHZ UW 01, baker160
2016-07-02 08:43:10.500000, MBW EHZ UW 01, baker160
2016-07-03 09:41:24.310009, MBW EHZ UW 01, baker160
2016-07-03 13:48:08.129986, MBW EHZ UW 01, baker160
2016-07-06 09:01:40.680064, MBW EHZ UW 01, baker160
2016-07-10 08:28:33.990006, MBW EHZ UW 01, baker160
2016-07-11 19:02:01.900147, MBW EHZ UW 01, baker160
2016-08-30 09:05:39.221209, MBW EHZ UW 01, baker160
2016-08-30 12:32:58.820466, MBW EHZ UW 01, baker160
2016-08-31 06:26:36.300149, MBW EHZ UW 01, baker160
2016-07-03 23:44:35.460428, MBW EHZ UW 01, baker161
2016-07-03 23:46:09.800428, MBW EHZ UW 01, baker161
2016-07-04 01:18:04.230183, MBW EHZ UW 01, baker161
2016-07-04 13:54:33.670006, MBW EHZ UW 01, baker161
2016-07-09 16:17:33.009918, MBW EHZ UW 01, baker161
2016-07-14 16:12:54.580041, MBW EHZ UW 01, baker161
2016-07-09 13:21:57.710137, MBW EHZ UW 01, baker162
2016-07-09 13:43:14.331150, MBW EHZ UW 01, baker162
2016-08-02 10:27:15.260163, MBW EHZ UW 01, baker163
2016-08-02 10:48:04.279989, MBW EHZ UW 01, baker163
2016-08-22 00:38:56.990171, MBW EHZ UW 01, baker164
2016-08-22 04:47:55.810719, MBW EHZ UW 01, baker164
2016-08-28 19:36:40.460072, MBW EHZ UW 01, baker165
2016-08-29 09:40:38.370014, MBW EHZ UW 01, baker165
2016-09-05 04:21:16.999998, MBW EHZ UW 01, baker166
2016-09-06 06:23:48.320005, MBW EHZ UW 01, baker166
2016-09-09 09:52:50.621445, MBW EHZ UW 01, baker167
2016-09-09 12:12:11.140504, MBW EHZ UW 01, baker167
2016-10-02 18:07:42.970004, MBW EHZ UW 01, baker167
2016-10-03 01:14:59.360002, MBW EHZ UW 01, baker167
2016-09-25 05:03:41.450915, MBW EHZ UW 01, baker168
2016-09-25 09:52:40.760002, MBW EHZ UW 01, baker168
2016-10-11 08:50:05.671020, MBW EHZ UW 01, baker169
2016-10-11 11:16:43.330010, MBW EHZ UW 01, baker169
2016-10-19 06:48:37.590437, MBW EHZ UW 01, baker170
2016-10-19 07:10:11.840539, MBW EHZ UW 01, baker170
2016-12-21 03:18:31.690857, MBW EHZ UW 01, baker171
2016-12-24 16:47:48.479999, MBW EHZ UW 01, baker171
2016-12-26 07:05:52.900010, MBW EHZ UW 01, baker171
2017-01-14 11:45:15.920019, MBW EHZ UW 01, baker171
2017-01-15 03:20:38.180716, MBW EHZ UW 01, baker171
2017-01-15 04:10:19.540011, MBW EHZ UW 01, baker171
2022-05-17 08:07:39.560000, MBW EHZ UW 01, baker171
2022-05-17 08:11:08.260000, MBW EHZ UW 01, baker171
2022-05-17 08:13:28.260000, MBW EHZ UW 01, baker171
2022-05-17 08:39:46.700000, MBW EHZ UW 01, baker171
2022-05-17 08:40:22.210000, MBW EHZ UW 01, baker171
2022-05-17 09:03:25, MBW EHZ UW 01, baker171
2022-05-17 09:07:20.880000, MBW EHZ UW 01, baker171
2022-05-17 11:41:48.810000, MBW EHZ UW 01, baker171
2022-05-17 12:25:17.090000, MBW EHZ UW 01, baker171
2022-05-18 01:15:46.060000, MBW EHZ UW 01, baker171
2022-05-18 04:53:15.340000, MBW EHZ UW 01, baker171
2022-05-19 09:00:42.880000, MBW EHZ UW 01, baker171
2022-05-30 21:45:23.380000, MBW EHZ UW 01, baker171
2022-06-14 01:30:58.940000, MBW EHZ UW 01, baker171
2022-06-25 20:18:45.370000, MBW EHZ UW 01, baker171
2022-06-25 20:20:17.630000, MBW EHZ UW 01, baker171
2022-07-05 15:15:09, MBW EHZ UW 01, baker171
2022-07-14 09:34:41.620000, MBW EHZ UW 01, baker171
2022-07-15 02:40:41.530000, MBW EHZ UW 01, baker171
2023-09-18 01:32:19.140000, MBW EHZ UW 01, baker171
2016-12-22 12:24:50.639996, MBW EHZ UW 01, baker172
2016-12-26 20:24:38.640009, MBW EHZ UW 01, baker172
2017-04-25 22:33:33.530000, MBW EHZ UW 01, baker173
2017-04-26 19:52:42.270000, MBW EHZ UW 01, baker173
2017-04-27 19:09:23.510000, MBW EHZ UW 01, baker173
2017-04-28 01:23:14.450000, MBW EHZ UW 01, baker173
2017-05-03 19:20:59.090000, MBW EHZ UW 01, baker174
2017-05-04 07:44:08.870000, MBW EHZ UW 01, baker174
2017-05-04 11:21:14.380000, MBW EHZ UW 01, baker174
2017-05-05 03:20:10.720000, MBW EHZ UW 01, baker174
2020-05-12 11:49:57.370000, MBW EHZ UW 01, baker174
2022-06-25 13:08:51.340000, MBW EHZ UW 01, baker174
2017-05-18 18:11:55.140000, MBW EHZ UW 01, baker175
2017-05-18 18:15:55.230000, MBW EHZ UW 01, baker175
2017-06-01 14:47:02.880000, MBW EHZ UW 01, baker176
2017-06-02 15:26:28.780000, MBW EHZ UW 01, baker176
2017-06-20 02:03:39.130000, MBW EHZ UW 01, baker176
2024-01-30 19:49:59.870000, MBW EHZ UW 01, baker176
2024-01-31 05:20:25.750000, MBW EHZ UW 01, baker176
2024-04-16 20:46:53.840000, MBW EHZ UW 01, baker176
2024-04-23 13:09:26.980000, MBW EHZ UW 01, baker176
2024-04-26 13:10:38.530000, MBW EHZ UW 01, baker176
2024-06-27 05:47:13.010000, MBW EHZ UW 01, baker176
2024-06-27 21:37:44.910000, MBW EHZ UW 01, baker176
2024-06-27 22:16:36.110000, MBW EHZ UW 01, baker176
2024-06-27 22:26:31.440000, MBW EHZ UW 01, baker176
2024-06-28 00:24:46.460000, MBW EHZ UW 01, baker176
2024-07-02 17:44:47.340000, MBW EHZ UW 01, baker176
2024-07-12 10:23:27.970000, MBW EHZ UW 01, baker176
2024-07-15 14:06:51.640000, MBW EHZ UW 01, baker176
2024-08-01 03:27:03.170000, MBW EHZ UW 01, baker176
2024-08-05 14:05:15.230000, MBW EHZ UW 01, baker176
2024-08-29 04:24:01.460000, MBW EHZ UW 01, baker176
2024-08-29 05:02:17.640000, MBW EHZ UW 01, baker176
2024-09-12 09:18:26.050000, MBW EHZ UW 01, baker176
2024-09-21 08:03:56.740000, MBW EHZ UW 01, baker176
2024-09-21 08:28:20.270000, MBW EHZ UW 01, baker176
2024-10-03 13:18:29.110000, MBW EHZ UW 01, baker176
2024-10-28 12:18:42.480000, MBW EHZ UW 01, baker176
2017-06-25 03:20:40.490000, MBW EHZ UW 01, baker177
2017-06-25 03:25:25.030000, MBW EHZ UW 01, baker177
2017-06-26 03:31:18.630000, MBW EHZ UW 01, baker177
2017-07-06 10:48:06.410000, MBW EHZ UW 01, baker178
2017-07-06 15:31:13.100000, MBW EHZ UW 01, baker178
2017-07-10 04:16:20.150000, MBW EHZ UW 01, baker179
2017-07-10 22:39:03.350000, MBW EHZ UW 01, baker179
2017-07-10 22:46:37.810000, MBW EHZ UW 01, baker179
2017-07-10 06:15:22.810000, MBW EHZ UW 01, baker180
2017-07-11 05:33:52.310000, MBW EHZ UW 01, baker180
2017-08-21 20:25:30.740005, MBW EHZ UW 01, baker181
2017-08-22 19:44:45.700009, MBW EHZ UW 01, baker181
2017-08-29 18:50:40.810003, MBW EHZ UW 01, baker182
2017-08-29 18:53:28.040003, MBW EHZ UW 01, baker182
2017-08-30 08:56:30.610168, MBW EHZ UW 01, baker182
2017-10-01 02:32:53.630001, MBW EHZ UW 01, baker182
2017-12-04 19:56:36.020010, MBW EHZ UW 01, baker182
2017-12-04 20:20:22.740210, MBW EHZ UW 01, baker182
2017-12-06 05:43:27.050007, MBW EHZ UW 01, baker182
2017-12-17 08:06:16.830003, MBW EHZ UW 01, baker182
2017-09-02 14:51:40.700068, MBW EHZ UW 01, baker183
2017-09-03 15:48:05.990476, MBW EHZ UW 01, baker183
2017-09-03 18:05:38.010002, MBW EHZ UW 01, baker183
2017-09-14 20:18:30.069987, MBW EHZ UW 01, baker184
2017-09-14 20:41:52.860035, MBW EHZ UW 01, baker184
2017-09-15 03:09:03.270076, MBW EHZ UW 01, baker184
2017-09-15 11:06:26.680067, MBW EHZ UW 01, baker184
2017-09-15 11:07:48.790067, MBW EHZ UW 01, baker184
2017-09-16 13:42:02.699993, MBW EHZ UW 01, baker184
2017-09-17 10:37:55.390813, MBW EHZ UW 01, baker184
2017-09-15 11:06:01.670067, MBW EHZ UW 01, baker185
2017-09-15 11:07:23.770067, MBW EHZ UW 01, baker185
2017-10-03 23:10:30.990433, MBW EHZ UW 01, baker186
2017-10-03 23:15:26.645633, MBW EHZ UW 01, baker186
2017-10-04 20:44:38.931285, MBW EHZ UW 01, baker187
2017-10-05 02:49:42.290009, MBW EHZ UW 01, baker187
2017-10-05 03:27:44.960003, MBW EHZ UW 01, baker187
2017-10-08 19:25:33.250939, MBW EHZ UW 01, baker187
2017-10-06 11:51:34.381399, MBW EHZ UW 01, baker188
2017-10-06 11:55:33.381399, MBW EHZ UW 01, baker188
2017-10-09 08:26:52.420113, MBW EHZ UW 01, baker189
2017-10-09 19:31:10.080046, MBW EHZ UW 01, baker189
2017-10-10 05:34:23.320013, MBW EHZ UW 01, baker190
2017-10-10 06:40:16.410025, MBW EHZ UW 01, baker190
2017-10-11 02:21:21.600003, MBW EHZ UW 01, baker191
2017-10-14 04:09:32.050235, MBW EHZ UW 01, baker191
2017-10-17 02:06:45.321071, MBW EHZ UW 01, baker191
2017-10-28 02:07:11.200015, MBW EHZ UW 01, baker191
2017-11-11 11:17:13.569997, MBW EHZ UW 01, baker191
2017-11-26 12:29:18.020025, MBW EHZ UW 01, baker191
2017-10-12 19:04:19.791321, MBW EHZ UW 01, baker192
2017-10-13 04:33:40.960099, MBW EHZ UW 01, baker192
2017-10-25 17:56:16.151380, MBW EHZ UW 01, baker193
2017-10-28 14:31:39.770998, MBW EHZ UW 01, baker193
2017-11-02 13:25:12.317007, MBW EHZ UW 01, baker194
2017-11-04 20:35:05.271257, MBW EHZ UW 01, baker194
2017-11-11 05:21:30.151110, MBW EHZ UW 01, baker194
2017-11-03 21:24:49.040202, MBW EHZ UW 01, baker195
2017-11-03 23:08:33.361328, MBW EHZ UW 01, baker195
2018-01-14 16:26:07.140008, MBW EHZ UW 01, baker195
2018-01-20 09:39:52.640005, MBW EHZ UW 01, baker195
2023-12-13 05:02:22.810000, MBW EHZ UW 01, baker195
2017-11-27 15:26:44.300006, MBW EHZ UW 01, baker196
2017-11-27 22:57:51.280012, MBW EHZ UW 01, baker196
2017-12-05 16:03:17.360001, MBW EHZ UW 01, baker197
2017-12-07 13:30:24.530011, MBW EHZ UW 01, baker197
2017-12-16 11:31:02.160013, MBW EHZ UW 01, baker197
2017-12-13 06:09:49.810075, MBW EHZ UW 01, baker198
2017-12-13 12:03:22.140002, MBW EHZ UW 01, baker198
2017-12-23 14:34:27.790002, MBW EHZ UW 01, baker198
2018-01-01 17:06:51.780139, MBW EHZ UW 01, baker199
2018-01-02 18:04:54.230011, MBW EHZ UW 01, baker199
2018-01-03 08:37:42.591359, MBW EHZ UW 01, baker200
2018-01-03 08:40:33.011359, MBW EHZ UW 01, baker200
2018-01-04 20:51:55.790467, MBW EHZ UW 01, baker201
2018-01-04 23:08:11.940013, MBW EHZ UW 01, baker201
2018-02-06 15:04:47.541239, MBW EHZ UW 01, baker202
2018-02-06 19:40:51.260003, MBW EHZ UW 01, baker202
2018-02-06 21:11:50.329947, MBW EHZ UW 01, baker202
2018-03-23 00:28:39.211262, MBW EHZ UW 01, baker202
2018-04-07 21:36:03.740026, MBW EHZ UW 01, baker202
2018-03-04 23:26:45.181118, MBW EHZ UW 01, baker203
2018-03-05 05:27:22.590016, MBW EHZ UW 01, baker203
2018-03-21 16:01:32.734866, MBW EHZ UW 01, baker204
2018-03-24 08:29:55.210315, MBW EHZ UW 01, baker204
2018-03-24 17:36:31.540074, MBW EHZ UW 01, baker204
2018-03-23 22:34:11.570003, MBW EHZ UW 01, baker205
2018-03-24 00:45:11.210002, MBW EHZ UW 01, baker205
2018-03-24 17:52:36.490074, MBW EHZ UW 01, baker205
2018-03-30 23:52:03.799997, MBW EHZ UW 01, baker205
2018-05-07 14:31:44.870008, MBW EHZ UW 01, baker205
2018-05-07 14:38:36.580008, MBW EHZ UW 01, baker205
2018-03-24 15:05:39.678741, MBW EHZ UW 01, baker206
2018-03-25 01:31:22.640017, MBW EHZ UW 01, baker206
2018-06-18 20:57:43.990003, MBW EHZ UW 01, baker207
2018-06-18 21:13:22.971011, MBW EHZ UW 01, baker207
2018-09-11 15:05:21.890037, MBW EHZ UW 01, baker207
2018-09-11 17:20:04.820036, MBW EHZ UW 01, baker207
2018-07-05 08:06:16.360008, MBW EHZ UW 01, baker208
2018-07-05 15:15:49.620623, MBW EHZ UW 01, baker208
2023-02-06 02:38:33.900000, MBW EHZ UW 01, baker208
2018-07-10 12:39:21.660010, MBW EHZ UW 01, baker209
2018-07-11 13:07:46.780011, MBW EHZ UW 01, baker209
2018-07-21 05:01:36.991306, MBW EHZ UW 01, baker209
2018-07-10 18:37:15.440465, MBW EHZ UW 01, baker210
2018-07-15 10:35:50.580011, MBW EHZ UW 01, baker210
2018-08-03 19:52:15.450004, MBW EHZ UW 01, baker211
2018-08-03 19:57:33.040004, MBW EHZ UW 01, baker211
2018-08-10 18:01:50.070000, MBW EHZ UW 01, baker212
2018-08-11 19:42:46.840325, MBW EHZ UW 01, baker212
2018-08-20 09:15:56.059999, MBW EHZ UW 01, baker213
2018-08-23 22:39:25.879994, MBW EHZ UW 01, baker213
2018-09-27 14:56:54.690862, MBW EHZ UW 01, baker213
2018-10-22 20:45:32.500003, MBW EHZ UW 01, baker213
2018-08-22 09:50:19.340034, MBW EHZ UW 01, baker214
2018-08-22 09:51:54.320034, MBW EHZ UW 01, baker214
2018-08-22 12:02:02.820155, MBW EHZ UW 01, baker214
2018-08-22 14:14:07.861265, MBW EHZ UW 01, baker214
2018-08-24 17:35:09.950458, MBW EHZ UW 01, baker214
2018-08-22 09:51:34.360034, MBW EHZ UW 01, baker215
2018-08-22 09:53:09.320034, MBW EHZ UW 01, baker215
2018-08-22 10:13:01.499998, MBW EHZ UW 01, baker215
2018-08-22 14:15:22.871265, MBW EHZ UW 01, baker215
2018-08-23 03:35:05.360017, MBW EHZ UW 01, baker215
2018-08-23 13:50:43.009993, MBW EHZ UW 01, baker215
2018-08-24 12:22:32.910019, MBW EHZ UW 01, baker215
2018-08-24 17:36:24.950458, MBW EHZ UW 01, baker215
2018-08-25 12:03:34.090075, MBW EHZ UW 01, baker215
2018-08-25 19:13:37.301418, MBW EHZ UW 01, baker215
2018-08-28 06:59:15.530000, MBW EHZ UW 01, baker215
2018-08-22 09:59:16.890034, MBW EHZ UW 01, baker216
2018-08-23 03:33:50.270017, MBW EHZ UW 01, baker216
2018-08-31 04:32:20.410006, MBW EHZ UW 01, baker216
2018-09-01 06:20:55.530074, MBW EHZ UW 01, baker216
2018-09-02 05:58:58.200006, MBW EHZ UW 01, baker216
2018-09-03 13:32:36.890025, MBW EHZ UW 01, baker216
2018-08-22 11:13:08.940153, MBW EHZ UW 01, baker217
2018-08-22 15:42:37.840012, MBW EHZ UW 01, baker217
2018-08-22 18:56:11.250012, MBW EHZ UW 01, baker217
2018-08-24 10:51:20.640001, MBW EHZ UW 01, baker217
2018-08-29 10:34:02.760535, MBW EHZ UW 01, baker217
2018-08-30 14:54:29.140144, MBW EHZ UW 01, baker218
2018-08-30 15:08:48.130003, MBW EHZ UW 01, baker218
2018-09-17 02:54:12.760579, MBW EHZ UW 01, baker219
2018-09-17 21:49:54.420178, MBW EHZ UW 01, baker219
2018-11-01 10:27:04.760104, MBW EHZ UW 01, baker219
2018-10-22 04:18:58.040001, MBW EHZ UW 01, baker220
2018-10-24 07:52:48.601022, MBW EHZ UW 01, baker220
2018-10-26 07:03:13.970028, MBW EHZ UW 01, baker221
2018-10-29 00:25:45.540065, MBW EHZ UW 01, baker221
2018-11-30 06:52:48.930017, MBW EHZ UW 01, baker222
2018-11-30 22:11:52.090243, MBW EHZ UW 01, baker222
2018-12-04 00:54:11.519997, MBW EHZ UW 01, baker223
2018-12-04 02:41:28.000008, MBW EHZ UW 01, baker223
2018-12-06 04:13:01.191414, MBW EHZ UW 01, baker223
2018-12-05 10:31:07.690014, MBW EHZ UW 01, baker224
2018-12-05 10:33:07.790014, MBW EHZ UW 01, baker224
2018-12-18 01:09:02.910025, MBW EHZ UW 01, baker225
2018-12-19 19:22:33.470015, MBW EHZ UW 01, baker225
2018-12-19 19:49:01.130015, MBW EHZ UW 01, baker225
2018-12-21 19:26:06.389097, MBW EHZ UW 01, baker225
2019-01-11 13:14:08.220702, MBW EHZ UW 01, baker226
2019-01-11 14:22:41.820016, MBW EHZ UW 01, baker226
2019-03-31 23:20:27.840000, MBW EHZ UW 01, baker227
2019-04-01 15:00:40.140000, MBW EHZ UW 01, baker227
2019-08-03 04:27:37.560000, MBW EHZ UW 01, baker228
2019-08-03 04:32:43.200000, MBW EHZ UW 01, baker228
2019-08-03 07:10:51.810000, MBW EHZ UW 01, baker228
2019-08-04 04:42:33.250000, MBW EHZ UW 01, baker228
2019-12-19 03:11:21.620000, MBW EHZ UW 01, baker229
2019-12-19 12:42:14.980000, MBW EHZ UW 01, baker229
2020-01-24 06:54:28.220000, MBW EHZ UW 01, baker230
2020-01-25 17:22:50.700000, MBW EHZ UW 01, baker230
2022-01-14 06:17:23.750000, MBW EHZ UW 01, baker231
2022-01-15 05:24:28.630000, MBW EHZ UW 01, baker231
2022-01-27 09:51:05.390000, MBW EHZ UW 01, baker232
2022-01-27 11:03:15.670000, MBW EHZ UW 01, baker232
2022-02-03 11:41:03.110000, MBW EHZ UW 01, baker233
2022-02-05 08:30:17.050000, MBW EHZ UW 01, baker233
2022-04-13 08:31:14.260000, MBW EHZ UW 01, baker233
2022-02-03 11:41:33.840000, MBW EHZ UW 01, baker234
2022-02-05 08:30:47.780000, MBW EHZ UW 01, baker234
2022-04-13 08:31:44.990000, MBW EHZ UW 01, baker234
2022-02-05 07:52:35.100000, MBW EHZ UW 01, baker235
2022-02-07 01:09:55.100000, MBW EHZ UW 01, baker235
2022-02-05 07:52:54.990000, MBW EHZ UW 01, baker236
2022-02-05 08:26:01.420000, MBW EHZ UW 01, baker236
2022-02-07 01:10:14.990000, MBW EHZ UW 01, baker236
2022-02-05 08:39:18.960000, MBW EHZ UW 01, baker237
2022-02-05 08:51:36.210000, MBW EHZ UW 01, baker237
2025-03-14 03:59:22.710000, MBW EHZ UW 01, baker237
2022-02-18 23:19:30.040000, MBW EHZ UW 01, baker238
2022-02-19 02:37:18.610000, MBW EHZ UW 01, baker238
2022-08-26 19:14:41.960000, MBW EHZ UW 01, baker238
2022-08-26 22:02:13.670000, MBW EHZ UW 01, baker238
2023-05-02 23:11:11.930000, MBW EHZ UW 01, baker238
2023-05-03 02:41:13.720000, MBW EHZ UW 01, baker238
2023-05-03 04:47:39.630000, MBW EHZ UW 01, baker238
2023-05-03 07:27:18.440000, MBW EHZ UW 01, baker238
2023-11-30 16:12:45.320000, MBW EHZ UW 01, baker238
2022-03-11 07:17:58.150000, MBW EHZ UW 01, baker239
2022-03-14 04:54:23.830000, MBW EHZ UW 01, baker239
2022-03-14 06:18:35.970000, MBW EHZ UW 01, baker239
2022-03-14 07:09:31.330000, MBW EHZ UW 01, baker239
2022-03-14 19:49:16.140000, MBW EHZ UW 01, baker239
2022-03-26 08:27:18.930000, MBW EHZ UW 01, baker240
2022-03-27 14:39:14.450000, MBW EHZ UW 01, baker240
2022-04-19 15:12:13.140000, MBW EHZ UW 01, baker241
2022-04-20 19:05:30.240000, MBW EHZ UW 01, baker241
2022-04-26 23:22:18.840000, MBW EHZ UW 01, baker242
2022-04-28 03:48:49.730000, MBW EHZ UW 01, baker242
2023-08-08 01:51:22.930000, MBW EHZ UW 01, baker242
2023-08-08 10:17:38.960000, MBW EHZ UW 01, baker242
2023-08-08 10:30:01.340000, MBW EHZ UW 01, baker242
2023-08-08 10:47:37.070000, MBW EHZ UW 01, baker242
2023-08-08 11:51:27.820000, MBW EHZ UW 01, baker242
2023-08-18 08:39:39.860000, MBW EHZ UW 01, baker242
2023-08-22 04:23:29.360000, MBW EHZ UW 01, baker242
2023-08-23 17:43:53.200000, MBW EHZ UW 01, baker242
2023-09-17 07:09:09.470000, MBW EHZ UW 01, baker242
2023-10-16 13:08:20.010000, MBW EHZ UW 01, baker242
2024-03-10 13:05:32.570000, MBW EHZ UW 01, baker242
2025-01-10 17:11:40.300000, MBW EHZ UW 01, baker242
2025-01-20 21:35:29.970000, MBW EHZ UW 01, baker242
2025-01-21 01:03:39.950000, MBW EHZ UW 01, baker242
2025-01-21 07:53:24.410000, MBW EHZ UW 01, baker242
2025-02-25 05:48:37.910000, MBW EHZ UW 01, baker242
2022-04-26 23:22:41.060000, MBW EHZ UW 01, baker243
2022-04-28 03:49:11.950000, MBW EHZ UW 01, baker243
2023-08-22 04:23:51.580000, MBW EHZ UW 01, baker243
2023-08-23 17:44:15.410000, MBW EHZ UW 01, baker243
2023-09-29 08:58:15.520000, MBW EHZ UW 01, baker243
2023-10-16 13:08:42.220000, MBW EHZ UW 01, baker243
2022-04-27 07:58:47.760000, MBW EHZ UW 01, baker244
2022-04-27 14:21:51.170000, MBW EHZ UW 01, baker244
2022-05-01 11:15:59.710000, MBW EHZ UW 01, baker245
2022-05-01 13:07:00.260000, MBW EHZ UW 01, baker245
2022-05-01 21:17:50.470000, MBW EHZ UW 01, baker246
2022-05-02 10:51:02.840000, MBW EHZ UW 01, baker246
2022-05-07 05:07:28.010000, MBW EHZ UW 01, baker247
2022-05-07 05:28:15.150000, MBW EHZ UW 01, baker247
2022-05-17 02:12:15.860000, MBW EHZ UW 01, baker248
2022-05-17 02:15:55.560000, MBW EHZ UW 01, baker248
2022-05-17 04:38:03.510000, MBW EHZ UW 01, baker248
2022-05-17 08:35:57.040000, MBW EHZ UW 01, baker249
2022-05-17 08:42:13.140000, MBW EHZ UW 01, baker249
2022-10-10 06:42:54.270000, MBW EHZ UW 01, baker249
2022-10-10 06:43:49.220000, MBW EHZ UW 01, baker249
2023-06-27 19:02:17.900000, MBW EHZ UW 01, baker249
2022-05-22 07:21:58.160000, MBW EHZ UW 01, baker250
2022-05-22 13:59:04.880000, MBW EHZ UW 01, baker250
2022-11-09 18:01:44.110000, MBW EHZ UW 01, baker250
2022-11-12 07:20:47.030000, MBW EHZ UW 01, baker250
2022-11-12 07:41:04.850000, MBW EHZ UW 01, baker250
2022-11-25 11:39:39.750000, MBW EHZ UW 01, baker250
2023-01-12 16:40:33.520000, MBW EHZ UW 01, baker250
2023-02-27 06:52:35.730000, MBW EHZ UW 01, baker250
2023-06-22 07:49:40.040000, MBW EHZ UW 01, baker250
2023-07-07 07:20:40.700000, MBW EHZ UW 01, baker250
2023-07-28 17:49:22.770000, MBW EHZ UW 01, baker250
2023-08-02 01:44:11.650000, MBW EHZ UW 01, baker250
2023-09-05 01:08:27.160000, MBW EHZ UW 01, baker250
2023-09-21 21:24:17.560000, MBW EHZ UW 01, baker250
2023-09-22 08:33:04.300000, MBW EHZ UW 01, baker250
2023-09-26 14:17:23.760000, MBW EHZ UW 01, baker250
2023-10-12 05:11:45.770000, MBW EHZ UW 01, baker250
2023-10-23 10:43:02.330000, MBW EHZ UW 01, baker250
2023-10-26 10:38:51.200000, MBW EHZ UW 01, baker250
2023-11-03 12:05:37.390000, MBW EHZ UW 01, baker250
2023-12-22 03:30:08.060000, MBW EHZ UW 01, baker250
2024-02-09 09:30:24.110000, MBW EHZ UW 01, baker250
2024-02-12 06:23:35.500000, MBW EHZ UW 01, baker250
2024-05-21 10:02:56.570000, MBW EHZ UW 01, baker250
2024-05-25 22:36:12.870000, MBW EHZ UW 01, baker250
2024-06-11 05:03:27.410000, MBW EHZ UW 01, baker250
2024-06-24 13:47:48.340000, MBW EHZ UW 01, baker250
2024-07-14 12:55:50.920000, MBW EHZ UW 01, baker250
2024-08-17 11:48:02.900000, MBW EHZ UW 01, baker250
2024-08-21 08:18:37.030000, MBW EHZ UW 01, baker250
2024-09-04 01:32:00.790000, MBW EHZ UW 01, baker250
2024-09-20 00:47:02.420000, MBW EHZ UW 01, baker250
2024-10-14 07:51:32.570000, MBW EHZ UW 01, baker250
2024-10-17 11:29:50.460000, MBW EHZ UW 01, baker250
2024-10-20 12:42:48.320000, MBW EHZ UW 01, baker250
2024-10-29 06:25:32.040000, MBW EHZ UW 01, baker250
2024-10-31 06:13:55.830000, MBW EHZ UW 01, baker250
2024-11-02 05:15:18.020000, MBW EHZ UW 01, baker250
2024-11-06 15:50:22.500000, MBW EHZ UW 01, baker250
2024-11-10 09:54:56.720000, MBW EHZ UW 01, baker250
2024-12-21 15:43:47.990000, MBW EHZ UW 01, baker250
2025-01-18 06:16:11.550000, MBW EHZ UW 01, baker250
2025-01-23 11:25:39.810000, MBW EHZ UW 01, baker250
2025-03-22 01:27:31.950000, MBW EHZ UW 01, baker250
2025-03-31 09:54:19.170000, MBW EHZ UW 01, baker250
2022-06-14 23:04:01.880000, MBW EHZ UW 01, baker251
2022-06-15 19:05:27.940000, MBW EHZ UW 01, baker251
2022-06-15 13:19:07.110000, MBW EHZ UW 01, baker252
2022-06-15 14:22:34.970000, MBW EHZ UW 01, baker252
2022-06-30 03:33:19.470000, MBW EHZ UW 01, baker253
2022-06-30 05:28:33.220000, MBW EHZ UW 01, baker253
2022-07-04 01:21:45.540000, MBW EHZ UW 01, baker254
2022-07-04 04:39:28.390000, MBW EHZ UW 01, baker254
2023-04-14 00:20:05.820000, MBW EHZ UW 01, baker254
2023-05-07 01:22:59.300000, MBW EHZ UW 01, baker254
2022-07-08 23:52:02.010000, MBW EHZ UW 01, baker255
2022-07-09 17:38:34.470000, MBW EHZ UW 01, baker255
2022-07-09 21:12:23.370000, MBW EHZ UW 01, baker255
2022-07-10 00:23:11.380000, MBW EHZ UW 01, baker255
2022-07-08 23:52:26.180000, MBW EHZ UW 01, baker256
2022-07-09 17:38:58.640000, MBW EHZ UW 01, baker256
2022-07-16 02:23:28.900000, MBW EHZ UW 01, baker257
2022-07-17 09:57:21.360000, MBW EHZ UW 01, baker257
2022-07-19 15:14:05.590000, MBW EHZ UW 01, baker257
2022-07-19 15:14:32.310000, MBW EHZ UW 01, baker257
2022-07-22 12:51:10.480000, MBW EHZ UW 01, baker257
2022-09-06 00:25:55.350000, MBW EHZ UW 01, baker257
2022-09-08 02:26:44.700000, MBW EHZ UW 01, baker257
2022-09-18 05:54:59.040000, MBW EHZ UW 01, baker257
2022-07-26 08:49:15.010000, MBW EHZ UW 01, baker258
2022-07-30 02:25:11.840000, MBW EHZ UW 01, baker258
2022-07-30 15:36:51.540000, MBW EHZ UW 01, baker258
2022-08-03 07:04:11.900000, MBW EHZ UW 01, baker258
2022-08-04 23:21:23.990000, MBW EHZ UW 01, baker258
2022-08-06 09:50:31.800000, MBW EHZ UW 01, baker258
2022-08-13 02:58:30.090000, MBW EHZ UW 01, baker258
2022-08-15 14:13:02.360000, MBW EHZ UW 01, baker258
2022-08-27 06:43:37.380000, MBW EHZ UW 01, baker258
2022-09-02 12:39:38.120000, MBW EHZ UW 01, baker258
2022-09-04 07:33:00.390000, MBW EHZ UW 01, baker258
2022-09-11 11:56:53.330000, MBW EHZ UW 01, baker258
2022-09-16 13:32:22.520000, MBW EHZ UW 01, baker258
2022-09-22 03:35:57.700000, MBW EHZ UW 01, baker258
2022-09-30 05:28:47.230000, MBW EHZ UW 01, baker258
2022-10-03 02:32:57.680000, MBW EHZ UW 01, baker258
2022-10-17 08:19:12.080000, MBW EHZ UW 01, baker258
2022-11-10 23:17:18.440000, MBW EHZ UW 01, baker258
2023-08-20 06:04:35.830000, MBW EHZ UW 01, baker258
2023-08-22 09:10:01.730000, MBW EHZ UW 01, baker258
2023-08-25 04:01:18.790000, MBW EHZ UW 01, baker258
2023-08-31 02:07:14.410000, MBW EHZ UW 01, baker258
2023-09-28 02:49:12.290000, MBW EHZ UW 01, baker258
2023-11-07 12:57:12.390000, MBW EHZ UW 01, baker258
2022-07-30 11:23:03.750000, MBW EHZ UW 01, baker259
2022-07-30 17:25:06.650000, MBW EHZ UW 01, baker259
2022-07-31 02:04:29.440000, MBW EHZ UW 01, baker259
2022-08-01 19:04:58.470000, MBW EHZ UW 01, baker259
2022-08-01 23:02:02.650000, MBW EHZ UW 01, baker259
2022-08-02 11:54:43.510000, MBW EHZ UW 01, baker259
2022-08-02 12:04:35.650000, MBW EHZ UW 01, baker259
2022-07-30 11:23:23.590000, MBW EHZ UW 01, baker260
2022-08-01 22:35:03.310000, MBW EHZ UW 01, baker260
2022-08-07 07:49:57.230000, MBW EHZ UW 01, baker261
2022-08-08 07:47:01.830000, MBW EHZ UW 01, baker261
2022-12-13 09:17:28.060000, MBW EHZ UW 01, baker261
2022-08-09 08:32:52.760000, MBW EHZ UW 01, baker262
2022-08-09 10:28:42.490000, MBW EHZ UW 01, baker262
2022-08-12 00:42:11.850000, MBW EHZ UW 01, baker262
2022-08-14 06:58:15.170000, MBW EHZ UW 01, baker263
2022-08-15 07:59:57.080000, MBW EHZ UW 01, baker263
2022-08-15 20:36:27.600000, MBW EHZ UW 01, baker264
2022-08-17 23:52:09.640000, MBW EHZ UW 01, baker264
2022-08-24 00:20:12.310000, MBW EHZ UW 01, baker264
2022-08-24 18:59:24.810000, MBW EHZ UW 01, baker264
2022-08-25 03:19:17.110000, MBW EHZ UW 01, baker264
2022-08-25 05:55:27.340000, MBW EHZ UW 01, baker264
2022-08-25 11:49:54.650000, MBW EHZ UW 01, baker264
2022-08-25 16:53:39.640000, MBW EHZ UW 01, baker264
2022-08-25 19:54:35.520000, MBW EHZ UW 01, baker264
2022-08-30 23:01:36.470000, MBW EHZ UW 01, baker264
2022-08-31 03:47:27.170000, MBW EHZ UW 01, baker264
2022-08-31 08:20:54.490000, MBW EHZ UW 01, baker264
2022-08-31 13:12:15.930000, MBW EHZ UW 01, baker264
2022-09-01 01:25:35.660000, MBW EHZ UW 01, baker264
2022-09-01 12:43:39.390000, MBW EHZ UW 01, baker264
2022-09-01 18:10:01.300000, MBW EHZ UW 01, baker264
2022-09-02 06:56:21.310000, MBW EHZ UW 01, baker264
2022-09-03 01:33:23.880000, MBW EHZ UW 01, baker264
2022-09-03 04:55:54.330000, MBW EHZ UW 01, baker264
2022-09-03 07:53:24.560000, MBW EHZ UW 01, baker264
2022-09-03 23:39:50.030000, MBW EHZ UW 01, baker264
2022-09-04 07:12:09.490000, MBW EHZ UW 01, baker264
2022-09-12 01:09:21.640000, MBW EHZ UW 01, baker264
2022-09-30 21:32:18.260000, MBW EHZ UW 01, baker264
2022-10-01 21:25:34.330000, MBW EHZ UW 01, baker264
2022-10-02 23:14:51.280000, MBW EHZ UW 01, baker264
2023-08-26 00:39:47.570000, MBW EHZ UW 01, baker264
2023-08-27 22:26:39.020000, MBW EHZ UW 01, baker264
2023-09-10 21:39:58.170000, MBW EHZ UW 01, baker264
2023-10-08 22:54:39.190000, MBW EHZ UW 01, baker264
2022-08-16 15:57:42.970000, MBW EHZ UW 01, baker265
2022-08-22 22:52:38.950000, MBW EHZ UW 01, baker265
2022-10-18 20:55:59.930000, MBW EHZ UW 01, baker265
2023-02-14 18:37:08.930000, MBW EHZ UW 01, baker265
2023-07-20 20:21:43.340000, MBW EHZ UW 01, baker265
2023-08-21 18:14:43.640000, MBW EHZ UW 01, baker265
2023-09-22 16:43:47.830000, MBW EHZ UW 01, baker265
2024-06-14 17:13:47.670000, MBW EHZ UW 01, baker265
2024-10-09 22:11:32.870000, MBW EHZ UW 01, baker265
2022-08-31 19:07:07.310000, MBW EHZ UW 01, baker266
2022-08-31 19:34:51.090000, MBW EHZ UW 01, baker266
2022-10-02 14:56:46.050000, MBW EHZ UW 01, baker266
2022-12-25 03:45:45.150000, MBW EHZ UW 01, baker266
2023-02-16 16:08:32.980000, MBW EHZ UW 01, baker266
2023-08-07 07:30:53.350000, MBW EHZ UW 01, baker266
2024-02-13 07:20:33.610000, MBW EHZ UW 01, baker266
2024-04-01 01:53:38.760000, MBW EHZ UW 01, baker266
2022-09-05 17:42:01.240000, MBW EHZ UW 01, baker267
2022-09-09 12:57:17.920000, MBW EHZ UW 01, baker267
2022-09-09 12:58:24.240000, MBW EHZ UW 01, baker267
2022-09-10 10:57:13.470000, MBW EHZ UW 01, baker267
2022-09-08 11:45:14.660000, MBW EHZ UW 01, baker268
2022-09-08 23:46:20.020000, MBW EHZ UW 01, baker268
2022-09-11 21:34:41.990000, MBW EHZ UW 01, baker268
2022-09-14 19:29:07.900000, MBW EHZ UW 01, baker269
2022-09-15 18:59:00.650000, MBW EHZ UW 01, baker269
2022-09-17 09:10:36.120000, MBW EHZ UW 01, baker270
2022-09-17 09:12:50.090000, MBW EHZ UW 01, baker270
2022-09-24 21:52:35.690000, MBW EHZ UW 01, baker271
2022-09-25 02:02:04.300000, MBW EHZ UW 01, baker271
2022-09-25 03:12:56.520000, MBW EHZ UW 01, baker271
2022-09-26 06:51:10, MBW EHZ UW 01, baker272
2022-09-26 06:56:12.140000, MBW EHZ UW 01, baker272
2022-09-26 19:53:58.800000, MBW EHZ UW 01, baker272
2022-09-26 20:21:37.910000, MBW EHZ UW 01, baker272
2022-09-27 02:35:18.320000, MBW EHZ UW 01, baker272
2022-09-27 03:51:27.480000, MBW EHZ UW 01, baker272
2022-09-27 17:33:32.910000, MBW EHZ UW 01, baker272
2022-10-04 22:02:20.410000, MBW EHZ UW 01, baker272
2022-10-05 06:03:44.600000, MBW EHZ UW 01, baker272
2022-10-11 08:32:11.380000, MBW EHZ UW 01, baker272
2022-10-14 10:14:06.930000, MBW EHZ UW 01, baker272
2022-10-24 14:22:50.590000, MBW EHZ UW 01, baker272
2022-10-26 11:06:53.560000, MBW EHZ UW 01, baker272
2022-10-09 01:38:21.420000, MBW EHZ UW 01, baker273
2022-10-09 06:01:40.470000, MBW EHZ UW 01, baker273
2022-10-09 01:38:55.790000, MBW EHZ UW 01, baker274
2022-10-09 06:02:14.810000, MBW EHZ UW 01, baker274
2022-10-15 11:28:55.100000, MBW EHZ UW 01, baker275
2022-10-15 12:26:45.340000, MBW EHZ UW 01, baker275
2022-10-22 08:08:55.040000, MBW EHZ UW 01, baker276
2022-10-22 18:04:32.490000, MBW EHZ UW 01, baker276
2022-10-22 08:09:14.040000, MBW EHZ UW 01, baker277
2022-10-22 18:04:51.490000, MBW EHZ UW 01, baker277
2022-10-31 02:42:45.250000, MBW EHZ UW 01, baker278
2022-11-01 06:16:36.270000, MBW EHZ UW 01, baker278
2022-10-31 02:43:16.510000, MBW EHZ UW 01, baker279
2022-11-01 06:17:07.530000, MBW EHZ UW 01, baker279
2022-11-09 14:06:52.540000, MBW EHZ UW 01, baker280
2022-11-09 14:14:17.780000, MBW EHZ UW 01, baker280
2022-11-23 07:26:29.310000, MBW EHZ UW 01, baker281
2022-11-23 09:40:58.590000, MBW EHZ UW 01, baker281
2022-11-24 08:25:03.820000, MBW EHZ UW 01, baker281
2022-11-30 01:28:35.390000, MBW EHZ UW 01, baker281
2022-11-24 22:16:02.520000, MBW EHZ UW 01, baker282
2022-11-24 23:45:58.110000, MBW EHZ UW 01, baker282
2022-11-29 23:55:05.180000, MBW EHZ UW 01, baker283
2022-11-30 01:00:02.480000, MBW EHZ UW 01, baker283
2022-11-30 02:59:44.390000, MBW EHZ UW 01, baker283
2023-03-16 15:03:15.640000, MBW EHZ UW 01, baker283
2023-03-16 15:11:52.160000, MBW EHZ UW 01, baker283
2022-11-30 01:44:37.560000, MBW EHZ UW 01, baker284
2022-12-01 17:41:54.390000, MBW EHZ UW 01, baker284
2022-11-30 12:51:14.680000, MBW EHZ UW 01, baker285
2022-11-30 21:48:33.150000, MBW EHZ UW 01, baker285
2022-12-05 17:22:34.200000, MBW EHZ UW 01, baker286
2022-12-07 12:16:36.360000, MBW EHZ UW 01, baker286
2022-12-16 07:58:57.830000, MBW EHZ UW 01, baker286
2022-12-17 02:25:40.540000, MBW EHZ UW 01, baker286
2022-12-13 07:24:59.070000, MBW EHZ UW 01, baker287
2022-12-13 20:18:52.380000, MBW EHZ UW 01, baker287
2022-12-14 20:57:18.480000, MBW EHZ UW 01, baker288
2022-12-16 09:47:45.540000, MBW EHZ UW 01, baker288
2022-12-15 12:49:54.580000, MBW EHZ UW 01, baker289
2022-12-15 23:38:19.580000, MBW EHZ UW 01, baker289
2023-01-09 06:46:26.680000, MBW EHZ UW 01, baker290
2023-01-09 09:39:46.200000, MBW EHZ UW 01, baker290
2023-02-23 10:37:25.970000, MBW EHZ UW 01, baker291
2023-02-23 10:38:07.060000, MBW EHZ UW 01, baker291
2023-02-23 13:28:59.540000, MBW EHZ UW 01, baker291
2023-02-23 10:37:51.680000, MBW EHZ UW 01, baker292
2023-02-23 11:55:48.870000, MBW EHZ UW 01, baker292
2023-03-01 11:36:00.420000, MBW EHZ UW 01, baker293
2023-03-03 03:53:45.170000, MBW EHZ UW 01, baker293
2023-03-17 22:20:18.100000, MBW EHZ UW 01, baker294
2023-03-21 22:49:54.460000, MBW EHZ UW 01, baker294
2023-04-01 17:14:46.290000, MBW EHZ UW 01, baker294
2023-03-22 22:08:20.900000, MBW EHZ UW 01, baker295
2023-03-23 01:45:45.950000, MBW EHZ UW 01, baker295
2023-03-22 22:08:38.670000, MBW EHZ UW 01, baker296
2023-03-23 01:46:03.720000, MBW EHZ UW 01, baker296
2023-03-23 01:46:35.450000, MBW EHZ UW 01, baker296
2023-03-23 01:54:29.500000, MBW EHZ UW 01, baker296
2023-03-25 08:25:31.110000, MBW EHZ UW 01, baker297
2023-03-25 11:43:47.180000, MBW EHZ UW 01, baker297
2023-03-26 10:51:43.030000, MBW EHZ UW 01, baker298
2023-03-29 07:14:16.770000, MBW EHZ UW 01, baker298
2023-04-04 03:19:28.750000, MBW EHZ UW 01, baker298
2023-09-04 06:47:02.350000, MBW EHZ UW 01, baker298
2023-03-27 03:17:30.850000, MBW EHZ UW 01, baker299
2023-03-27 03:27:00.410000, MBW EHZ UW 01, baker299
2023-03-27 03:30:26.550000, MBW EHZ UW 01, baker299
2023-03-28 18:33:00.780000, MBW EHZ UW 01, baker299
2023-04-06 10:34:16.100000, MBW EHZ UW 01, baker299
2023-04-19 21:10:59.950000, MBW EHZ UW 01, baker299
2023-04-28 17:19:27.990000, MBW EHZ UW 01, baker300
2023-04-28 17:21:23.630000, MBW EHZ UW 01, baker300
2023-04-28 17:24:12.850000, MBW EHZ UW 01, baker300
2023-05-08 04:34:47.550000, MBW EHZ UW 01, baker301
2023-05-08 05:00:22.850000, MBW EHZ UW 01, baker301
2023-05-31 06:23:04.380000, MBW EHZ UW 01, baker302
2023-05-31 06:24:39.070000, MBW EHZ UW 01, baker302
2023-06-16 07:25:26.380000, MBW EHZ UW 01, baker303
2023-06-18 17:48:43.280000, MBW EHZ UW 01, baker303
2023-06-24 09:08:32.270000, MBW EHZ UW 01, baker303
2023-06-25 05:20:35.190000, MBW EHZ UW 01, baker303
2023-06-27 01:52:09.380000, MBW EHZ UW 01, baker303
2023-06-28 17:55:26.750000, MBW EHZ UW 01, baker303
2023-06-29 17:39:51.730000, MBW EHZ UW 01, baker303
2023-06-29 23:56:19.010000, MBW EHZ UW 01, baker303
2023-07-03 03:49:02.720000, MBW EHZ UW 01, baker303
2023-07-04 17:05:44.300000, MBW EHZ UW 01, baker303
2023-07-04 20:08:15.380000, MBW EHZ UW 01, baker303
2023-07-06 10:40:58.240000, MBW EHZ UW 01, baker303
2023-07-08 10:19:19.370000, MBW EHZ UW 01, baker303
2023-07-11 09:55:46.560000, MBW EHZ UW 01, baker303
2023-07-13 09:37:19.330000, MBW EHZ UW 01, baker303
2023-07-15 03:18:18.140000, MBW EHZ UW 01, baker303
2023-07-17 14:06:19.420000, MBW EHZ UW 01, baker303
2023-07-20 02:36:27.700000, MBW EHZ UW 01, baker303
2023-07-20 13:38:17.710000, MBW EHZ UW 01, baker303
2023-07-27 12:20:18.370000, MBW EHZ UW 01, baker303
2023-07-28 03:27:35.900000, MBW EHZ UW 01, baker303
2023-08-01 04:04:35.670000, MBW EHZ UW 01, baker303
2023-08-02 12:04:47.260000, MBW EHZ UW 01, baker303
2023-08-04 15:36:20.100000, MBW EHZ UW 01, baker303
2023-08-05 06:49:42.440000, MBW EHZ UW 01, baker303
2023-08-07 04:14:50.860000, MBW EHZ UW 01, baker303
2023-08-11 22:54:18.560000, MBW EHZ UW 01, baker303
2023-08-13 12:17:19.550000, MBW EHZ UW 01, baker303
2023-08-14 23:58:24.640000, MBW EHZ UW 01, baker303
2023-08-15 13:32:23.050000, MBW EHZ UW 01, baker303
2023-08-16 06:04:55.620000, MBW EHZ UW 01, baker303
2023-08-16 18:11:04.300000, MBW EHZ UW 01, baker303
2023-08-17 09:27:26.250000, MBW EHZ UW 01, baker303
2023-08-17 21:24:10.530000, MBW EHZ UW 01, baker303
2023-08-17 21:25:48.660000, MBW EHZ UW 01, baker303
2023-08-19 08:24:30.790000, MBW EHZ UW 01, baker303
2023-08-20 04:32:14.460000, MBW EHZ UW 01, baker303
2023-08-21 02:45:53.590000, MBW EHZ UW 01, baker303
2023-08-21 12:37:33.310000, MBW EHZ UW 01, baker303
2023-08-22 07:20:48.590000, MBW EHZ UW 01, baker303
2023-08-25 06:59:12.310000, MBW EHZ UW 01, baker303
2023-08-27 00:56:51.800000, MBW EHZ UW 01, baker303
2023-08-27 05:00:35.720000, MBW EHZ UW 01, baker303
2023-08-28 07:33:08.030000, MBW EHZ UW 01, baker303
2023-08-28 11:02:04.600000, MBW EHZ UW 01, baker303
2023-08-29 10:01:04.320000, MBW EHZ UW 01, baker303
2023-08-30 16:21:01.530000, MBW EHZ UW 01, baker303
2023-08-31 02:25:23.240000, MBW EHZ UW 01, baker303
2023-09-01 14:51:42.230000, MBW EHZ UW 01, baker303
2023-09-01 22:13:54.450000, MBW EHZ UW 01, baker303
2023-09-03 06:26:57.890000, MBW EHZ UW 01, baker303
2023-09-04 11:02:56.900000, MBW EHZ UW 01, baker303
2023-09-06 02:28:20.310000, MBW EHZ UW 01, baker303
2023-09-07 21:36:11.530000, MBW EHZ UW 01, baker303
2023-09-09 21:15:37.990000, MBW EHZ UW 01, baker303
2023-09-10 21:37:20.620000, MBW EHZ UW 01, baker303
2023-09-10 23:16:43.630000, MBW EHZ UW 01, baker303
2023-09-11 22:41:15.050000, MBW EHZ UW 01, baker303
2023-09-12 08:48:54.080000, MBW EHZ UW 01, baker303
2023-09-14 21:13:27.970000, MBW EHZ UW 01, baker303
2023-09-16 11:31:56.130000, MBW EHZ UW 01, baker303
2023-09-18 02:15:38.760000, MBW EHZ UW 01, baker303
2023-09-19 22:00:07.110000, MBW EHZ UW 01, baker303
2023-09-21 13:11:30.570000, MBW EHZ UW 01, baker303
2023-09-23 01:11:34.740000, MBW EHZ UW 01, baker303
2023-09-23 01:18:25.370000, MBW EHZ UW 01, baker303
2023-09-25 20:44:03.610000, MBW EHZ UW 01, baker303
2023-09-28 06:36:40.420000, MBW EHZ UW 01, baker303
2023-09-30 16:07:33.730000, MBW EHZ UW 01, baker303
2023-10-01 21:30:12.430000, MBW EHZ UW 01, baker303
2023-10-01 21:33:26.700000, MBW EHZ UW 01, baker303
2023-10-05 19:48:11.820000, MBW EHZ UW 01, baker303
2023-10-07 14:26:52.490000, MBW EHZ UW 01, baker303
2023-10-07 14:28:21.060000, MBW EHZ UW 01, baker303
2023-10-09 12:18:20.440000, MBW EHZ UW 01, baker303
2023-10-11 06:18:39.960000, MBW EHZ UW 01, baker303
2023-10-12 21:05:23.990000, MBW EHZ UW 01, baker303
2023-10-14 19:36:12.700000, MBW EHZ UW 01, baker303
2023-10-15 19:17:25.260000, MBW EHZ UW 01, baker303
2023-10-15 23:14:49.260000, MBW EHZ UW 01, baker303
2023-10-21 21:43:31.480000, MBW EHZ UW 01, baker303
2023-10-24 07:30:03.310000, MBW EHZ UW 01, baker303
2023-10-25 03:01:38.560000, MBW EHZ UW 01, baker303
2023-11-03 08:16:43.370000, MBW EHZ UW 01, baker303
2023-11-06 21:51:30.770000, MBW EHZ UW 01, baker303
2023-11-07 10:37:37.850000, MBW EHZ UW 01, baker303
2023-11-07 12:35:53.880000, MBW EHZ UW 01, baker303
2023-11-11 03:49:33.310000, MBW EHZ UW 01, baker303
2023-11-19 04:07:14.360000, MBW EHZ UW 01, baker303
2023-11-24 08:51:31.910000, MBW EHZ UW 01, baker303
2023-11-27 07:51:47.950000, MBW EHZ UW 01, baker303
2023-12-02 18:16:18.480000, MBW EHZ UW 01, baker303
2023-12-02 19:02:01.440000, MBW EHZ UW 01, baker303
2023-12-07 03:29:19.520000, MBW EHZ UW 01, baker303
2023-12-10 21:29:36, MBW EHZ UW 01, baker303
2023-12-10 21:36:29.240000, MBW EHZ UW 01, baker303
2023-12-11 02:12:00.350000, MBW EHZ UW 01, baker303
2023-12-14 05:06:58.960000, MBW EHZ UW 01, baker303
2023-12-16 08:39:28.440000, MBW EHZ UW 01, baker303
2023-12-22 13:49:42.570000, MBW EHZ UW 01, baker303
2023-12-29 16:37:34.890000, MBW EHZ UW 01, baker303
2024-01-06 16:43:10.670000, MBW EHZ UW 01, baker303
2024-01-10 09:51:23.200000, MBW EHZ UW 01, baker303
2024-01-22 08:38:45.900000, MBW EHZ UW 01, baker303
2024-01-27 18:26:38.660000, MBW EHZ UW 01, baker303
2024-01-30 22:42:37.830000, MBW EHZ UW 01, baker303
2024-02-01 06:52:15.650000, MBW EHZ UW 01, baker303
2024-02-07 11:18:06.980000, MBW EHZ UW 01, baker303
2024-02-07 11:24:37.010000, MBW EHZ UW 01, baker303
2024-02-16 23:26:34.250000, MBW EHZ UW 01, baker303
2024-02-22 21:24:23.490000, MBW EHZ UW 01, baker303
2024-02-26 13:29:37.350000, MBW EHZ UW 01, baker303
2024-03-04 14:38:14.410000, MBW EHZ UW 01, baker303
2024-03-12 01:14:45.570000, MBW EHZ UW 01, baker303
2024-03-16 07:16:01.510000, MBW EHZ UW 01, baker303
2024-03-19 05:51:30.380000, MBW EHZ UW 01, baker303
2024-03-24 05:07:31.430000, MBW EHZ UW 01, baker303
2024-04-04 09:08:18.140000, MBW EHZ UW 01, baker303
2024-04-06 13:26:11.310000, MBW EHZ UW 01, baker303
2024-04-11 09:38:13.470000, MBW EHZ UW 01, baker303
2024-04-15 13:58:56.280000, MBW EHZ UW 01, baker303
2024-04-18 10:52:15.360000, MBW EHZ UW 01, baker303
2024-05-05 05:50:42.330000, MBW EHZ UW 01, baker303
2024-05-10 08:16:54.500000, MBW EHZ UW 01, baker303
2024-05-11 20:21:45.470000, MBW EHZ UW 01, baker303
2024-05-15 08:23:50.500000, MBW EHZ UW 01, baker303
2024-05-19 17:21:26.700000, MBW EHZ UW 01, baker303
2024-05-24 08:42:02.940000, MBW EHZ UW 01, baker303
2024-05-25 16:52:51.110000, MBW EHZ UW 01, baker303
2024-05-28 08:06:24.250000, MBW EHZ UW 01, baker303
2024-05-31 19:10:52, MBW EHZ UW 01, baker303
2024-06-01 02:50:18.150000, MBW EHZ UW 01, baker303
2024-06-01 15:46:54.730000, MBW EHZ UW 01, baker303
2024-06-02 20:55:02.210000, MBW EHZ UW 01, baker303
2024-06-04 21:30:45.550000, MBW EHZ UW 01, baker303
2024-06-06 11:10:31.910000, MBW EHZ UW 01, baker303
2024-06-09 10:22:10.070000, MBW EHZ UW 01, baker303
2024-06-10 07:42:13.390000, MBW EHZ UW 01, baker303
2024-06-12 09:54:56.410000, MBW EHZ UW 01, baker303
2024-06-13 05:44:48.260000, MBW EHZ UW 01, baker303
2024-06-17 06:45:21.460000, MBW EHZ UW 01, baker303
2024-06-17 06:46:11.410000, MBW EHZ UW 01, baker303
2024-06-18 21:41:03.850000, MBW EHZ UW 01, baker303
2024-06-20 05:25:02.650000, MBW EHZ UW 01, baker303
2024-06-23 08:30:47.900000, MBW EHZ UW 01, baker303
2024-06-27 13:35:40.960000, MBW EHZ UW 01, baker303
2024-06-28 03:54:07.640000, MBW EHZ UW 01, baker303
2024-06-29 21:22:05.440000, MBW EHZ UW 01, baker303
2024-07-01 04:53:02.630000, MBW EHZ UW 01, baker303
2024-07-03 05:39:09.270000, MBW EHZ UW 01, baker303
2024-07-06 13:52:49.060000, MBW EHZ UW 01, baker303
2024-07-11 07:17:38.430000, MBW EHZ UW 01, baker303
2024-07-12 05:55:54.460000, MBW EHZ UW 01, baker303
2024-07-13 01:13:55.690000, MBW EHZ UW 01, baker303
2024-07-13 16:30:40.370000, MBW EHZ UW 01, baker303
2024-07-13 21:09:47.570000, MBW EHZ UW 01, baker303
2024-07-14 05:26:55.120000, MBW EHZ UW 01, baker303
2024-07-14 21:00:49.250000, MBW EHZ UW 01, baker303
2024-07-15 09:15:18.570000, MBW EHZ UW 01, baker303
2024-07-16 07:04:35.740000, MBW EHZ UW 01, baker303
2024-07-16 23:16:49.220000, MBW EHZ UW 01, baker303
2024-07-18 01:47:50.920000, MBW EHZ UW 01, baker303
2024-07-18 08:10:03.990000, MBW EHZ UW 01, baker303
2024-07-19 10:44:28.890000, MBW EHZ UW 01, baker303
2024-07-21 07:36:46.290000, MBW EHZ UW 01, baker303
2024-07-24 03:44:00.780000, MBW EHZ UW 01, baker303
2024-07-25 02:03:37.450000, MBW EHZ UW 01, baker303
2024-07-27 08:18:19.770000, MBW EHZ UW 01, baker303
2024-07-29 07:06:10.170000, MBW EHZ UW 01, baker303
2024-07-30 07:08:26.210000, MBW EHZ UW 01, baker303
2024-07-31 14:22:56.130000, MBW EHZ UW 01, baker303
2024-08-01 05:47:55.710000, MBW EHZ UW 01, baker303
2024-08-01 07:05:28.140000, MBW EHZ UW 01, baker303
2024-08-04 18:04:44.170000, MBW EHZ UW 01, baker303
2024-08-06 06:32:43.150000, MBW EHZ UW 01, baker303
2024-08-07 03:04:00.670000, MBW EHZ UW 01, baker303
2024-08-07 16:16:14.650000, MBW EHZ UW 01, baker303
2024-08-08 08:02:41.730000, MBW EHZ UW 01, baker303
2024-08-09 07:26:51.990000, MBW EHZ UW 01, baker303
2024-08-09 14:34:59.810000, MBW EHZ UW 01, baker303
2024-08-10 01:09:14.330000, MBW EHZ UW 01, baker303
2024-08-10 10:11:44.690000, MBW EHZ UW 01, baker303
2024-08-11 17:00:39.820000, MBW EHZ UW 01, baker303
2024-08-12 08:12:16, MBW EHZ UW 01, baker303
2024-08-14 08:55:23.800000, MBW EHZ UW 01, baker303
2024-08-15 18:11:19.080000, MBW EHZ UW 01, baker303
2024-08-16 22:08:14.820000, MBW EHZ UW 01, baker303
2024-08-17 08:53:00.970000, MBW EHZ UW 01, baker303
2024-08-18 15:02:22.590000, MBW EHZ UW 01, baker303
2024-08-19 07:55:42.780000, MBW EHZ UW 01, baker303
2024-08-19 22:39:59.030000, MBW EHZ UW 01, baker303
2024-08-21 14:08:31.720000, MBW EHZ UW 01, baker303
2024-08-23 04:29:19.740000, MBW EHZ UW 01, baker303
2024-08-24 06:03:09.750000, MBW EHZ UW 01, baker303
2024-08-25 03:03:41.110000, MBW EHZ UW 01, baker303
2024-08-27 03:19:08.180000, MBW EHZ UW 01, baker303
2024-08-28 09:00:07.140000, MBW EHZ UW 01, baker303
2024-08-29 07:39:35.290000, MBW EHZ UW 01, baker303
2024-08-31 12:04:44.470000, MBW EHZ UW 01, baker303
2024-09-01 05:00:45.110000, MBW EHZ UW 01, baker303
2024-09-02 02:05:20.080000, MBW EHZ UW 01, baker303
2024-09-03 05:22:39.230000, MBW EHZ UW 01, baker303
2024-09-03 15:18:40.650000, MBW EHZ UW 01, baker303
2024-09-04 15:24:59.160000, MBW EHZ UW 01, baker303
2024-09-06 08:31:03.090000, MBW EHZ UW 01, baker303
2024-09-06 14:28:26.570000, MBW EHZ UW 01, baker303
2024-09-07 14:22:37.540000, MBW EHZ UW 01, baker303
2024-09-09 11:42:04.120000, MBW EHZ UW 01, baker303
2024-09-11 03:56:09.120000, MBW EHZ UW 01, baker303
2024-09-12 06:34:01.600000, MBW EHZ UW 01, baker303
2024-09-13 07:15:31.530000, MBW EHZ UW 01, baker303
2024-09-14 23:54:47.750000, MBW EHZ UW 01, baker303
2024-09-16 06:42:59.130000, MBW EHZ UW 01, baker303
2024-09-16 18:09:35.740000, MBW EHZ UW 01, baker303
2024-09-18 02:46:31.410000, MBW EHZ UW 01, baker303
2024-09-19 01:29:10.630000, MBW EHZ UW 01, baker303
2024-09-20 11:09:55.630000, MBW EHZ UW 01, baker303
2024-09-21 06:45:55.400000, MBW EHZ UW 01, baker303
2024-09-22 20:59:41.510000, MBW EHZ UW 01, baker303
2024-09-24 20:45:53.480000, MBW EHZ UW 01, baker303
2024-09-25 15:44:33.620000, MBW EHZ UW 01, baker303
2024-09-25 16:37:20.990000, MBW EHZ UW 01, baker303
2024-09-26 15:39:19.650000, MBW EHZ UW 01, baker303
2024-09-27 03:21:23.540000, MBW EHZ UW 01, baker303
2024-10-04 17:02:46.700000, MBW EHZ UW 01, baker303
2024-10-07 00:55:01.780000, MBW EHZ UW 01, baker303
2024-10-09 18:13:35.830000, MBW EHZ UW 01, baker303
2024-10-10 17:43:23.880000, MBW EHZ UW 01, baker303
2024-10-15 04:34:45.540000, MBW EHZ UW 01, baker303
2024-10-16 06:42:43.230000, MBW EHZ UW 01, baker303
2024-10-17 03:00:50.780000, MBW EHZ UW 01, baker303
2024-10-20 12:51:28.570000, MBW EHZ UW 01, baker303
2024-10-21 09:14:57.900000, MBW EHZ UW 01, baker303
2024-10-21 09:40:37.920000, MBW EHZ UW 01, baker303
2024-10-22 06:48:47.930000, MBW EHZ UW 01, baker303
2024-10-22 23:05:29.680000, MBW EHZ UW 01, baker303
2024-10-24 10:28:14.730000, MBW EHZ UW 01, baker303
2024-10-27 07:39:47.200000, MBW EHZ UW 01, baker303
2024-10-27 22:13:23.380000, MBW EHZ UW 01, baker303
2024-10-30 03:31:26.320000, MBW EHZ UW 01, baker303
2024-10-31 14:37:03.250000, MBW EHZ UW 01, baker303
2024-11-02 14:33:52.220000, MBW EHZ UW 01, baker303
2024-11-03 12:51:50.030000, MBW EHZ UW 01, baker303
2024-11-04 19:00:53.960000, MBW EHZ UW 01, baker303
2024-11-08 16:32:54.450000, MBW EHZ UW 01, baker303
2024-11-10 11:16:14.270000, MBW EHZ UW 01, baker303
2024-11-12 07:21:37.600000, MBW EHZ UW 01, baker303
2024-11-12 07:22:11.660000, MBW EHZ UW 01, baker303
2024-11-13 23:23:58.160000, MBW EHZ UW 01, baker303
2024-11-15 03:44:15.730000, MBW EHZ UW 01, baker303
2024-11-19 01:53:56.390000, MBW EHZ UW 01, baker303
2024-11-23 08:32:09.880000, MBW EHZ UW 01, baker303
2024-11-25 05:47:09.100000, MBW EHZ UW 01, baker303
2024-11-27 10:08:34.460000, MBW EHZ UW 01, baker303
2024-11-28 20:47:23.490000, MBW EHZ UW 01, baker303
2024-12-02 09:37:56.440000, MBW EHZ UW 01, baker303
2024-12-05 10:52:25.640000, MBW EHZ UW 01, baker303
2024-12-06 22:44:27.360000, MBW EHZ UW 01, baker303
2024-12-11 05:04:26.200000, MBW EHZ UW 01, baker303
2024-12-12 08:14:37.700000, MBW EHZ UW 01, baker303
2024-12-14 10:40:02.750000, MBW EHZ UW 01, baker303
2024-12-15 10:55:57.790000, MBW EHZ UW 01, baker303
2024-12-19 20:13:50.630000, MBW EHZ UW 01, baker303
2024-12-21 22:07:03.030000, MBW EHZ UW 01, baker303
2024-12-22 08:57:00.460000, MBW EHZ UW 01, baker303
2024-12-24 20:51:16.650000, MBW EHZ UW 01, baker303
2024-12-28 10:11:01.270000, MBW EHZ UW 01, baker303
2025-01-01 09:39:49.620000, MBW EHZ UW 01, baker303
2025-01-08 08:59:02.140000, MBW EHZ UW 01, baker303
2025-01-16 06:08:20.950000, MBW EHZ UW 01, baker303
2025-01-27 03:47:47.190000, MBW EHZ UW 01, baker303
2025-02-02 23:06:18.640000, MBW EHZ UW 01, baker303
2025-02-06 00:03:23.610000, MBW EHZ UW 01, baker303
2025-02-10 02:57:45.960000, MBW EHZ UW 01, baker303
2025-02-12 10:10:56.130000, MBW EHZ UW 01, baker303
2025-02-16 15:43:10.250000, MBW EHZ UW 01, baker303
2025-02-22 17:06:25.760000, MBW EHZ UW 01, baker303
2025-03-12 08:57:15.710000, MBW EHZ UW 01, baker303
2025-03-15 21:09:46.910000, MBW EHZ UW 01, baker303
2025-03-20 05:32:07.590000, MBW EHZ UW 01, baker303
2025-03-22 06:47:27.960000, MBW EHZ UW 01, baker303
2025-04-01 01:26:49.700000, MBW EHZ UW 01, baker303
2025-04-06 09:50:19.630000, MBW EHZ UW 01, baker303
2025-04-06 14:22:38.420000, MBW EHZ UW 01, baker303
2025-04-12 00:52:46.550000, MBW EHZ UW 01, baker303
2025-04-14 11:32:24.280000, MBW EHZ UW 01, baker303
2025-04-17 16:29:00.110000, MBW EHZ UW 01, baker303
2023-06-20 04:19:39.480000, MBW EHZ UW 01, baker304
2023-06-20 04:29:52.400000, MBW EHZ UW 01, baker304
2023-06-20 07:42:01.070000, MBW EHZ UW 01, baker304
2024-09-25 02:55:14.670000, MBW EHZ UW 01, baker304
2025-02-06 12:07:12.690000, MBW EHZ UW 01, baker304
2025-02-06 12:19:16.430000, MBW EHZ UW 01, baker304
2023-07-04 13:30:31.500000, MBW EHZ UW 01, baker305
2023-07-08 10:47:11.700000, MBW EHZ UW 01, baker305
2023-07-15 14:01:36.430000, MBW EHZ UW 01, baker305
2023-07-16 02:48:43.550000, MBW EHZ UW 01, baker305
2023-07-16 15:06:58, MBW EHZ UW 01, baker305
2023-07-16 15:07:22.790000, MBW EHZ UW 01, baker305
2023-07-17 07:35:36.810000, MBW EHZ UW 01, baker305
2023-07-29 10:56:16.060000, MBW EHZ UW 01, baker305
2023-08-02 10:22:15.670000, MBW EHZ UW 01, baker305
2023-08-03 13:35:53.670000, MBW EHZ UW 01, baker305
2023-08-18 17:41:36.900000, MBW EHZ UW 01, baker305
2023-07-17 19:01:37.470000, MBW EHZ UW 01, baker306
2023-07-17 19:04:34.390000, MBW EHZ UW 01, baker306
2023-07-17 19:04:21.930000, MBW EHZ UW 01, baker307
2023-07-17 19:05:48.500000, MBW EHZ UW 01, baker307
2023-07-31 16:56:16.660000, MBW EHZ UW 01, baker308
2023-07-31 17:19:28.310000, MBW EHZ UW 01, baker308
2023-08-03 12:21:18.410000, MBW EHZ UW 01, baker308
2023-08-04 21:54:49.820000, MBW EHZ UW 01, baker309
2023-08-05 08:13:32.640000, MBW EHZ UW 01, baker309
2023-08-06 05:16:18.010000, MBW EHZ UW 01, baker309
2023-08-06 09:09:19.570000, MBW EHZ UW 01, baker309
2024-01-16 10:00:21.540000, MBW EHZ UW 01, baker309
2023-08-05 16:14:45, MBW EHZ UW 01, baker310
2023-08-06 00:45:43.310000, MBW EHZ UW 01, baker310
2023-08-27 05:36:34.890000, MBW EHZ UW 01, baker311
2023-08-27 10:10:53.190000, MBW EHZ UW 01, baker311
2023-08-27 05:36:57.110000, MBW EHZ UW 01, baker312
2023-08-27 10:11:15.410000, MBW EHZ UW 01, baker312
2023-10-06 10:36:13.160000, MBW EHZ UW 01, baker313
2023-10-06 10:56:59.820000, MBW EHZ UW 01, baker313
2023-11-05 15:31:50.870000, MBW EHZ UW 01, baker314
2023-11-05 15:35:44.480000, MBW EHZ UW 01, baker314
2023-11-15 09:32:24.150000, MBW EHZ UW 01, baker314
2023-11-15 09:33:42.310000, MBW EHZ UW 01, baker314
2023-11-15 09:34:04.920000, MBW EHZ UW 01, baker314
2023-11-15 10:25:28.970000, MBW EHZ UW 01, baker314
2023-11-15 18:42:38.670000, MBW EHZ UW 01, baker314
2023-11-18 23:46:03.130000, MBW EHZ UW 01, baker314
2023-12-16 05:39:47.120000, MBW EHZ UW 01, baker314
2023-12-29 23:11:10.340000, MBW EHZ UW 01, baker314
2024-04-14 21:38:31.930000, MBW EHZ UW 01, baker314
2024-04-19 00:54:24.900000, MBW EHZ UW 01, baker314
2024-05-26 23:48:27.090000, MBW EHZ UW 01, baker314
2024-05-27 21:29:12.040000, MBW EHZ UW 01, baker314
2024-05-31 06:59:30.800000, MBW EHZ UW 01, baker314
2024-05-31 07:12:23.770000, MBW EHZ UW 01, baker314
2024-06-02 15:26:43.110000, MBW EHZ UW 01, baker314
2024-06-17 07:31:36.260000, MBW EHZ UW 01, baker314
2024-07-13 22:48:20.240000, MBW EHZ UW 01, baker314
2024-12-20 22:03:19.450000, MBW EHZ UW 01, baker314
2025-01-23 04:45:19.470000, MBW EHZ UW 01, baker314
2023-12-08 17:45:00.140000, MBW EHZ UW 01, baker315
2023-12-08 18:12:14.980000, MBW EHZ UW 01, baker315
2023-12-09 18:25:49.150000, MBW EHZ UW 01, baker316
2023-12-11 19:09:56.120000, MBW EHZ UW 01, baker316
2023-12-11 19:11:10.180000, MBW EHZ UW 01, baker316
2023-12-11 21:15:50.550000, MBW EHZ UW 01, baker316
2023-12-25 04:44:02.660000, MBW EHZ UW 01, baker317
2023-12-25 06:59:37.130000, MBW EHZ UW 01, baker317
2023-12-25 07:31:55.210000, MBW EHZ UW 01, baker317
2024-01-06 21:38:07.270000, MBW EHZ UW 01, baker317
2024-01-01 08:18:22.950000, MBW EHZ UW 01, baker318
2024-01-02 01:28:43.110000, MBW EHZ UW 01, baker318
2024-01-02 08:24:52.640000, MBW EHZ UW 01, baker318
2024-01-05 20:38:01.470000, MBW EHZ UW 01, baker318
2024-01-07 06:38:07.100000, MBW EHZ UW 01, baker318
2025-03-19 04:36:26.570000, MBW EHZ UW 01, baker318
2024-01-05 02:53:41.330000, MBW EHZ UW 01, baker319
2024-01-05 06:03:37.800000, MBW EHZ UW 01, baker319
2024-01-15 16:09:57.330000, MBW EHZ UW 01, baker320
2024-01-15 21:17:54.070000, MBW EHZ UW 01, baker320
2025-01-10 22:47:16.160000, MBW EHZ UW 01, baker320
2024-01-26 16:27:20.860000, MBW EHZ UW 01, baker321
2024-01-26 17:11:34.890000, MBW EHZ UW 01, baker321
2024-01-26 20:37:20.500000, MBW EHZ UW 01, baker321
2024-06-03 14:33:26, MBW EHZ UW 01, baker321
2024-09-12 16:05:59.360000, MBW EHZ UW 01, baker321
2024-11-13 21:05:50.800000, MBW EHZ UW 01, baker321
2024-01-27 03:55:30.060000, MBW EHZ UW 01, baker322
2024-01-27 04:22:51.390000, MBW EHZ UW 01, baker322
2024-01-27 06:08:34.520000, MBW EHZ UW 01, baker322
2024-01-27 06:09:09.840000, MBW EHZ UW 01, baker322
2024-02-03 23:37:49.090000, MBW EHZ UW 01, baker322
2024-02-10 14:52:59.140000, MBW EHZ UW 01, baker322
2024-02-10 19:06:28.300000, MBW EHZ UW 01, baker323
2024-02-10 19:25:33.650000, MBW EHZ UW 01, baker323
2024-02-28 05:21:55.430000, MBW EHZ UW 01, baker324
2024-02-28 09:02:40.040000, MBW EHZ UW 01, baker324
2024-02-28 10:22:04.360000, MBW EHZ UW 01, baker324
2024-03-13 21:18:14.490000, MBW EHZ UW 01, baker325
2024-03-14 16:47:07.980000, MBW EHZ UW 01, baker325
2024-03-20 21:45:32.650000, MBW EHZ UW 01, baker325
2024-03-23 22:55:30.490000, MBW EHZ UW 01, baker326
2024-03-23 23:06:17.090000, MBW EHZ UW 01, baker326
2024-05-11 07:58:06.380000, MBW EHZ UW 01, baker327
2024-05-14 01:00:03.880000, MBW EHZ UW 01, baker327
2024-07-03 06:43:25.030000, MBW EHZ UW 01, baker327
2024-07-05 15:02:57.190000, MBW EHZ UW 01, baker327
2024-06-22 04:01:47.610000, MBW EHZ UW 01, baker328
2024-06-23 16:12:45.390000, MBW EHZ UW 01, baker328
2024-06-24 09:36:54.090000, MBW EHZ UW 01, baker328
2024-08-17 06:41:03.590000, MBW EHZ UW 01, baker328
2024-08-18 01:34:18.340000, MBW EHZ UW 01, baker328
2024-08-19 10:52:08.530000, MBW EHZ UW 01, baker328
2024-08-21 03:35:13.450000, MBW EHZ UW 01, baker328
2024-08-30 20:29:03.130000, MBW EHZ UW 01, baker328
2024-07-04 16:43:42.970000, MBW EHZ UW 01, baker329
2024-07-04 17:06:43.170000, MBW EHZ UW 01, baker329
2024-07-04 16:52:32.870000, MBW EHZ UW 01, baker330
2024-07-04 17:51:25.330000, MBW EHZ UW 01, baker330
2024-07-05 08:54:28.060000, MBW EHZ UW 01, baker330
2024-09-20 14:07:51.800000, MBW EHZ UW 01, baker330
2024-07-04 21:21:33.310000, MBW EHZ UW 01, baker331
2024-07-04 23:14:43.860000, MBW EHZ UW 01, baker331
2024-07-05 01:49:57.080000, MBW EHZ UW 01, baker331
2024-07-05 05:18:14.670000, MBW EHZ UW 01, baker331
2024-07-05 09:06:27.300000, MBW EHZ UW 01, baker331
2024-07-07 12:03:43.890000, MBW EHZ UW 01, baker332
2024-07-07 20:23:57.470000, MBW EHZ UW 01, baker332
2024-09-17 12:04:33.340000, MBW EHZ UW 01, baker332
2024-11-03 04:44:22.960000, MBW EHZ UW 01, baker332
2024-11-05 10:14:46.170000, MBW EHZ UW 01, baker332
2024-07-11 15:57:31.450000, MBW EHZ UW 01, baker333
2024-07-12 10:41:50.990000, MBW EHZ UW 01, baker333
2024-07-11 22:07:48.250000, MBW EHZ UW 01, baker334
2024-07-12 08:00:47.050000, MBW EHZ UW 01, baker334
2024-07-12 08:47:20.420000, MBW EHZ UW 01, baker334
2024-07-15 03:21:11.900000, MBW EHZ UW 01, baker335
2024-07-15 03:56:32.160000, MBW EHZ UW 01, baker335
2024-07-19 13:43:29.690000, MBW EHZ UW 01, baker336
2024-07-23 05:31:02.910000, MBW EHZ UW 01, baker336
2024-07-29 09:29:20.980000, MBW EHZ UW 01, baker336
2024-07-21 18:49:14.560000, MBW EHZ UW 01, baker337
2024-07-24 10:16:39.280000, MBW EHZ UW 01, baker337
2024-09-18 08:05:06.900000, MBW EHZ UW 01, baker337
2024-11-03 00:42:17.670000, MBW EHZ UW 01, baker337
2024-07-29 11:08:09.080000, MBW EHZ UW 01, baker338
2024-08-02 08:20:37.040000, MBW EHZ UW 01, baker338
2024-08-09 05:17:06.280000, MBW EHZ UW 01, baker339
2024-08-10 03:59:12.060000, MBW EHZ UW 01, baker339
2024-09-15 03:12:43.690000, MBW EHZ UW 01, baker340
2024-09-15 11:11:42.650000, MBW EHZ UW 01, baker340
2024-09-15 11:13:47.330000, MBW EHZ UW 01, baker340
2024-09-20 19:39:37.990000, MBW EHZ UW 01, baker341
2024-09-22 06:08:35.310000, MBW EHZ UW 01, baker341
2024-10-04 06:15:10.270000, MBW EHZ UW 01, baker341
2024-10-06 15:24:41.220000, MBW EHZ UW 01, baker341
2024-10-27 22:17:54.820000, MBW EHZ UW 01, baker342
2024-10-29 08:44:12.780000, MBW EHZ UW 01, baker342
2024-12-21 01:28:28.830000, MBW EHZ UW 01, baker342
2024-11-10 14:59:56.010000, MBW EHZ UW 01, baker343
2024-11-10 15:25:41.590000, MBW EHZ UW 01, baker343
2024-11-17 07:42:59.800000, MBW EHZ UW 01, baker343
2024-11-17 22:39:00.050000, MBW EHZ UW 01, baker343
2025-02-06 11:27:14.040000, MBW EHZ UW 01, baker343
2024-11-18 02:19:34.050000, MBW EHZ UW 01, baker344
2024-11-18 14:40:36.280000, MBW EHZ UW 01, baker344
2024-12-10 03:35:12.540000, MBW EHZ UW 01, baker345
2024-12-10 04:50:15.820000, MBW EHZ UW 01, baker345
2024-12-14 07:03:15.710000, MBW EHZ UW 01, baker345
2025-01-07 06:33:39.890000, MBW EHZ UW 01, baker345
2025-01-14 06:23:29.140000, MBW EHZ UW 01, baker345
2025-01-07 07:54:05.950000, MBW EHZ UW 01, baker346
2025-01-07 08:10:55.020000, MBW EHZ UW 01, baker346
2025-01-12 02:28:55.600000, MBW EHZ UW 01, baker347
2025-01-12 06:44:16.730000, MBW EHZ UW 01, baker347
2025-01-12 15:30:47.870000, MBW EHZ UW 01, baker347
2025-02-18 00:20:36.460000, MBW EHZ UW 01, baker348
2025-02-18 01:01:02.210000, MBW EHZ UW 01, baker348
2025-02-27 13:16:27.560000, MBW EHZ UW 01, baker349
2025-03-01 14:43:47.900000, MBW EHZ UW 01, baker349
2025-03-03 01:33:27.320000, MBW EHZ UW 01, baker349
2025-04-14 08:25:59.850000, MBW EHZ UW 01, baker349
2025-03-18 06:11:27.080000, MBW EHZ UW 01, baker350
2025-03-18 07:02:02.070000, MBW EHZ UW 01, baker350
2025-03-22 07:17:56.990000, MBW EHZ UW 01, baker351
2025-03-22 07:21:02.220000, MBW EHZ UW 01, baker351
2025-04-03 00:42:02.490000, MBW EHZ UW 01, baker352
2025-04-04 08:10:49.110000, MBW EHZ UW 01, baker352
2025-04-10 08:16:47.290000, MBW EHZ UW 01, baker353
2025-04-10 08:54:04.570000, MBW EHZ UW 01, baker353
2025-04-10 14:27:13.960000, MBW EHZ UW 01, baker353
2025-04-21 00:23:16.570000, MBW EHZ UW 01, baker353
2025-04-11 00:04:19.530000, MBW EHZ UW 01, baker354
2025-04-14 09:52:28.790000, MBW EHZ UW 01, baker354
2025-04-14 23:22:40.150000, MBW EHZ UW 01, baker354
2025-04-19 22:44:01.330000, MBW EHZ UW 01, baker354
2025-04-13 02:01:13.290000, MBW EHZ UW 01, baker355
2025-04-13 02:08:49.590000, MBW EHZ UW 01, baker355
2025-04-13 02:17:45.760000, MBW EHZ UW 01, baker355
2025-04-13 02:36:26.200000, MBW EHZ UW 01, baker355
2025-04-13 02:55:50.530000, MBW EHZ UW 01, baker355
2025-04-13 03:10:03.180000, MBW EHZ UW 01, baker355
2025-04-13 03:12:40.910000, MBW EHZ UW 01, baker355
2025-04-13 03:30:45.960000, MBW EHZ UW 01, baker355
2025-04-13 03:41:54.560000, MBW EHZ UW 01, baker355
2025-04-13 04:50:15.100000, MBW EHZ UW 01, baker355
2025-04-13 05:01:21.610000, MBW EHZ UW 01, baker355
2025-04-13 06:59:10.540000, MBW EHZ UW 01, baker355
2025-04-13 11:01:47.400000, MBW EHZ UW 01, baker355
2025-04-13 18:42:54.130000, MBW EHZ UW 01, baker355
2025-04-13 20:20:35.960000, MBW EHZ UW 01, baker355
2025-04-14 03:17:28.510000, MBW EHZ UW 01, baker355
2025-04-14 03:32:19.960000, MBW EHZ UW 01, baker355
2025-04-14 08:14:23.120000, MBW EHZ UW 01, baker355
2025-04-14 08:44:06.030000, MBW EHZ UW 01, baker355
2025-04-15 01:56:02.800000, MBW EHZ UW 01, baker355
2025-04-16 14:24:27.940000, MBW EHZ UW 01, baker355
2025-04-13 02:17:27.300000, MBW EHZ UW 01, baker356
2025-04-13 03:12:22.440000, MBW EHZ UW 01, baker356
2025-04-13 05:01:03.140000, MBW EHZ UW 01, baker356
2025-04-13 04:49:56.170000, MBW EHZ UW 01, baker357
2025-04-13 06:58:51.600000, MBW EHZ UW 01, baker357
2025-04-13 11:01:28.470000, MBW EHZ UW 01, baker357
2025-04-13 18:42:35.190000, MBW EHZ UW 01, baker357
2025-04-13 20:20:17.020000, MBW EHZ UW 01, baker357
2025-04-14 08:43:47.100000, MBW EHZ UW 01, baker357
2025-04-15 01:55:43.870000, MBW EHZ UW 01, baker357
2025-04-16 14:05:16.540000, MBW EHZ UW 01, baker357
2025-04-16 14:24:09.010000, MBW EHZ UW 01, baker357
2025-04-20 08:10:55.950000, MBW EHZ UW 01, baker357
2025-04-15 21:44:57.830000, MBW EHZ UW 01, baker358
2025-04-16 14:05:35.480000, MBW EHZ UW 01, baker358
2025-04-20 08:11:14.880000, MBW EHZ UW 01, baker358
