evid,prefor_time,ref_time,dt_sec,cluster_id,etype,xcorr_petype,tidy_group
uw10835733,1969-10-02 11:17:43.000,2009-01-02 18:41:26.099700,1238743423.0997,0,uk,uk,-2.0
uw10857743,1973-11-11 19:01:57.980,2009-01-02 18:41:26.099700,1109029168.1197,0,eq,eq,-2.0
uw10857783,1973-11-20 13:35:10.130,2009-01-02 18:41:26.099700,1108271175.9697,0,eq,eq,-2.0
uw10845458,1977-12-28 21:13:00.710,2009-01-02 18:41:26.099700,978730105.3897,0,eq,eq,-2.0
uw10849148,1979-03-11 05:35:18.400,2009-01-02 18:41:26.099700,940943167.6997,0,eq,eq,-2.0
uw10849673,1979-05-03 22:55:56.540,2009-01-02 18:41:26.099700,936301529.5597,0,eq,eq,-2.0
uw10850003,1979-06-18 21:15:52.560,2009-01-02 18:41:26.099700,932333133.5397,0,eq,eq,-2.0
uw10850658,1979-09-10 20:20:18.330,2009-01-02 18:41:26.099700,925078867.7697,0,eq,eq,-2.0
uw10851178,1979-11-16 14:32:01.640,2009-01-02 18:41:26.099700,919310964.4597,0,eq,eq,-2.0
uw10075123,1980-01-31 01:41:01.510,2009-01-02 18:41:26.099700,912790824.5897,0,eq,eq,-2.0
uw10079893,1980-06-17 12:24:36.000,2009-01-02 18:41:26.099700,900829010.0997,0,eq,eq,-2.0
uw10082228,1980-07-15 21:33:06.130,2009-01-02 18:41:26.099700,898376899.9697,0,eq,eq,-2.0
uw10088728,1980-09-26 09:26:06.180,2009-01-02 18:41:26.099700,892113319.9197,0,eq,eq,-2.0
uw10091478,1980-10-16 20:57:20.290,2009-01-02 18:41:26.099700,890343845.8097,0,eq,eq,-1.0
uw10095628,1980-12-27 20:09:01.740,2009-01-02 18:41:26.099700,884125944.3597,0,eq,eq,-2.0
uw10096928,1981-01-29 22:25:03.740,2009-01-02 18:41:26.099700,881266582.3597,0,eq,eq,-2.0
uw10112323,1981-02-24 19:10:35.320,2009-01-02 18:41:26.099700,879031850.7797,0,eq,eq,-2.0
uw10098183,1981-03-02 21:16:41.210,2009-01-02 18:41:26.099700,878505884.8897,0,px,px,-2.0
uw10099248,1981-03-04 20:53:04.150,2009-01-02 18:41:26.099700,878334501.9497,0,eq,eq,-2.0
uw10107608,1981-03-24 14:14:33.310,2009-01-02 18:41:26.099700,876630412.7897,0,eq,eq,-2.0
uw10102378,1981-04-11 05:11:58.490,2009-01-02 18:41:26.099700,875107767.6097,0,eq,eq,-2.0
uw10106588,1981-05-28 15:13:06.830,2009-01-02 18:41:26.099700,871010899.2697,0,eq,eq,-2.0
uw10106613,1981-05-28 16:07:11.770,2009-01-02 18:41:26.099700,871007654.3297,0,eq,eq,-2.0
uw10110263,1981-06-12 06:20:49.850,2009-01-02 18:41:26.099700,869746836.2497,0,eq,eq,-2.0
uw10110308,1981-06-12 19:00:30.680,2009-01-02 18:41:26.099700,869701255.4197,0,eq,eq,-2.0
uw10111343,1981-06-17 19:24:31.130,2009-01-02 18:41:26.099700,869267814.9697,0,eq,eq,-2.0
uw10111358,1981-06-17 20:34:33.290,2009-01-02 18:41:26.099700,869263612.8097,0,eq,eq,-2.0
uw10114458,1981-06-23 00:05:28.950,2009-01-02 18:41:26.099700,868818957.1497,0,eq,eq,55.0
uw10114538,1981-06-23 00:06:27.780,2009-01-02 18:41:26.099700,868818898.3197,0,eq,eq,55.0
uw10114848,1981-06-23 09:31:57.020,2009-01-02 18:41:26.099700,868784969.0797,0,eq,eq,-2.0
uw10116578,1981-06-28 10:42:39.330,2009-01-02 18:41:26.099700,868348726.7697,0,eq,eq,-2.0
uw10116623,1981-06-28 18:18:23.690,2009-01-02 18:41:26.099700,868321382.4097,0,eq,eq,39.0
uw10118373,1981-07-23 16:46:20.300,2009-01-02 18:41:26.099700,866166905.7997,0,eq,eq,-1.0
uw10119373,1981-07-28 23:25:43.610,2009-01-02 18:41:26.099700,865710942.4897,0,eq,eq,-2.0
uw10119608,1981-07-30 10:03:42.960,2009-01-02 18:41:26.099700,865586263.1397,0,eq,eq,39.0
uw10128793,1981-08-14 12:02:04.280,2009-01-02 18:41:26.099700,864283161.8197,0,eq,eq,14.0
uw10113158,1981-09-03 01:05:43.100,2009-01-02 18:41:26.099700,862594542.9997,0,eq,eq,-2.0
uw10121748,1981-10-09 13:06:05.350,2009-01-02 18:41:26.099700,859440920.7497,0,eq,eq,-2.0
uw10126378,1982-02-09 12:49:33.090,2009-01-02 18:41:26.099700,848814713.0097,0,eq,eq,-1.0
uw10139658,1982-06-21 05:29:33.500,2009-01-02 18:41:26.099700,837436312.5997,0,eq,eq,-2.0
uw10151128,1983-03-06 18:31:10.200,2009-01-02 18:41:26.099700,815098215.8997,0,eq,eq,-2.0
uw10163668,1983-04-22 17:40:46.780,2009-01-02 18:41:26.099700,811040439.3197,0,eq,eq,-2.0
uw10160963,1983-06-16 03:46:08.820,2009-01-02 18:41:26.099700,806338517.2797,0,eq,eq,-2.0
uw10154728,1983-07-01 01:39:02.170,2009-01-02 18:41:26.099700,805050143.9297,0,eq,eq,-1.0
uw10168358,1983-10-14 20:47:15.150,2009-01-02 18:41:26.099700,795909250.9497,0,eq,eq,-2.0
uw10176478,1984-05-21 05:03:43.450,2009-01-02 18:41:26.099700,776957862.6497,0,eq,eq,-2.0
uw10176493,1984-05-21 05:48:31.630,2009-01-02 18:41:26.099700,776955174.4697,0,eq,eq,-2.0
uw10177253,1984-05-29 20:07:12.010,2009-01-02 18:41:26.099700,776212454.0897,0,eq,eq,-2.0
uw10176573,1984-07-14 04:16:30.200,2009-01-02 18:41:26.099700,772295095.8997,0,eq,eq,-1.0
uw10180898,1984-08-23 00:06:53.050,2009-01-02 18:41:26.099700,768854073.0497,0,eq,eq,-2.0
uw10182933,1984-08-28 20:29:30.670,2009-01-02 18:41:26.099700,768348715.4297,0,eq,eq,-2.0
uw10186958,1985-04-12 13:15:17.130,2009-01-02 18:41:26.099700,748761968.9697,0,eq,eq,-2.0
uw10202113,1985-05-27 23:26:32.050,2009-01-02 18:41:26.099700,744837294.0497,0,eq,eq,-2.0
uw10194863,1985-08-19 10:42:41.950,2009-01-02 18:41:26.099700,737625524.1497,0,eq,eq,-2.0
uw10199108,1985-11-10 00:53:09.100,2009-01-02 18:41:26.099700,730489696.9997,0,lf,lf,-2.0
uw10201428,1986-02-05 05:54:48.270,2009-01-02 18:41:26.099700,722954797.8297,0,eq,eq,-2.0
uw10204348,1986-04-18 10:08:04.340,2009-01-02 18:41:26.099700,716718801.7597,0,eq,eq,-1.0
uw10213323,1986-10-03 09:53:58.400,2009-01-02 18:41:26.099700,702204447.6997,0,eq,eq,-1.0
uw10214518,1987-01-06 16:49:12.870,2009-01-02 18:41:26.099700,693971533.2297,0,eq,eq,-2.0
uw10214908,1987-02-06 19:39:57.910,2009-01-02 18:41:26.099700,691282888.1897,0,eq,eq,-2.0
uw10223903,1987-09-14 00:24:43.160,2009-01-02 18:41:26.099700,672344202.9397,0,lf,lf,-2.0
uw10225173,1987-09-21 01:29:13.000,2009-01-02 18:41:26.099700,671735533.0997,0,eq,eq,-2.0
uw10230653,1988-03-25 17:06:46.360,2009-01-02 18:41:26.099700,655608879.7397,0,eq,eq,-1.0
uw10230673,1988-03-25 17:28:39.390,2009-01-02 18:41:26.099700,655607566.7097,0,eq,eq,-2.0
uw10231548,1988-04-29 22:16:30.750,2009-01-02 18:41:26.099700,652566295.3497,0,eq,eq,-2.0
uw10228978,1988-05-01 19:19:53.910,2009-01-02 18:41:26.099700,652404092.1897,0,eq,eq,-2.0
uw10231363,1988-05-21 04:23:28.340,2009-01-02 18:41:26.099700,650729877.7597,0,eq,eq,43.0
uw10231628,1988-05-23 22:08:01.570,2009-01-02 18:41:26.099700,650493204.5297,0,eq,eq,-2.0
uw10231978,1988-07-02 14:27:03.980,2009-01-02 18:41:26.099700,647064862.1197,0,eq,eq,-2.0
uw10232068,1988-08-02 17:44:34.980,2009-01-02 18:41:26.099700,644374611.1197,0,eq,eq,66.0
uw10232568,1988-08-04 03:49:24.130,2009-01-02 18:41:26.099700,644251921.9697,0,eq,eq,-2.0
uw10232868,1988-08-05 19:46:56.330,2009-01-02 18:41:26.099700,644108069.7697,0,eq,eq,-2.0
uw10233933,1988-08-10 16:52:15.920,2009-01-02 18:41:26.099700,643686550.1797,0,eq,eq,-2.0
uw10242483,1989-03-19 02:02:23.510,2009-01-02 18:41:26.099700,624645542.5897,0,lf,lf,8.0
uw10243643,1989-03-25 13:16:55.860,2009-01-02 18:41:26.099700,624086670.2397,0,eq,eq,-2.0
uw10239653,1989-04-05 12:01:18.620,2009-01-02 18:41:26.099700,623140807.4797,0,eq,eq,44.0
uw10243683,1989-04-24 16:38:43.590,2009-01-02 18:41:26.099700,621482562.5097,0,eq,eq,44.0
uw10244553,1989-04-28 06:22:10.420,2009-01-02 18:41:26.099700,621173955.6797,0,eq,eq,44.0
uw10244703,1989-04-28 23:26:03.930,2009-01-02 18:41:26.099700,621112522.1697,0,lf,lf,-2.0
uw10248743,1989-07-26 00:08:59.310,2009-01-02 18:41:26.099700,613506746.7897,0,eq,eq,-2.0
uw10245578,1989-08-02 01:36:35.920,2009-01-02 18:41:26.099700,612896690.1797,0,px,px,-2.0
uw10246703,1989-08-08 07:48:06.490,2009-01-02 18:41:26.099700,612355999.6097,0,lf,lf,8.0
uw10248863,1989-08-16 01:03:39.840,2009-01-02 18:41:26.099700,611689066.2597,0,px,eq,26.0
uw10252008,1989-08-28 10:06:55.980,2009-01-02 18:41:26.099700,610619670.1197,0,lf,lf,8.0
uw10252288,1989-08-29 10:55:35.690,2009-01-02 18:41:26.099700,610530350.4097,0,lf,lf,8.0
uw10245248,1989-09-01 03:53:24.500,2009-01-02 18:41:26.099700,610296481.5997,0,eq,eq,-2.0
uw10246163,1989-09-07 02:12:08.510,2009-01-02 18:41:26.099700,609784157.5897,0,eq,eq,-2.0
uw10252098,1989-12-29 10:54:30.480,2009-01-02 18:41:26.099700,599989615.6197,0,eq,eq,-2.0
uw10253158,1990-04-02 11:37:14.430,2009-01-02 18:41:26.099700,591865451.6697,0,eq,eq,7.0
uw10253223,1990-04-02 11:49:30.890,2009-01-02 18:41:26.099700,591864715.2097,0,eq,eq,7.0
uw10253273,1990-04-02 13:18:21.670,2009-01-02 18:41:26.099700,591859384.4297,0,eq,eq,5.0
uw10253333,1990-04-02 16:18:37.190,2009-01-02 18:41:26.099700,591848568.9097,0,eq,eq,7.0
uw10253368,1990-04-02 18:01:53.080,2009-01-02 18:41:26.099700,591842373.0197,0,eq,eq,7.0
uw10253563,1990-04-03 02:18:20.810,2009-01-02 18:41:26.099700,591812585.2897,0,eq,eq,7.0
uw10253633,1990-04-03 03:32:57.500,2009-01-02 18:41:26.099700,591808108.5997,0,eq,eq,5.0
uw10253833,1990-04-03 17:53:38.170,2009-01-02 18:41:26.099700,591756467.9297,0,eq,eq,7.0
uw10254838,1990-04-05 15:55:43.330,2009-01-02 18:41:26.099700,591590742.7697,0,eq,eq,5.0
uw10257583,1990-04-13 23:21:46.000,2009-01-02 18:41:26.099700,590872780.0997,0,eq,eq,5.0
uw10257663,1990-04-14 05:33:26.600,2009-01-02 18:41:26.099700,590850479.4997,0,eq,eq,-1.0
uw10257753,1990-04-14 05:40:07.260,2009-01-02 18:41:26.099700,590850078.8397,0,eq,eq,-1.0
uw10257838,1990-04-14 06:02:16.870,2009-01-02 18:41:26.099700,590848749.2297,0,eq,eq,-1.0
uw10257873,1990-04-14 06:02:49.530,2009-01-02 18:41:26.099700,590848716.5697,0,eq,eq,7.0
uw10257948,1990-04-14 06:14:59.910,2009-01-02 18:41:26.099700,590847986.1897,0,eq,eq,7.0
uw10257998,1990-04-14 06:19:13.070,2009-01-02 18:41:26.099700,590847733.0297,0,eq,eq,7.0
uw10258078,1990-04-14 07:15:11.650,2009-01-02 18:41:26.099700,590844374.4497,0,eq,eq,5.0
uw10258193,1990-04-14 08:44:51.100,2009-01-02 18:41:26.099700,590838994.9997,0,eq,eq,68.0
uw10258238,1990-04-14 09:44:17.410,2009-01-02 18:41:26.099700,590835428.6897,0,eq,eq,5.0
uw10258268,1990-04-14 09:45:14.380,2009-01-02 18:41:26.099700,590835371.7197,0,eq,eq,5.0
uw10258783,1990-04-15 01:49:52.160,2009-01-02 18:41:26.099700,590777493.9397,0,eq,eq,7.0
uw10258823,1990-04-15 02:05:27.450,2009-01-02 18:41:26.099700,590776558.6497,0,eq,eq,45.0
uw10258848,1990-04-15 02:13:11.890,2009-01-02 18:41:26.099700,590776094.2097,0,eq,eq,45.0
uw10258938,1990-04-15 11:07:31.600,2009-01-02 18:41:26.099700,590744034.4997,0,eq,eq,5.0
uw10258978,1990-04-15 11:12:43.720,2009-01-02 18:41:26.099700,590743722.3797,0,eq,eq,5.0
uw10259038,1990-04-15 17:34:34.200,2009-01-02 18:41:26.099700,590720811.8997,0,eq,eq,5.0
uw10259113,1990-04-16 01:12:59.790,2009-01-02 18:41:26.099700,590693306.3097,0,eq,eq,5.0
uw10259168,1990-04-16 02:50:56.990,2009-01-02 18:41:26.099700,590687429.1097,0,eq,eq,5.0
uw10259343,1990-04-16 19:38:51.530,2009-01-02 18:41:26.099700,590626954.5697,0,eq,eq,5.0
uw10259413,1990-04-17 07:03:01.530,2009-01-02 18:41:26.099700,590585904.5697,0,eq,eq,5.0
uw10259483,1990-04-17 22:07:07.530,2009-01-02 18:41:26.099700,590531658.5697,0,eq,eq,5.0
uw10259573,1990-04-18 06:41:31.830,2009-01-02 18:41:26.099700,590500794.2697,0,eq,eq,5.0
uw10260113,1990-04-19 10:25:23.530,2009-01-02 18:41:26.099700,590400962.5697,0,eq,eq,5.0
uw10261163,1990-04-21 13:33:01.440,2009-01-02 18:41:26.099700,590216904.6597,0,eq,eq,69.0
uw10262123,1990-04-23 08:28:01.990,2009-01-02 18:41:26.099700,590062404.1097,0,eq,eq,5.0
uw10262833,1990-04-25 17:05:27.700,2009-01-02 18:41:26.099700,589858558.3997,0,eq,eq,-1.0
uw10259063,1990-05-17 23:39:55.590,2009-01-02 18:41:26.099700,587934090.5097,0,eq,eq,68.0
uw10262208,1990-06-21 02:11:51.490,2009-01-02 18:41:26.099700,584987374.6097,0,eq,eq,70.0
uw10262313,1990-06-21 04:49:57.130,2009-01-02 18:41:26.099700,584977888.9697,0,eq,eq,69.0
uw10261193,1990-07-08 15:40:07.810,2009-01-02 18:41:26.099700,583470078.2897,0,lf,lf,6.0
uw10262693,1990-07-15 15:10:28.620,2009-01-02 18:41:26.099700,582867057.4797,0,lf,lf,-2.0
uw10260703,1990-08-03 12:19:39.900,2009-01-02 18:41:26.099700,581235706.1997,0,eq,eq,-2.0
uw10263978,1990-09-16 19:55:35.810,2009-01-02 18:41:26.099700,577406750.2897,0,eq,eq,26.0
uw10264228,1990-09-18 00:16:12.430,2009-01-02 18:41:26.099700,577304713.6697,0,eq,eq,26.0
uw10268273,1990-11-22 14:44:58.800,2009-01-02 18:41:26.099700,571636587.2997,0,eq,eq,-1.0
uw10271493,1991-01-25 13:09:37.610,2009-01-02 18:41:26.099700,566112708.4897,0,eq,eq,71.0
uw10272208,1991-01-29 15:00:47.200,2009-01-02 18:41:26.099700,565760438.8997,0,eq,eq,-2.0
uw10273783,1991-04-17 20:50:50.300,2009-01-02 18:41:26.099700,559000235.7997,0,eq,eq,-1.0
uw10279273,1991-05-27 10:05:44.570,2009-01-02 18:41:26.099700,555582941.5297,0,eq,eq,-1.0
uw10279393,1991-05-28 10:33:12.870,2009-01-02 18:41:26.099700,555494893.2297,0,eq,eq,5.0
uw10274388,1991-06-02 02:44:32.400,2009-01-02 18:41:26.099700,555091013.6997,0,eq,eq,7.0
uw10276753,1991-07-09 22:57:23.360,2009-01-02 18:41:26.099700,551821442.7397,0,eq,eq,22.0
uw10278308,1991-08-17 20:56:42.920,2009-01-02 18:41:26.099700,548459083.1797,0,eq,eq,26.0
uw10282168,1991-08-29 13:51:38.720,2009-01-02 18:41:26.099700,547447787.3797,0,eq,eq,19.0
uw10276198,1991-09-08 03:35:08.550,2009-01-02 18:41:26.099700,546620777.5497,0,eq,eq,9.0
uw10280743,1991-10-12 03:24:51.700,2009-01-02 18:41:26.099700,543683794.3997,0,eq,eq,71.0
uw10283833,1991-11-03 11:44:47.020,2009-01-02 18:41:26.099700,541752999.0797,0,eq,eq,5.0
uw10285328,1992-01-13 05:17:30.320,2009-01-02 18:41:26.099700,535641835.7797,0,eq,eq,72.0
uw10286903,1992-01-19 03:00:17.190,2009-01-02 18:41:26.099700,535131668.9097,0,eq,eq,72.0
uw10289133,1992-02-24 06:46:38.390,2009-01-02 18:41:26.099700,532007687.7097,0,lf,lf,-2.0
uw10289983,1992-03-21 03:41:44.110,2009-01-02 18:41:26.099700,529772381.9897,0,eq,eq,-1.0
uw10290783,1992-03-28 17:28:02.370,2009-01-02 18:41:26.099700,529118003.7297,0,eq,eq,-2.0
uw10288923,1992-04-18 20:47:07.060,2009-01-02 18:41:26.099700,527291659.0397,0,eq,eq,-1.0
uw10294463,1992-05-11 21:06:02.870,2009-01-02 18:41:26.099700,525303323.2297,0,lf,lf,63.0
uw10296238,1992-06-18 00:17:14.350,2009-01-02 18:41:26.099700,522095051.7497,0,eq,eq,-2.0
uw10299148,1992-06-25 21:58:10.600,2009-01-02 18:41:26.099700,521412195.4997,0,eq,eq,-2.0
uw10291183,1992-07-02 19:40:20.070,2009-01-02 18:41:26.099700,520815666.0297,0,lf,lf,-2.0
uw10300058,1992-07-31 10:23:12.070,2009-01-02 18:41:26.099700,518343494.0297,0,lf,lf,20.0
uw10292948,1992-10-07 03:12:34.270,2009-01-02 18:41:26.099700,512494131.8297,0,eq,eq,29.0
uw10304248,1993-02-17 13:12:38.100,2009-01-02 18:41:26.099700,500966927.9997,0,eq,eq,-1.0
uw10305343,1993-03-16 13:07:27.270,2009-01-02 18:41:26.099700,498634438.8297,0,lf,lf,-2.0
uw10311478,1993-05-31 06:58:49.290,2009-01-02 18:41:26.099700,492090156.8097,0,eq,eq,-2.0
uw10306618,1993-06-01 16:42:08.910,2009-01-02 18:41:26.099700,491968757.1897,0,eq,eq,-1.0
uw10307888,1993-06-08 23:04:47.670,2009-01-02 18:41:26.099700,491340998.4297,0,lf,lf,6.0
uw10312133,1993-08-16 09:46:05.190,2009-01-02 18:41:26.099700,485427320.9097,0,eq,eq,-1.0
uw10317398,1993-10-07 13:17:58.060,2009-01-02 18:41:26.099700,480921808.0397,0,eq,eq,-1.0
uw10318043,1993-10-08 10:19:36.310,2009-01-02 18:41:26.099700,480846109.7897,0,eq,eq,78.0
uw10338458,1994-04-01 04:38:55.670,2009-01-02 18:41:26.099700,465746550.4297,0,eq,eq,43.0
uw10341573,1994-06-03 06:38:11.260,2009-01-02 18:41:26.099700,460296194.8397,0,eq,eq,17.0
uw10350208,1994-07-17 11:27:12.250,2009-01-02 18:41:26.099700,456477253.8497,0,eq,eq,17.0
uw10350328,1994-07-17 23:43:19.200,2009-01-02 18:41:26.099700,456433086.8997,0,eq,eq,-1.0
uw10360703,1994-10-12 23:49:24.520,2009-01-02 18:41:26.099700,448915921.5797,0,eq,eq,17.0
uw10364613,1994-10-27 04:06:39.800,2009-01-02 18:41:26.099700,447690886.2997,0,eq,eq,-2.0
uw10362518,1994-11-27 08:19:31.140,2009-01-02 18:41:26.099700,444997314.9597,0,eq,eq,17.0
uw10365733,1995-01-24 13:23:16.230,2009-01-02 18:41:26.099700,439967889.8697,0,lf,lf,-2.0
uw10382878,1995-11-14 18:19:49.590,2009-01-02 18:41:26.099700,414548496.5097,0,eq,eq,70.0
uw10393313,1996-02-19 22:43:41.770,2009-01-02 18:41:26.099700,406151864.3297,0,eq,eq,-2.0
uw10394278,1996-04-19 16:23:41.720,2009-01-02 18:41:26.099700,400990664.3797,0,eq,eq,-2.0
uw10394528,1996-04-19 23:40:28.150,2009-01-02 18:41:26.099700,400964457.9497,0,eq,eq,-1.0
uw10401823,1996-06-27 20:42:55.770,2009-01-02 18:41:26.099700,395013510.3297,0,px,px,-2.0
uw10403798,1996-09-13 21:55:08.220,2009-01-02 18:41:26.099700,388269977.8797,0,eq,eq,-1.0
uw10404688,1996-11-02 06:32:56.910,2009-01-02 18:41:26.099700,384005309.1897,0,eq,eq,76.0
uw10414023,1997-04-04 20:56:56.690,2009-01-02 18:41:26.099700,370734269.4097,0,eq,eq,-2.0
uw10416033,1997-04-09 21:49:14.670,2009-01-02 18:41:26.099700,370299131.4297,0,eq,eq,-2.0
uw10424003,1997-07-12 17:16:02.610,2009-01-02 18:41:26.099700,362193923.4897,0,eq,eq,29.0
uw10424023,1997-07-12 17:18:37.230,2009-01-02 18:41:26.099700,362193768.8697,0,eq,eq,29.0
uw10434103,1998-02-11 12:26:17.410,2009-01-02 18:41:26.099700,343721708.6897,0,eq,eq,-1.0
uw10432193,1998-03-04 11:02:30.580,2009-01-02 18:41:26.099700,341912335.5197,0,eq,eq,-1.0
uw10435148,1998-03-13 20:19:19.640,2009-01-02 18:41:26.099700,341101326.4597,0,lf,lf,20.0
uw10442073,1998-04-26 21:19:37.560,2009-01-02 18:41:26.099700,337296108.5397,0,eq,eq,36.0
uw10442113,1998-04-26 21:20:00.430,2009-01-02 18:41:26.099700,337296085.6697,0,eq,eq,36.0
uw10442143,1998-04-26 21:20:50.830,2009-01-02 18:41:26.099700,337296035.2697,0,eq,eq,36.0
uw10448233,1998-05-30 07:19:15.260,2009-01-02 18:41:26.099700,334408930.8397,0,eq,eq,14.0
uw10458183,1998-06-26 20:21:18.680,2009-01-02 18:41:26.099700,332029207.4197,0,eq,eq,34.0
uw10460908,1998-06-29 02:13:27.580,2009-01-02 18:41:26.099700,331835278.5197,0,eq,eq,34.0
uw10448513,1998-08-14 02:40:04.380,2009-01-02 18:41:26.099700,327859281.7197,0,eq,eq,11.0
uw10449313,1998-08-16 03:25:53.440,2009-01-02 18:41:26.099700,327683732.6597,0,eq,eq,11.0
uw10449503,1998-08-16 06:15:26.530,2009-01-02 18:41:26.099700,327673559.5697,0,eq,eq,11.0
uw10451203,1998-08-18 20:44:09.530,2009-01-02 18:41:26.099700,327448636.5697,0,eq,eq,11.0
uw10451438,1998-08-18 23:55:40.920,2009-01-02 18:41:26.099700,327437145.1797,0,eq,eq,11.0
uw10463318,1998-09-19 03:04:51.330,2009-01-02 18:41:26.099700,324747394.7697,0,eq,eq,82.0
uw10455938,1998-10-10 22:21:32.890,2009-01-02 18:41:26.099700,322863593.2097,0,eq,eq,11.0
uw10456733,1998-10-11 22:25:12.190,2009-01-02 18:41:26.099700,322776973.9097,0,eq,eq,11.0
uw10462473,1998-11-20 17:39:20.200,2009-01-02 18:41:26.099700,319338125.8997,0,eq,eq,7.0
uw10471388,1999-01-15 05:00:46.790,2009-01-02 18:41:26.099700,314545239.3097,0,eq,eq,11.0
uw10469563,1999-02-06 23:19:43.980,2009-01-02 18:41:26.099700,312578502.1197,0,eq,eq,4.0
uw10470788,1999-02-15 00:21:37.050,2009-01-02 18:41:26.099700,311883589.0497,0,px,px,-1.0
uw10470573,1999-04-03 05:13:31.410,2009-01-02 18:41:26.099700,307805274.6897,0,eq,eq,82.0
uw10485768,1999-08-26 18:47:02.260,2009-01-02 18:41:26.099700,295228463.8397,0,eq,eq,-1.0
uw10485033,1999-12-09 00:57:32.410,2009-01-02 18:41:26.099700,286220633.6897,0,eq,eq,81.0
uw10485903,1999-12-12 00:43:54.210,2009-01-02 18:41:26.099700,285962251.8897,0,eq,eq,62.0
uw10493763,2000-02-15 22:52:07.090,2009-01-02 18:41:26.099700,280266559.0097,0,eq,eq,-2.0
uw10497508,2000-03-30 22:14:32.880,2009-01-02 18:41:26.099700,276467213.2197,0,eq,eq,58.0
uw10498418,2000-05-22 23:30:59.610,2009-01-02 18:41:26.099700,271883426.4897,0,eq,eq,81.0
uw10498478,2000-05-23 10:33:29.470,2009-01-02 18:41:26.099700,271843676.6297,0,lf,lf,20.0
uw10500013,2000-05-30 08:31:30.510,2009-01-02 18:41:26.099700,271246195.5897,0,eq,eq,-1.0
uw10520623,2000-06-18 23:59:40.890,2009-01-02 18:41:26.099700,269548905.2097,0,eq,eq,43.0
uw10501263,2000-07-06 22:32:25.100,2009-01-02 18:41:26.099700,267998940.9997,0,eq,eq,60.0
uw10513203,2000-07-29 00:39:50.850,2009-01-02 18:41:26.099700,266090495.2497,0,eq,eq,45.0
uw10503953,2000-08-10 09:53:25.760,2009-01-02 18:41:26.099700,265020480.3397,0,eq,eq,11.0
uw10511048,2000-08-25 12:43:40.400,2009-01-02 18:41:26.099700,263714265.6997,0,eq,eq,-1.0
uw10512768,2000-08-29 00:11:31.250,2009-01-02 18:41:26.099700,263413794.8497,0,eq,eq,-1.0
uw10516553,2000-11-16 12:29:07.680,2009-01-02 18:41:26.099700,256543938.4197,0,eq,eq,53.0
uw10517018,2000-11-18 17:46:56.080,2009-01-02 18:41:26.099700,256352070.0197,0,lf,lf,51.0
uw10518813,2001-01-03 18:19:32.030,2009-01-02 18:41:26.099700,252375714.0697,0,eq,eq,-1.0
uw10521078,2001-01-10 20:26:50.150,2009-01-02 18:41:26.099700,251763275.9497,0,eq,eq,14.0
uw10521103,2001-01-10 20:41:45.500,2009-01-02 18:41:26.099700,251762380.5997,0,eq,eq,14.0
uw10521413,2001-01-11 21:45:18.680,2009-01-02 18:41:26.099700,251672167.4197,0,lf,lf,6.0
uw10522933,2001-05-08 17:59:14.870,2009-01-02 18:41:26.099700,241576931.2297,0,eq,eq,60.0
uw10536683,2001-06-22 12:36:44.760,2009-01-02 18:41:26.099700,237708281.3397,0,eq,eq,76.0
uw10539733,2001-07-19 04:10:34.510,2009-01-02 18:41:26.099700,235405851.5897,0,eq,eq,54.0
uw10539233,2001-08-16 17:20:12.810,2009-01-02 18:41:26.099700,232939273.2897,0,eq,eq,61.0
uw10544738,2001-08-28 08:38:13.310,2009-01-02 18:41:26.099700,231933792.7897,0,eq,eq,31.0
uw10534193,2001-10-05 02:26:41.210,2009-01-02 18:41:26.099700,228672884.8897,0,eq,eq,3.0
uw10534363,2001-10-05 12:23:58.650,2009-01-02 18:41:26.099700,228637047.4497,0,eq,eq,3.0
uw10534538,2001-10-05 12:31:33.580,2009-01-02 18:41:26.099700,228636592.5197,0,eq,eq,3.0
uw10535178,2001-10-06 10:34:12.590,2009-01-02 18:41:26.099700,228557233.5097,0,eq,eq,3.0
uw10535218,2001-10-06 10:52:09.980,2009-01-02 18:41:26.099700,228556156.1197,0,eq,eq,3.0
uw10535313,2001-10-06 11:03:22.790,2009-01-02 18:41:26.099700,228555483.3097,0,eq,eq,3.0
uw10535348,2001-10-06 11:04:26.450,2009-01-02 18:41:26.099700,228555419.6497,0,eq,eq,3.0
uw10541513,2001-10-18 09:04:58.590,2009-01-02 18:41:26.099700,227525787.5097,0,eq,eq,47.0
uw10542958,2001-10-21 12:04:42.260,2009-01-02 18:41:26.099700,227255803.8397,0,eq,eq,-2.0
uw10544088,2001-10-26 08:19:18.650,2009-01-02 18:41:26.099700,226837327.4497,0,eq,eq,3.0
uw10544103,2001-10-26 09:06:41.020,2009-01-02 18:41:26.099700,226834485.0797,0,eq,eq,-2.0
uw10546908,2001-10-31 11:26:05.090,2009-01-02 18:41:26.099700,226394121.0097,0,eq,eq,3.0
uw10537853,2001-11-04 09:30:50.610,2009-01-02 18:41:26.099700,226055435.4897,0,eq,eq,47.0
uw10538843,2001-11-07 07:51:35.620,2009-01-02 18:41:26.099700,225802190.4797,0,eq,eq,-2.0
uw10549048,2001-12-07 06:03:41.180,2009-01-02 18:41:26.099700,223216664.9197,0,eq,eq,3.0
uw10553458,2002-03-21 02:32:47.110,2009-01-02 18:41:26.099700,214243718.9897,0,eq,eq,46.0
uw10554313,2002-03-24 01:41:20.570,2009-01-02 18:41:26.099700,213987605.5297,0,eq,eq,46.0
uw10556438,2002-04-24 01:52:07.960,2009-01-02 18:41:26.099700,211308558.1397,0,eq,eq,-1.0
uw10552478,2002-05-08 05:49:53.480,2009-01-02 18:41:26.099700,210084692.6197,0,eq,eq,2.0
uw10554518,2002-05-14 15:26:46.080,2009-01-02 18:41:26.099700,209531680.0197,0,lf,lf,51.0
uw10554973,2002-05-15 05:48:21.270,2009-01-02 18:41:26.099700,209479984.8297,0,eq,eq,-1.0
uw10557513,2002-06-07 13:02:09.350,2009-01-02 18:41:26.099700,207466756.7497,0,eq,eq,3.0
uw10555988,2002-07-01 07:57:46.740,2009-01-02 18:41:26.099700,205411419.3597,0,eq,eq,5.0
uw10557898,2002-07-06 04:28:15.890,2009-01-02 18:41:26.099700,204991990.2097,0,eq,eq,3.0
uw10557938,2002-07-06 05:35:55.520,2009-01-02 18:41:26.099700,204987930.5797,0,eq,eq,3.0
uw10565513,2002-07-24 15:30:51.040,2009-01-02 18:41:26.099700,203397035.0597,0,eq,eq,-1.0
uw10571568,2002-08-20 16:52:49.350,2009-01-02 18:41:26.099700,201059316.7497,0,eq,eq,-1.0
uw10562948,2002-09-13 14:33:04.670,2009-01-02 18:41:26.099700,198994101.4297,0,eq,eq,2.0
uw10562978,2002-09-13 14:46:28.220,2009-01-02 18:41:26.099700,198993297.8797,0,eq,eq,2.0
uw10562998,2002-09-13 14:58:35.850,2009-01-02 18:41:26.099700,198992570.2497,0,eq,eq,2.0
uw10563018,2002-09-13 14:59:54.050,2009-01-02 18:41:26.099700,198992492.0497,0,eq,eq,2.0
uw10563093,2002-09-13 15:58:39.720,2009-01-02 18:41:26.099700,198988966.3797,0,eq,eq,2.0
uw10568143,2002-09-25 02:35:45.840,2009-01-02 18:41:26.099700,198000340.2597,0,eq,eq,2.0
uw10568218,2002-09-25 05:30:54.220,2009-01-02 18:41:26.099700,197989831.8797,0,eq,eq,2.0
uw10568243,2002-09-25 05:35:49.450,2009-01-02 18:41:26.099700,197989536.6497,0,eq,eq,2.0
uw10568278,2002-09-25 05:43:01.870,2009-01-02 18:41:26.099700,197989104.2297,0,eq,eq,2.0
uw10568283,2002-09-25 05:45:20.170,2009-01-02 18:41:26.099700,197988965.9297,0,eq,eq,2.0
uw10568288,2002-09-25 06:27:44.250,2009-01-02 18:41:26.099700,197986421.8497,0,eq,eq,2.0
uw10568293,2002-09-25 06:48:29.500,2009-01-02 18:41:26.099700,197985176.5997,0,eq,eq,2.0
uw10568303,2002-09-25 07:22:12.950,2009-01-02 18:41:26.099700,197983153.1497,0,eq,eq,2.0
uw10568378,2002-09-25 07:42:52.330,2009-01-02 18:41:26.099700,197981913.7697,0,eq,eq,2.0
uw10568388,2002-09-25 07:45:28.360,2009-01-02 18:41:26.099700,197981757.7397,0,eq,eq,2.0
uw10568398,2002-09-25 08:16:12.720,2009-01-02 18:41:26.099700,197979913.3797,0,eq,eq,2.0
uw10568408,2002-09-25 08:42:12.960,2009-01-02 18:41:26.099700,197978353.1397,0,eq,eq,2.0
uw10568423,2002-09-25 08:55:02.490,2009-01-02 18:41:26.099700,197977583.6097,0,eq,eq,2.0
uw10568443,2002-09-25 09:17:21.070,2009-01-02 18:41:26.099700,197976245.0297,0,eq,eq,-1.0
uw10568488,2002-09-25 10:33:53.380,2009-01-02 18:41:26.099700,197971652.7197,0,eq,eq,2.0
uw10572443,2002-11-05 02:43:57.240,2009-01-02 18:41:26.099700,194457448.8597,0,eq,eq,-1.0
uw10581258,2002-11-22 19:00:48.440,2009-01-02 18:41:26.099700,192930037.6597,0,eq,eq,3.0
uw10584198,2002-11-28 07:21:01.320,2009-01-02 18:41:26.099700,192453624.7797,0,eq,eq,3.0
uw10575403,2002-12-24 00:23:53.070,2009-01-02 18:41:26.099700,190232253.0297,0,eq,eq,-1.0
uw10573743,2003-01-13 21:09:05.190,2009-01-02 18:41:26.099700,188429540.9097,0,eq,eq,78.0
uw10834223,2003-01-31 10:14:48.900,2009-01-02 18:41:26.099700,186913597.1997,0,eq,eq,-1.0
uw10578028,2003-03-05 17:42:49.500,2009-01-02 18:41:26.099700,184035516.5997,0,eq,eq,3.0
uw10582303,2003-03-20 20:58:56.940,2009-01-02 18:41:26.099700,182727749.1597,0,eq,eq,-1.0
uw10584853,2003-03-30 10:43:35.770,2009-01-02 18:41:26.099700,181900670.3297,0,eq,eq,-1.0
uw10583803,2003-06-08 20:39:29.460,2009-01-02 18:41:26.099700,175816916.6397,0,eq,eq,-1.0
uw10585973,2003-06-19 19:57:56.770,2009-01-02 18:41:26.099700,174869009.3297,0,eq,eq,-1.0
uw10589193,2003-09-06 11:37:01.500,2009-01-02 18:41:26.099700,168073464.5997,0,lf,lf,6.0
uw10610438,2003-09-29 04:48:07.480,2009-01-02 18:41:26.099700,166110798.6197,0,eq,eq,-1.0
uw10599588,2003-10-16 04:30:18.850,2009-01-02 18:41:26.099700,164643067.2497,0,eq,eq,31.0
uw10598628,2004-01-11 06:08:03.720,2009-01-02 18:41:26.099700,157120402.3797,0,eq,eq,-1.0
uw10603768,2004-01-27 01:59:26.040,2009-01-02 18:41:26.099700,155752920.0597,0,eq,eq,-1.0
uw10605193,2004-04-02 14:43:13.510,2009-01-02 18:41:26.099700,150004692.5897,0,eq,eq,4.0
uw10613388,2004-05-28 21:20:07.630,2009-01-02 18:41:26.099700,145142478.4697,0,eq,su,1.0
uw10607828,2004-06-07 23:52:24.550,2009-01-02 18:41:26.099700,144269341.5497,0,eq,eq,3.0
uw10608053,2004-06-08 14:20:41.640,2009-01-02 18:41:26.099700,144217244.4597,0,eq,eq,-1.0
uw10609348,2004-06-11 20:28:49.650,2009-01-02 18:41:26.099700,143935956.4497,0,eq,eq,12.0
uw10609393,2004-06-11 20:34:15.610,2009-01-02 18:41:26.099700,143935630.4897,0,eq,eq,12.0
uw10609398,2004-06-11 20:36:20.860,2009-01-02 18:41:26.099700,143935505.2397,0,eq,eq,12.0
uw10609403,2004-06-11 20:37:01.750,2009-01-02 18:41:26.099700,143935464.3497,0,eq,eq,12.0
uw10609458,2004-06-11 22:59:04.140,2009-01-02 18:41:26.099700,143926941.9597,0,eq,eq,12.0
uw10609508,2004-06-12 01:24:35.480,2009-01-02 18:41:26.099700,143918210.6197,0,eq,eq,12.0
uw10609543,2004-06-12 04:02:02.980,2009-01-02 18:41:26.099700,143908763.1197,0,eq,eq,12.0
uw10609693,2004-06-12 12:26:09.760,2009-01-02 18:41:26.099700,143878516.3397,0,eq,eq,-1.0
uw10610328,2004-06-14 02:17:18.850,2009-01-02 18:41:26.099700,143742247.2497,0,eq,eq,12.0
uw10608853,2004-08-08 13:29:31.950,2009-01-02 18:41:26.099700,138949914.1497,0,lf,lf,6.0
uw10609623,2004-08-10 09:51:28.770,2009-01-02 18:41:26.099700,138790197.3297,0,eq,eq,-1.0
uw10617933,2004-08-30 14:09:21.460,2009-01-02 18:41:26.099700,137046724.6397,0,eq,eq,74.0
uw10619503,2004-09-10 13:06:07.130,2009-01-02 18:41:26.099700,136100118.9697,0,eq,eq,-1.0
uw10622473,2004-09-18 19:13:12.230,2009-01-02 18:41:26.099700,135386893.8697,0,eq,eq,-1.0
uw10644983,2004-10-05 10:17:20.700,2009-01-02 18:41:26.099700,133950245.3997,0,eq,eq,31.0
uw10654543,2004-10-09 16:24:42.520,2009-01-02 18:41:26.099700,133582603.5797,0,eq,eq,3.0
uw10664213,2004-10-18 15:20:08.290,2009-01-02 18:41:26.099700,132808877.8097,0,eq,eq,-1.0
uw10670983,2004-10-30 00:41:24.290,2009-01-02 18:41:26.099700,131824801.8097,0,eq,eq,-1.0
uw10647418,2004-11-22 05:39:07.330,2009-01-02 18:41:26.099700,129819738.7697,0,eq,eq,-1.0
uw10630568,2004-12-19 08:14:43.790,2009-01-02 18:41:26.099700,127477602.3097,0,eq,eq,3.0
uw10626713,2005-02-09 01:07:19.250,2009-01-02 18:41:26.099700,123010446.8497,0,lf,lf,6.0
uw10627123,2005-02-09 12:12:39.500,2009-01-02 18:41:26.099700,122970526.5997,0,lf,lf,6.0
uw10631643,2005-02-14 11:14:33.970,2009-01-02 18:41:26.099700,122542012.1297,0,eq,eq,-1.0
uw10665963,2005-03-28 01:58:12.890,2009-01-02 18:41:26.099700,118946593.2097,0,eq,eq,13.0
uw10669233,2005-04-20 03:18:18.590,2009-01-02 18:41:26.099700,116954587.5097,0,eq,eq,50.0
uw10669248,2005-04-20 03:25:07.030,2009-01-02 18:41:26.099700,116954179.0697,0,eq,eq,50.0
uw10660283,2005-07-07 21:16:59.390,2009-01-02 18:41:26.099700,110150666.7097,0,lf,lf,20.0
uw10665323,2005-07-15 04:39:08.820,2009-01-02 18:41:26.099700,109519337.2797,0,lf,lf,6.0
uw10671218,2005-08-02 08:02:16.850,2009-01-02 18:41:26.099700,107951949.2497,0,lf,lf,38.0
uw10673223,2005-08-04 10:29:27.850,2009-01-02 18:41:26.099700,107770318.2497,0,eq,eq,-1.0
uw10674173,2005-08-05 17:08:19.330,2009-01-02 18:41:26.099700,107659986.7697,0,eq,eq,-1.0
uw10674548,2005-08-06 01:59:29.600,2009-01-02 18:41:26.099700,107628116.4997,0,eq,eq,16.0
uw10676868,2005-08-09 21:39:43.480,2009-01-02 18:41:26.099700,107298102.6197,0,lf,lf,38.0
uw10676123,2005-10-02 16:01:57.380,2009-01-02 18:41:26.099700,102652768.7197,0,lf,su,1.0
uw10676563,2005-10-03 14:46:09.070,2009-01-02 18:41:26.099700,102570917.0297,0,eq,eq,4.0
uw10676593,2005-10-03 14:57:43.500,2009-01-02 18:41:26.099700,102570222.5997,0,eq,eq,4.0
uw10676628,2005-10-03 19:51:01.450,2009-01-02 18:41:26.099700,102552624.6497,0,eq,eq,4.0
uw10679373,2005-10-09 16:03:36.700,2009-01-02 18:41:26.099700,102047869.3997,0,eq,eq,-1.0
uw10679678,2005-10-10 10:05:17.000,2009-01-02 18:41:26.099700,101982969.0997,0,eq,eq,61.0
uw10685868,2005-10-25 05:51:52.000,2009-01-02 18:41:26.099700,100702174.0997,0,eq,eq,9.0
uw10686143,2005-10-26 18:45:47.810,2009-01-02 18:41:26.099700,100569338.2897,0,eq,eq,9.0
uw10687778,2005-10-31 06:45:26.960,2009-01-02 18:41:26.099700,100180559.1397,0,eq,eq,5.0
uw10679093,2005-11-11 00:01:44.270,2009-01-02 18:41:26.099700,99254381.8297,0,eq,eq,-1.0
uw10682713,2005-11-19 22:34:56.590,2009-01-02 18:41:26.099700,98481989.5097,0,eq,eq,9.0
uw10684038,2005-11-23 20:53:15.300,2009-01-02 18:41:26.099700,98142490.7997,0,eq,eq,9.0
uw10678863,2005-12-01 13:21:01.620,2009-01-02 18:41:26.099700,97478424.4797,0,eq,eq,16.0
uw10678898,2005-12-01 13:30:03.130,2009-01-02 18:41:26.099700,97477882.9697,0,eq,eq,16.0
uw10678908,2005-12-01 14:50:14.860,2009-01-02 18:41:26.099700,97473071.2397,0,eq,eq,16.0
uw10679548,2005-12-03 22:16:12.850,2009-01-02 18:41:26.099700,97273513.2497,0,eq,eq,9.0
uw10680043,2005-12-04 22:51:53.510,2009-01-02 18:41:26.099700,97184972.5897,0,eq,eq,28.0
uw10680203,2005-12-05 13:02:15.440,2009-01-02 18:41:26.099700,97133950.6597,0,eq,eq,-1.0
uw10681138,2005-12-07 19:05:38.340,2009-01-02 18:41:26.099700,96939347.7597,0,eq,eq,16.0
uw10681363,2005-12-08 00:27:49.890,2009-01-02 18:41:26.099700,96920016.2097,0,eq,eq,16.0
uw10682238,2005-12-09 14:12:59.480,2009-01-02 18:41:26.099700,96784106.6197,0,eq,eq,28.0
uw10683318,2005-12-11 18:08:50.370,2009-01-02 18:41:26.099700,96597155.7297,0,eq,eq,74.0
uw10685168,2005-12-16 00:18:37.580,2009-01-02 18:41:26.099700,96229368.5197,0,eq,eq,-1.0
uw10687753,2005-12-29 08:42:26.390,2009-01-02 18:41:26.099700,95075939.7097,0,eq,eq,9.0
uw10690463,2006-01-26 03:53:18.080,2009-01-02 18:41:26.099700,92674088.0197,0,eq,eq,22.0
uw10690558,2006-01-26 21:43:31.570,2009-01-02 18:41:26.099700,92609874.5297,0,eq,eq,22.0
uw10690583,2006-01-26 21:54:57.130,2009-01-02 18:41:26.099700,92609188.9697,0,eq,eq,22.0
uw10688763,2006-02-13 02:17:41.300,2009-01-02 18:41:26.099700,91124624.7997,0,eq,eq,9.0
uw10688838,2006-02-14 04:51:25.270,2009-01-02 18:41:26.099700,91029000.8297,0,eq,eq,22.0
uw10686763,2006-03-03 12:01:04.260,2009-01-02 18:41:26.099700,89534421.8397,0,eq,eq,2.0
uw10686773,2006-03-03 12:01:51.530,2009-01-02 18:41:26.099700,89534374.5697,0,eq,eq,2.0
uw10686788,2006-03-03 12:02:10.600,2009-01-02 18:41:26.099700,89534355.4997,0,eq,eq,2.0
uw10686898,2006-03-03 13:30:42.050,2009-01-02 18:41:26.099700,89529044.0497,0,eq,eq,2.0
uw10687068,2006-03-04 16:14:26.310,2009-01-02 18:41:26.099700,89432819.7897,0,eq,eq,2.0
uw10688888,2006-03-13 07:21:58.820,2009-01-02 18:41:26.099700,88687167.2797,0,eq,eq,4.0
uw10690283,2006-03-17 20:43:23.940,2009-01-02 18:41:26.099700,88293482.1597,0,eq,eq,-1.0
uw10691373,2006-03-20 21:34:22.750,2009-01-02 18:41:26.099700,88031223.3497,0,eq,eq,-1.0
uw10692508,2006-03-25 21:08:30.790,2009-01-02 18:41:26.099700,87600775.3097,0,eq,eq,-1.0
uw10693133,2006-03-29 10:03:10.130,2009-01-02 18:41:26.099700,87295095.9697,0,eq,eq,2.0
uw10690233,2006-04-08 04:01:15.650,2009-01-02 18:41:26.099700,86452810.4497,0,eq,eq,9.0
uw10689723,2006-05-04 01:21:46.980,2009-01-02 18:41:26.099700,84215979.1197,0,eq,eq,-1.0
uw10689993,2006-05-04 17:12:57.860,2009-01-02 18:41:26.099700,84158908.2397,0,eq,eq,-1.0
uw10692178,2006-05-10 08:15:21.350,2009-01-02 18:41:26.099700,83672764.7497,0,eq,eq,25.0
uw10693483,2006-05-13 22:21:55.760,2009-01-02 18:41:26.099700,83362770.3397,0,eq,eq,25.0
uw10698278,2006-05-30 07:07:32.110,2009-01-02 18:41:26.099700,81948833.9897,0,eq,eq,30.0
uw10698553,2006-05-30 18:15:54.520,2009-01-02 18:41:26.099700,81908731.5797,0,eq,eq,30.0
uw10692928,2006-06-11 07:35:48.990,2009-01-02 18:41:26.099700,80910337.1097,0,eq,eq,28.0
uw10692948,2006-06-11 07:39:12.120,2009-01-02 18:41:26.099700,80910133.9797,0,eq,eq,28.0
uw10693328,2006-06-12 18:45:37.850,2009-01-02 18:41:26.099700,80783748.2497,0,eq,su,80.0
uw10693498,2006-06-13 16:14:29.940,2009-01-02 18:41:26.099700,80706416.1597,0,lf,su,1.0
uw10695013,2006-06-20 15:46:55.800,2009-01-02 18:41:26.099700,80103270.2997,0,eq,eq,3.0
uw10695123,2006-06-21 00:11:11.500,2009-01-02 18:41:26.099700,80073014.5997,0,eq,eq,-1.0
uw10697808,2006-06-30 11:29:00.910,2009-01-02 18:41:26.099700,79254745.1897,0,eq,eq,32.0
uw10693713,2006-07-02 20:29:04.650,2009-01-02 18:41:26.099700,79049541.4497,0,lf,su,1.0
uw10694393,2006-07-05 18:06:50.130,2009-01-02 18:41:26.099700,78798875.9697,0,lf,su,1.0
uw10698913,2006-07-16 10:19:53.870,2009-01-02 18:41:26.099700,77876492.2297,0,eq,eq,32.0
uw10701953,2006-07-23 18:51:20.040,2009-01-02 18:41:26.099700,77241006.0597,0,eq,eq,-1.0
uw10695893,2006-08-03 08:58:05.350,2009-01-02 18:41:26.099700,76326200.7497,0,eq,eq,75.0
uw10696273,2006-08-03 22:07:50.090,2009-01-02 18:41:26.099700,76278816.0097,0,eq,eq,75.0
uw10697783,2006-08-07 01:16:33.450,2009-01-02 18:41:26.099700,76008292.6497,0,eq,eq,25.0
uw10701223,2006-11-07 22:37:26.900,2009-01-02 18:41:26.099700,67982639.1997,0,eq,eq,-1.0
uw10720253,2007-01-26 12:21:30.630,2009-01-02 18:41:26.099700,61107595.4697,0,eq,eq,-1.0
uw10716363,2007-03-21 07:25:15.900,2009-01-02 18:41:26.099700,56459770.1997,0,eq,eq,17.0
uw10712853,2007-04-05 01:37:58.630,2009-01-02 18:41:26.099700,55184607.4697,0,eq,eq,40.0
uw10712958,2007-04-05 05:09:53.950,2009-01-02 18:41:26.099700,55171892.1497,0,eq,eq,54.0
uw10714853,2007-04-09 13:15:07.940,2009-01-02 18:41:26.099700,54797178.1597,0,eq,eq,-1.0
uw10718073,2007-04-17 20:01:40.170,2009-01-02 18:41:26.099700,54081585.9297,0,eq,eq,3.0
uw10727903,2007-04-20 21:26:32.260,2009-01-02 18:41:26.099700,53817293.8397,0,eq,eq,17.0
uw10728473,2007-04-24 11:13:28.840,2009-01-02 18:41:26.099700,53508477.2597,0,eq,eq,3.0
uw10711563,2007-06-05 19:25:35.680,2009-01-02 18:41:26.099700,49850150.4197,0,lf,su,1.0
uw10712468,2007-06-09 23:18:37.640,2009-01-02 18:41:26.099700,49490568.4597,0,lf,lf,8.0
uw10713153,2007-06-12 19:42:26.550,2009-01-02 18:41:26.099700,49244339.5497,0,eq,eq,4.0
uw10729563,2007-07-25 00:19:59.410,2009-01-02 18:41:26.099700,45598886.6897,0,eq,eq,-1.0
uw10729683,2007-07-25 06:35:01.720,2009-01-02 18:41:26.099700,45576384.3797,0,lf,lf,-1.0
uw10729713,2007-07-25 06:35:16.520,2009-01-02 18:41:26.099700,45576369.5797,0,lf,lf,8.0
uw10731078,2007-07-27 11:36:04.500,2009-01-02 18:41:26.099700,45385521.5997,0,eq,su,1.0
uw10725083,2007-08-12 20:05:06.960,2009-01-02 18:41:26.099700,43972579.1397,0,lf,lf,6.0
uw10725348,2007-08-13 10:19:50.190,2009-01-02 18:41:26.099700,43921295.9097,0,eq,eq,67.0
uw10727563,2007-08-16 17:44:48.070,2009-01-02 18:41:26.099700,43635398.0297,0,eq,eq,67.0
uw10736828,2007-09-29 19:42:34.650,2009-01-02 18:41:26.099700,39826731.4497,0,eq,eq,19.0
uw10727248,2007-10-18 15:31:58.030,2009-01-02 18:41:26.099700,38200168.0697,0,eq,eq,-1.0
uw10728248,2007-10-24 07:55:24.430,2009-01-02 18:41:26.099700,37709161.6697,0,eq,eq,-1.0
uw10724648,2007-11-08 09:33:33.590,2009-01-02 18:41:26.099700,36407272.5097,0,eq,eq,-1.0
uw10731958,2007-12-06 18:14:15.520,2009-01-02 18:41:26.099700,33956830.5797,0,eq,eq,64.0
uw10734058,2007-12-11 21:37:06.610,2009-01-02 18:41:26.099700,33512659.4897,0,eq,eq,64.0
uw10737603,2007-12-24 13:17:39.760,2009-01-02 18:41:26.099700,32419426.3397,0,eq,eq,-1.0
uw10737798,2007-12-25 13:12:05.290,2009-01-02 18:41:26.099700,32333360.8097,0,eq,eq,4.0
uw10738453,2007-12-28 12:25:43.390,2009-01-02 18:41:26.099700,32076942.7097,0,eq,eq,4.0
uw10738483,2007-12-28 16:42:07.870,2009-01-02 18:41:26.099700,32061558.2297,0,eq,eq,4.0
uw10738498,2007-12-28 16:52:29.340,2009-01-02 18:41:26.099700,32060936.7597,0,eq,eq,4.0
uw10738563,2007-12-29 00:43:41.270,2009-01-02 18:41:26.099700,32032664.8297,0,eq,eq,4.0
uw10738573,2007-12-29 04:45:21.520,2009-01-02 18:41:26.099700,32018164.5797,0,eq,eq,4.0
uw10738583,2007-12-29 06:41:12.140,2009-01-02 18:41:26.099700,32011213.9597,0,eq,eq,4.0
uw10738668,2007-12-29 20:26:22.960,2009-01-02 18:41:26.099700,31961703.1397,0,eq,eq,4.0
uw10738798,2007-12-30 01:48:18.560,2009-01-02 18:41:26.099700,31942387.5397,0,eq,eq,-1.0
uw10739098,2007-12-31 21:13:29.450,2009-01-02 18:41:26.099700,31786076.6497,0,eq,eq,4.0
uw10734148,2008-01-12 05:22:29.310,2009-01-02 18:41:26.099700,30806336.7897,0,eq,eq,30.0
uw10735873,2008-01-17 00:39:37.790,2009-01-02 18:41:26.099700,30391308.3097,0,eq,eq,4.0
uw10738598,2008-01-22 09:36:45.760,2009-01-02 18:41:26.099700,29927080.3397,0,eq,eq,-1.0
uw10738823,2008-01-23 01:04:38.290,2009-01-02 18:41:26.099700,29871407.8097,0,eq,eq,-1.0
uw10740838,2008-01-27 10:28:23.590,2009-01-02 18:41:26.099700,29491982.5097,0,eq,eq,4.0
uw10740883,2008-01-27 11:07:25.900,2009-01-02 18:41:26.099700,29489640.1997,0,eq,eq,4.0
uw10740898,2008-01-27 12:44:22.380,2009-01-02 18:41:26.099700,29483823.7197,0,eq,eq,4.0
uw10735193,2008-02-05 08:55:56.890,2009-01-02 18:41:26.099700,28719929.2097,0,eq,eq,4.0
uw10739038,2008-02-21 06:18:02.560,2009-01-02 18:41:26.099700,27347003.5397,0,eq,eq,2.0
uw10739068,2008-02-21 09:21:06.750,2009-01-02 18:41:26.099700,27336019.3497,0,eq,eq,-1.0
uw10739088,2008-02-21 09:22:40.230,2009-01-02 18:41:26.099700,27335925.8697,0,eq,eq,2.0
uw10739128,2008-02-21 10:24:45.170,2009-01-02 18:41:26.099700,27332200.9297,0,eq,eq,2.0
uw10738413,2008-03-15 04:28:20.420,2009-01-02 18:41:26.099700,25366385.6797,0,lf,lf,6.0
uw10739698,2008-04-03 23:50:48.700,2009-01-02 18:41:26.099700,23655037.3997,0,eq,eq,10.0
uw10739713,2008-04-04 00:38:28.000,2009-01-02 18:41:26.099700,23652178.0997,0,eq,eq,10.0
uw10739723,2008-04-04 01:27:42.270,2009-01-02 18:41:26.099700,23649223.8297,0,eq,eq,10.0
uw10739738,2008-04-04 02:22:48.600,2009-01-02 18:41:26.099700,23645917.4997,0,eq,eq,10.0
uw10739963,2008-04-04 08:11:39.880,2009-01-02 18:41:26.099700,23624986.2197,0,eq,eq,10.0
uw10740848,2008-04-05 11:55:45.310,2009-01-02 18:41:26.099700,23525140.7897,0,eq,eq,10.0
uw10740878,2008-04-05 15:14:55.390,2009-01-02 18:41:26.099700,23513190.7097,0,eq,eq,10.0
uw10740888,2008-04-05 15:41:00.930,2009-01-02 18:41:26.099700,23511625.1697,0,eq,eq,10.0
uw10742093,2008-04-07 16:01:53.010,2009-01-02 18:41:26.099700,23337573.0897,0,eq,eq,10.0
uw10742098,2008-04-07 16:46:45.580,2009-01-02 18:41:26.099700,23334880.5197,0,eq,eq,10.0
uw10751293,2008-04-25 22:43:45.400,2009-01-02 18:41:26.099700,21758260.6997,0,eq,eq,-1.0
uw10752558,2008-04-29 10:27:57.640,2009-01-02 18:41:26.099700,21456808.4597,0,eq,eq,65.0
uw10741173,2008-06-04 06:30:53.130,2009-01-02 18:41:26.099700,18360632.9697,0,eq,eq,-1.0
uw10746433,2008-06-18 08:12:20.250,2009-01-02 18:41:26.099700,17144945.8497,0,eq,eq,41.0
uw10748853,2008-06-23 22:15:15.420,2009-01-02 18:41:26.099700,16662370.6797,0,eq,eq,41.0
uw10744743,2008-07-07 09:49:27.260,2009-01-02 18:41:26.099700,15497518.8397,0,eq,eq,40.0
uw10746343,2008-09-05 12:03:46.150,2009-01-02 18:41:26.099700,10305459.9497,0,eq,eq,-1.0
uw10756193,2008-11-08 01:39:49.710,2009-01-02 18:41:26.099700,4813296.3897,0,eq,eq,39.0
uw10755533,2009-01-06 17:44:20.110,2009-01-08 00:08:02.620400,109422.5104,1,eq,eq,-1.0
uw10756458,2009-01-12 02:35:45.070,2009-01-08 00:08:25.150400,-354439.9196,1,eq,eq,41.0
uw10757568,2009-01-15 13:52:40.180,2009-01-08 00:08:25.150400,-654255.0296,1,lf,lf,6.0
uw10758843,2009-01-18 11:16:09.490,2009-01-08 00:08:25.150400,-904064.3396,1,eq,eq,42.0
uw10759083,2009-01-19 01:46:25.190,2009-01-08 00:08:25.150400,-956280.0396,1,eq,eq,42.0
uw10759983,2009-01-22 12:33:48.430,2009-01-08 00:08:25.150400,-1254323.2796,1,eq,eq,42.0
uw10762728,2009-02-27 05:42:37.570,2009-03-18 06:44:15.570300,1645298.0003,2,eq,eq,-1.0
uw10763153,2009-03-18 06:44:09.850,2009-03-18 06:44:15.570300,5.7203,2,eq,eq,-1.0
uw10780223,2009-04-27 13:56:45.920,2009-05-01 13:31:49.144900,344103.2249,9,eq,eq,5.0
uw10765593,2009-05-03 15:43:48.730,2009-05-01 15:14:54.790900,-174533.9391,9,eq,eq,3.0
uw10767303,2009-05-07 02:03:02.210,2009-05-01 15:14:54.790900,-470887.4191,9,eq,eq,4.0
uw10772653,2009-05-15 05:27:28.490,2009-05-15 05:27:36.211400,7.7214,10,eq,eq,23.0
uw10772738,2009-05-15 06:01:08.810,2009-05-15 06:01:16.290100,7.4801,10,eq,eq,23.0
uw10765608,2009-06-04 02:39:38.450,2009-05-21 05:21:13.710600,-1199904.7394,9,eq,eq,79.0
uw10765753,2009-06-05 02:13:24.500,2009-05-21 05:21:13.710600,-1284730.7894,9,eq,eq,79.0
uw10772768,2009-06-16 18:34:59.260,2009-06-20 19:46:12.159800,349872.8998,11,lf,su,1.0
uw10773688,2009-06-19 16:15:43.330,2009-06-20 19:46:12.159800,99028.8298,11,lf,su,1.0
uw10776743,2009-06-25 21:22:17.290,2009-06-21 03:07:18.390800,-411298.8992,11,lf,su,1.0
uw10765968,2009-07-02 13:59:46.890,2009-07-02 19:35:15.781100,20128.8911,12,lf,su,1.0
uw10769513,2009-07-08 22:17:50.640,2009-07-05 05:19:58.150200,-320272.4898,12,lf,su,1.0
uw10771253,2009-07-12 10:43:44.770,2009-07-05 05:19:58.150200,-624226.6198,12,lf,su,1.0
uw10772278,2009-07-14 04:31:07.590,2009-07-22 17:04:10.570700,736382.9807,13,eq,eq,4.0
uw10773263,2009-07-16 02:41:26.960,2009-07-22 17:04:10.570700,570163.6107,13,lf,su,1.0
uw10774443,2009-07-18 03:44:24.580,2009-07-22 17:04:10.570700,393585.9907,13,lf,su,1.0
uw10775668,2009-07-22 17:03:54.980,2009-07-22 17:04:10.570700,15.5907,13,lf,su,1.0
uw10776873,2009-07-25 14:17:15.060,2009-07-25 14:17:30.580500,15.5205,13,lf,su,1.0
uw10777573,2009-07-27 12:49:28.180,2009-07-27 12:49:43.630200,15.4502,13,lf,su,1.0
uw10778433,2009-07-30 08:58:43.750,2009-07-29 03:27:40.635000,-106263.115,13,lf,su,1.0
uw10778993,2009-07-31 19:01:30.180,2009-07-31 19:01:45.600200,15.4202,13,lf,su,1.0
uw10765353,2009-08-02 16:30:02.840,2009-08-02 16:30:18.128500,15.288499999999999,13,lf,su,1.0
uw10766078,2009-08-03 17:17:37.040,2009-08-03 17:17:52.350500,15.3105,13,lf,su,1.0
uw10766718,2009-08-04 23:55:05.190,2009-08-03 17:17:52.350500,-110232.8395,13,lf,su,1.0
uw10767633,2009-08-06 05:07:42.480,2009-08-03 17:17:52.350500,-215390.1295,13,lf,su,1.0
uw10768748,2009-08-08 06:19:07.110,2009-08-03 17:17:52.350500,-392474.7595,13,lf,su,1.0
uw10770698,2009-08-11 19:39:02.910,2009-08-03 17:17:52.350500,-699670.5595,13,lf,su,1.0
uw10776358,2009-08-21 15:25:02.200,2009-08-21 15:25:17.880700,15.6807,13,lf,su,1.0
uw10773498,2009-09-01 23:41:29.470,2009-08-22 16:59:46.680500,-888102.7895,13,eq,eq,53.0
uw10773513,2009-09-01 23:42:26.280,2009-08-22 16:59:46.680500,-888159.5995,13,lf,su,1.0
uw10780353,2009-09-12 20:49:44.140,2009-09-12 21:26:50.721400,2226.5814,10,eq,eq,-1.0
uw10780358,2009-09-12 21:26:43.400,2009-09-12 21:26:50.721400,7.3214,10,eq,eq,23.0
uw10780698,2009-09-13 19:18:20.150,2009-09-13 19:18:27.230300,7.0803,10,eq,eq,23.0
uw10788803,2009-09-25 12:46:50.030,2009-09-25 12:46:57.310000,7.28,10,eq,eq,23.0
uw10784958,2009-12-10 01:21:35.080,2009-12-01 00:40:25.091300,-780069.9887,14,eq,eq,49.0
uw10788048,2009-12-14 20:28:33.190,2009-12-25 03:15:02.600000,888389.41,15,px,px,-1.0
uw10792378,2009-12-28 18:57:47.330,2009-12-28 18:57:48.841000,1.5110000000000001,16,eq,eq,56.0
uw10792393,2009-12-28 19:04:55.120,2009-12-28 19:04:56.701000,1.581,16,eq,eq,56.0
uw10785723,2010-01-09 09:52:48.400,2010-01-08 10:26:58.261400,-84350.1386,17,eq,eq,-1.0
uw10783103,2010-02-03 22:53:57.490,2010-01-08 10:26:58.261400,-2291219.2286,17,eq,eq,-1.0
uw10787338,2010-02-12 14:42:06.290,2010-03-06 20:55:51.950400,1923225.6604,18,lf,lf,8.0
uw10790088,2010-02-21 10:15:26.100,2010-03-06 20:55:51.950400,1161625.8504,18,eq,eq,4.0
uw10796448,2010-04-14 08:23:42.220,2010-04-14 08:23:47.199200,4.9792,24,eq,eq,37.0
uw10796668,2010-04-14 21:24:42.150,2010-04-14 21:24:47.243400,5.0934,24,eq,eq,37.0
uw10796888,2010-04-15 10:26:35.880,2010-04-15 10:26:40.920800,5.0408,24,eq,eq,37.0
uw10803628,2010-06-22 16:06:36.420,2010-06-30 08:44:53.811100,664697.3911,13,eq,px,52.0
uw10804583,2010-06-30 08:44:38.480,2010-06-30 08:44:53.811100,15.3311,13,lf,su,1.0
uw10793683,2010-07-01 00:30:23.770,2010-06-30 08:44:53.811100,-56729.9589,13,lf,su,1.0
uw10795288,2010-07-07 22:40:17.400,2010-07-06 14:01:39.800600,-117517.5994,29,px,px,-1.0
uw10800098,2010-07-27 15:41:06.620,2010-07-29 13:20:53.761100,164387.1411,30,px,px,52.0
uw10796033,2010-08-04 12:05:41.900,2010-07-30 23:06:08.200400,-392373.6996,30,eq,eq,-1.0
uw10801128,2010-08-21 12:06:01.540,2010-08-29 02:31:20.251400,656718.7114,31,eq,eq,49.0
uw10805103,2010-09-01 16:55:49.990,2010-08-30 00:37:13.930100,-231516.0599,31,eq,eq,48.0
uw10806433,2010-09-06 14:54:54.130,2010-09-06 01:43:25.470100,-47488.6599,32,eq,eq,21.0
uw10806453,2010-09-06 18:35:46.120,2010-09-06 01:43:25.470100,-60740.6499,32,eq,eq,21.0
uw10806463,2010-09-06 18:54:06.680,2010-09-06 01:43:25.470100,-61841.2099,32,eq,eq,21.0
uw10806473,2010-09-06 18:54:51.810,2010-09-06 01:43:25.470100,-61886.3399,32,eq,eq,21.0
uw10806478,2010-09-06 18:55:18.930,2010-09-06 01:43:25.470100,-61913.4599,32,eq,eq,21.0
uw10806488,2010-09-06 18:58:12.210,2010-09-06 01:43:25.470100,-62086.7399,32,eq,eq,21.0
uw10806868,2010-10-12 00:25:53.830,2010-10-31 20:36:11.680500,1714217.8505,34,eq,eq,-1.0
uw10809433,2010-10-28 19:53:28.100,2010-10-31 20:36:11.680500,261763.5805,34,eq,eq,13.0
uw10809888,2010-10-31 20:36:01.320,2010-10-31 20:36:11.680500,10.3605,34,eq,eq,13.0
uw10809903,2010-10-31 21:27:43.160,2010-10-31 20:36:11.680500,-3091.4795,34,eq,eq,13.0
uw10805038,2010-11-01 03:47:03.060,2010-11-01 03:47:13.520000,10.46,34,eq,eq,13.0
uw10806408,2010-11-11 17:05:59.020,2010-11-12 17:36:43.939100,88244.9191,36,eq,eq,9.0
uw10807223,2010-11-14 09:54:55.910,2010-11-13 21:54:02.448800,-43253.4612,36,eq,eq,13.0
uw10813978,2010-12-21 07:46:18.530,2010-12-21 07:46:29.410100,10.8801,34,eq,eq,13.0
uw10809973,2011-01-01 07:40:22.460,2010-12-21 07:46:29.410100,-950033.0499,34,lf,lf,-1.0
uw10814593,2011-01-10 05:35:46.810,2011-01-16 06:40:56.120100,522309.3101,37,eq,eq,66.0
uw10830363,2011-02-26 18:44:01.910,2011-02-20 13:41:13.987600,-536567.9224,40,eq,eq,-1.0
uw10818908,2011-05-31 19:43:50.550,2011-07-07 06:15:39.460000,3148308.91,13,px,px,-1.0
uw10817968,2011-06-14 16:14:37.820,2011-07-07 06:15:39.460000,1951261.64,13,eq,eq,-1.0
uw10821183,2011-07-08 17:31:07.750,2011-07-08 17:31:23.519900,15.7699,13,lf,su,1.0
uw10821438,2011-07-09 10:02:45.330,2011-07-09 09:48:06.820000,-878.51,13,lf,su,1.0
uw10821763,2011-07-10 16:25:47.170,2011-07-09 09:48:06.820000,-110260.35,13,lf,su,1.0
uw10822453,2011-07-12 11:36:10.850,2011-07-09 09:48:06.820000,-265684.03,13,eq,eq,65.0
uw10828173,2011-07-27 11:38:02.370,2011-07-26 08:35:38.889900,-97343.4801,44,eq,eq,3.0
uw10828513,2011-07-29 01:48:09.820,2011-07-26 08:35:38.889900,-234750.9301,44,eq,eq,3.0
uw10821213,2011-08-10 22:30:41.370,2011-07-26 08:35:38.889900,-1346102.4801,44,eq,eq,3.0
uw10823298,2011-08-17 16:03:21.900,2011-07-26 08:35:38.889900,-1927663.0101,44,eq,eq,48.0
uw10824703,2011-09-06 07:21:01.620,2011-10-01 15:31:32.940000,2189431.32,46,eq,eq,-1.0
uw10832803,2011-10-24 18:14:22.080,2011-11-04 00:48:10.340000,887628.26,49,eq,eq,-1.0
uw60394682,2012-04-19 17:09:27.460,2012-04-19 16:36:32.550000,-1974.91,55,eq,eq,-1.0
uw60423002,2012-07-07 04:29:41.270,2012-07-05 21:17:26.891400,-112334.3786,59,eq,eq,-1.0
uw60431962,2012-07-28 15:23:53.500,2012-07-29 20:57:08.480200,106394.9802,61,px,su,80.0
uw60463647,2012-10-12 21:56:48.380,2012-10-13 16:49:47.651300,67979.2713,70,eq,eq,-1.0
uw60493937,2012-12-06 09:21:32.170,2012-12-12 22:11:41.480000,564609.31,77,lf,lf,-1.0
uw60494821,2012-12-16 15:56:56.680,2012-12-16 15:56:58.130000,1.45,81,eq,eq,62.0
uw60503761,2013-01-31 23:22:50.710,2013-01-29 03:43:58.160000,-243532.55,85,eq,eq,-1.0
uw60593167,2013-09-16 18:56:24.750,2013-09-16 19:37:42.201000,2477.451,99,px,px,-1.0
uw60689186,2014-02-06 04:07:29.650,2014-02-10 01:51:46.620011,337456.970011,27,eq,eq,-1.0
uw60046613,2014-03-01 17:15:32.250,2014-02-22 07:22:28.820279,-640383.429721,107,eq,eq,19.0
uw60714901,2014-03-10 11:34:14.310,2014-03-10 11:34:16.130008,1.820008,108,eq,eq,19.0
uw60738461,2014-04-08 12:10:56.630,2014-03-13 04:54:34.490077,-2272582.139923,109,eq,eq,-1.0
uw60805386,2014-06-10 01:52:02.420,2014-05-28 03:33:24.630009,-1117117.789991,79,eq,eq,-1.0
uw60865751,2014-08-29 18:07:26.930,2014-09-03 07:56:30.600005,395343.670005,101,px,px,-1.0
uw60870916,2014-09-05 16:11:47.170,2014-09-04 15:05:59.440026,-90347.729974,101,px,px,57.0
uw60892982,2014-10-15 02:54:45.530,2014-10-13 15:26:09.530005,-127715.999995,115,eq,eq,-1.0
uw60917886,2014-11-05 08:37:48.830,2014-11-05 08:38:05.420161,16.590161,13,lf,su,1.0
uw60914762,2014-11-13 03:44:52.230,2014-11-12 13:46:45.040633,-50287.189367,75,eq,eq,19.0
uw61035442,2015-06-28 19:19:49.060,2015-06-28 19:20:04.660011,15.600011,13,lf,su,1.0
uw61040817,2015-07-11 09:22:45.520,2015-07-10 20:27:59.590207,-46485.929793,49,eq,eq,-1.0
uw61057012,2015-08-22 12:55:17.820,2015-08-17 21:16:49.870000,-401907.95,138,eq,eq,59.0
uw61057017,2015-08-22 12:58:40.590,2015-08-17 21:16:49.870000,-402110.72,138,eq,eq,59.0
uw61128502,2016-04-20 06:18:11.130,2016-04-18 16:24:20.380034,-136430.749966,150,lf,lf,-1.0
uw61138827,2016-05-14 19:11:48.890,2016-05-14 19:12:04.300008,15.410008,13,lf,su,1.0
uw61138927,2016-05-15 01:31:12.850,2016-05-15 01:31:28.810009,15.960009,13,lf,su,1.0
uw61140572,2016-05-17 23:54:43.280,2016-05-19 14:34:49.760228,139206.480228,13,lf,su,1.0
uw61141292,2016-05-19 14:34:32.770,2016-05-19 14:34:49.760228,16.990228,13,lf,su,1.0
uw61141477,2016-05-19 22:46:36.900,2016-05-19 22:46:52.450007,15.550007,13,lf,su,1.0
uw61142277,2016-05-22 04:17:19.600,2016-05-23 00:43:08.439999,73548.839999,124,lf,su,1.0
uw61165421,2016-06-09 08:53:39.370,2016-06-08 13:37:02.210031,-69397.159969,13,lf,su,1.0
uw61177051,2016-07-03 23:44:27.270,2016-07-03 23:44:35.460428,8.190428,161,eq,eq,18.0
uw61177056,2016-07-03 23:46:01.580,2016-07-03 23:46:09.800428,8.220428,161,eq,eq,18.0
uw61177151,2016-07-04 13:54:25.400,2016-07-04 13:54:33.670006,8.270006,161,eq,eq,18.0
uw61164037,2016-07-09 13:21:49.480,2016-07-09 13:21:57.710137,8.230137,162,eq,eq,-1.0
uw60126908,2016-07-09 13:22:03.360,2016-07-09 13:21:57.710137,-5.649863,162,eq,eq,18.0
uw61164052,2016-07-09 13:43:20.220,2016-07-09 13:43:14.331150,-5.88885,162,eq,eq,18.0
uw61166207,2016-07-14 16:12:46.260,2016-07-14 16:12:54.580041,8.320041,161,eq,eq,18.0
uw61204172,2016-10-10 16:28:21.200,2016-10-11 08:50:05.671020,58904.47102,169,eq,eq,-1.0
uw61225026,2016-10-24 05:33:20.810,2016-10-19 07:10:11.840539,-426188.969461,170,lf,lf,-1.0
uw61274886,2017-04-25 22:33:31.560,2017-04-25 22:33:33.530000,1.97,173,eq,eq,35.0
uw61275336,2017-04-26 19:52:40.730,2017-04-26 19:52:42.270000,1.54,173,eq,eq,35.0
uw61275716,2017-04-28 01:23:12.950,2017-04-28 01:23:14.450000,1.5,173,eq,eq,35.0
uw61294181,2017-06-19 17:31:56.120,2017-06-19 17:32:11.880000,15.76,13,lf,su,1.0
uw61294471,2017-06-20 08:59:44.540,2017-06-20 09:00:00.950000,16.41,13,lf,su,1.0
uw61276562,2017-06-23 17:36:55.050,2017-06-23 17:37:12.350000,17.3,13,px,su,1.0
uw61278762,2017-07-01 16:29:37.990,2017-07-01 16:26:00.530000,-217.46,13,lf,su,1.0
uw61280137,2017-07-07 13:19:32.150,2017-07-06 15:31:13.100000,-78499.05,178,lf,lf,20.0
uw61280762,2017-07-10 03:37:37.740,2017-07-10 04:16:20.150000,2322.41,179,lf,su,1.0
uw61292127,2017-08-11 13:31:12.970,2017-08-01 09:25:15.580000,-878757.39,27,eq,eq,24.0
uw61314607,2017-10-04 20:44:36.900,2017-10-04 20:44:38.931285,2.031285,187,eq,eq,33.0
uw61314677,2017-10-05 02:49:40.320,2017-10-05 02:49:42.290009,1.9700090000000001,187,eq,eq,33.0
uw61314692,2017-10-05 03:27:42.970,2017-10-05 03:27:44.960003,1.990003,187,eq,eq,33.0
uw61360776,2017-12-19 02:18:34.070,2017-12-18 20:45:37.030005,-19977.039995,27,px,lf,20.0
uw61344922,2018-01-26 14:57:16.210,2018-01-20 09:39:52.640005,-537443.569995,195,eq,eq,-1.0
uw61345147,2018-01-27 23:40:50.320,2018-01-20 09:39:52.640005,-655257.679995,195,eq,eq,24.0
uw61367806,2018-02-07 22:17:06.670,2018-02-06 21:11:50.329947,-90316.340053,202,eq,eq,34.0
uw61389891,2018-05-17 17:32:17.930,2018-05-07 14:38:36.580008,-874421.349992,205,px,px,57.0
uw61404896,2018-06-30 23:04:53.670,2018-06-30 23:05:09.590012,15.920012,13,lf,su,1.0
uw61414686,2018-08-02 10:11:47.230,2018-08-02 10:12:03.700002,16.470002,13,eq,su,1.0
uw61410997,2018-08-21 17:34:44.950,2018-08-21 17:34:39.940004,-5.009996,13,lf,su,1.0
uw61518232,2019-04-18 02:52:25.780,2019-04-01 15:00:40.140000,-1425105.64,227,eq,eq,-1.0
uw61500398,2019-06-11 11:49:13.750,2019-08-03 04:27:37.560000,4552703.81,228,lf,su,1.0
uw61528601,2019-06-16 21:08:28.010,2019-08-03 04:27:37.560000,4087149.55,228,lf,su,1.0
uw61541011,2019-08-03 04:27:32.840,2019-08-03 04:27:37.560000,4.72,228,eq,eq,14.0
uw61541021,2019-08-03 04:32:38.460,2019-08-03 04:32:43.200000,4.74,228,eq,eq,14.0
uw61541216,2019-08-04 06:41:36.890,2019-08-04 04:42:33.250000,-7143.64,228,eq,eq,14.0
uw61613892,2020-05-13 14:14:33.770,2020-05-12 11:49:57.370000,-95076.4,174,eq,eq,-1.0
uw61637576,2020-06-06 13:25:24.990,2020-05-12 11:49:57.370000,-2165727.62,174,eq,eq,-1.0
uw61653141,2020-07-04 07:56:07.600,2020-05-12 11:49:57.370000,-4565170.23,174,eq,eq,40.0
uw61663902,2020-08-26 10:50:40.650,2020-05-12 11:49:57.370000,-9154843.28,174,eq,eq,24.0
uw61682031,2020-09-11 07:46:13.250,2020-05-12 11:49:57.370000,-10526175.88,174,eq,eq,-1.0
uw61682971,2020-09-13 07:06:53.790,2020-05-12 11:49:57.370000,-10696616.42,174,eq,eq,24.0
uw61686821,2020-09-23 15:01:46.690,2020-05-12 11:49:57.370000,-11589109.32,174,eq,eq,-1.0
uw61501233,2020-10-17 03:54:24.640,2020-05-12 11:49:57.370000,-13622667.27,174,lf,su,1.0
uw61684702,2020-10-20 15:45:17.880,2020-05-12 11:49:57.370000,-13924520.51,174,eq,eq,77.0
uw61693212,2020-11-29 02:06:01.900,2020-05-12 11:49:57.370000,-17331364.53,174,eq,eq,-1.0
uw61754166,2021-07-15 19:32:11.070,2022-01-14 06:17:23.750000,15763512.68,231,px,su,1.0
uw61501723,2021-07-18 13:07:25.870,2022-01-14 06:17:23.750000,15527397.88,231,lf,su,1.0
uw61766966,2021-08-15 21:43:27.490,2022-01-14 06:17:23.750000,13077236.26,231,lf,su,1.0
uw61777551,2021-09-09 07:37:57.820,2022-01-14 06:17:23.750000,10967965.93,231,lf,su,1.0
uw61777751,2021-09-09 17:01:03.800,2022-01-14 06:17:23.750000,10934179.95,231,lf,lf,8.0
uw61501833,2021-09-26 11:37:15.900,2022-01-14 06:17:23.750000,9484807.85,231,lf,su,1.0
uw61776202,2021-09-26 16:21:45.890,2022-01-14 06:17:23.750000,9467737.86,231,lf,su,1.0
uw61778377,2021-10-06 18:34:44.340,2022-01-14 06:17:23.750000,8595759.41,231,lf,su,1.0
uw61791846,2021-10-22 20:03:08.910,2022-01-14 06:17:23.750000,7208054.84,231,lf,su,1.0
uw61785317,2021-10-31 17:41:52.580,2022-01-14 06:17:23.750000,6438931.17,231,lf,su,1.0
uw61786522,2021-11-05 20:17:59.850,2022-01-14 06:17:23.750000,5997563.9,231,su,su,1.0
uw61788642,2021-11-15 03:05:35.000,2022-01-14 06:17:23.750000,5195508.75,231,su,su,1.0
uw61789482,2021-11-16 05:16:45.660,2022-01-14 06:17:23.750000,5101238.09,231,su,su,1.0
uw61798331,2021-11-17 01:01:14.530,2022-01-14 06:17:23.750000,5030169.22,231,eq,eq,19.0
uw61798666,2021-11-18 20:34:39.330,2022-01-14 06:17:23.750000,4873364.42,231,su,su,1.0
uw61790602,2021-11-21 21:57:46.280,2022-01-14 06:17:23.750000,4609177.47,231,su,su,1.0
uw61800106,2021-11-24 11:00:18.580,2022-01-14 06:17:23.750000,4389425.17,231,su,su,1.0
uw61801236,2021-11-29 21:30:21.800,2022-01-14 06:17:23.750000,3919621.95,231,su,su,1.0
uw61802006,2021-12-02 16:08:43.820,2022-01-14 06:17:23.750000,3679719.93,231,su,su,1.0
uw61802931,2021-12-05 11:24:34.540,2022-01-14 06:17:23.750000,3437569.21,231,su,su,1.0
uw61820746,2022-03-08 07:54:58.680,2022-03-11 07:17:58.150000,256979.47,239,lf,lf,38.0
uw61821736,2022-03-11 07:17:56.960,2022-03-11 07:17:58.150000,1.19,239,eq,eq,73.0
uw61822386,2022-03-14 19:49:15.010,2022-03-14 19:49:16.140000,1.13,239,eq,eq,73.0
uw61822721,2022-03-16 14:40:32.220,2022-03-16 16:33:54.170000,6801.95,27,lf,lf,8.0
uw61834661,2022-04-27 18:44:43.860,2022-04-27 14:21:51.170000,-15772.69,244,px,px,-1.0
uw61844292,2022-06-18 08:39:59.980,2022-06-18 08:39:55.070000,-4.91,13,lf,su,1.0
uw61848577,2022-07-02 22:18:05.350,2022-07-02 22:18:00.680000,-4.67,13,lf,su,1.0
uw61849882,2022-07-05 23:29:04.580,2022-07-05 23:28:59.730000,-4.85,13,lf,su,1.0
uw61851207,2022-07-09 09:25:39.070,2022-07-09 09:25:34.960000,-4.11,13,lf,su,1.0
uw61852817,2022-07-13 18:41:46.200,2022-07-14 08:06:23.480000,48277.28,13,lf,su,1.0
uw61862176,2022-07-15 11:46:04.620,2022-07-15 11:45:59.130000,-5.49,13,lf,su,1.0
uw61863091,2022-07-18 09:49:11.500,2022-07-18 09:49:27.260000,15.76,13,lf,su,1.0
uw61856207,2022-07-23 15:52:37.950,2022-07-24 14:50:27.690000,82669.74,13,lf,su,1.0
uw61856452,2022-07-24 17:22:11.030,2022-07-24 17:22:06.020000,-5.01,13,lf,su,1.0
uw61857632,2022-07-28 10:13:53.510,2022-07-28 10:13:48.840000,-4.67,13,lf,su,1.0
uw61866796,2022-07-29 07:36:17.120,2022-07-29 07:36:11.830000,-5.29,13,lf,su,1.0
uw61867051,2022-07-30 00:39:28.630,2022-07-30 00:39:23.280000,-5.35,13,lf,su,1.0
uw61867296,2022-07-30 17:39:07.460,2022-07-30 17:39:02.610000,-4.85,13,lf,su,1.0
uw61868306,2022-08-01 19:49:22.150,2022-08-01 19:49:18.080000,-4.07,13,lf,su,1.0
uw61859502,2022-08-02 15:15:29.730,2022-08-02 15:15:25.160000,-4.57,13,lf,su,1.0
uw61859577,2022-08-02 21:05:22.670,2022-08-02 21:05:17.800000,-4.87,13,lf,su,1.0
uw61859667,2022-08-03 07:03:01.080,2022-08-03 07:02:56.430000,-4.65,13,lf,su,1.0
uw61859687,2022-08-03 10:15:15.240,2022-08-03 10:15:11.430000,-3.81,13,lf,su,1.0
uw61859842,2022-08-03 21:34:18.220,2022-08-03 10:15:11.430000,-40746.79,13,lf,su,1.0
uw61860362,2022-08-05 14:03:26.510,2022-08-05 14:03:21.470000,-5.04,13,lf,su,1.0
uw61860482,2022-08-06 00:22:22.370,2022-08-06 09:41:21.250000,33538.88,13,eq,eq,-1.0
uw61860777,2022-08-07 03:15:06.040,2022-08-07 03:15:01.560000,-4.48,13,lf,su,1.0
uw61860987,2022-08-08 01:51:49.640,2022-08-08 01:51:44.820000,-4.82,13,lf,su,1.0
uw61861017,2022-08-08 09:34:55.650,2022-08-08 09:34:51.380000,-4.27,13,lf,su,1.0
uw61861227,2022-08-09 02:15:39.770,2022-08-09 02:15:34.490000,-5.28,13,lf,su,1.0
uw61862097,2022-08-11 04:00:58.400,2022-08-11 18:00:52.150000,50393.75,13,eq,eq,8.0
uw61862327,2022-08-11 18:00:57.200,2022-08-11 18:00:52.150000,-5.05,13,lf,su,1.0
uw61862602,2022-08-12 11:37:13.910,2022-08-12 11:37:08.610000,-5.3,13,lf,su,1.0
uw61863097,2022-08-13 20:24:02.490,2022-08-13 20:23:56.950000,-5.54,13,lf,su,1.0
uw61863737,2022-08-16 09:15:40.260,2022-08-16 09:15:34.840000,-5.42,13,lf,su,1.0
uw61873091,2022-08-17 16:55:03.120,2022-08-17 16:54:58.440000,-4.68,13,lf,su,1.0
uw61873236,2022-08-18 14:23:56.690,2022-08-18 14:23:51.670000,-5.02,13,lf,su,1.0
uw61865167,2022-08-22 14:49:26.210,2022-08-22 14:49:41.620000,15.41,13,lf,su,1.0
uw61865502,2022-08-23 18:59:46.420,2022-08-23 18:59:41.450000,-4.97,13,lf,su,1.0
uw61866492,2022-08-27 06:41:55.250,2022-08-27 06:41:49.710000,-5.54,13,lf,su,1.0
uw61866727,2022-08-28 03:23:00.640,2022-08-28 03:22:55.830000,-4.81,13,lf,su,1.0
uw61866942,2022-08-29 09:30:13.240,2022-08-29 09:30:08.590000,-4.65,13,lf,su,1.0
uw61876216,2022-08-30 03:47:26.330,2022-08-30 03:47:21.730000,-4.6,13,lf,su,1.0
uw61876681,2022-08-31 20:22:16.680,2022-08-31 20:22:11.500000,-5.18,13,lf,su,1.0
uw61868542,2022-09-03 06:25:37.710,2022-09-03 06:25:33.990000,-3.7199999999999998,13,lf,su,1.0
uw61869422,2022-09-07 14:56:13.820,2022-09-07 14:56:09.090000,-4.73,13,lf,su,1.0
uw61869727,2022-09-08 18:03:02.080,2022-09-08 23:46:20.020000,20597.94,268,lf,su,1.0
uw61879371,2022-09-11 09:08:19.300,2022-09-11 09:08:14.690000,-4.61,13,lf,su,1.0
uw61879811,2022-09-13 03:21:00.770,2022-09-13 03:20:56.000000,-4.77,13,lf,su,1.0
uw61881046,2022-09-17 07:16:29.420,2022-09-17 07:16:24.120000,-5.3,13,lf,su,1.0
uw61874742,2022-09-26 04:34:53.970,2022-09-26 06:51:10.000000,8176.03,272,lf,su,1.0
uw61875892,2022-09-30 06:01:50.410,2022-09-30 05:28:47.230000,-1983.18,258,lf,su,1.0
uw61876392,2022-10-02 14:14:30.160,2022-10-02 14:14:25.180000,-4.98,13,lf,su,1.0
uw61877282,2022-10-06 03:17:10.060,2022-10-05 15:19:15.920000,-43074.14,13,lf,su,1.0
uw61877912,2022-10-09 10:07:16.840,2022-10-09 10:07:12.290000,-4.55,13,lf,su,1.0
uw61888711,2022-10-19 01:08:24.270,2022-10-19 01:08:21.440000,-2.83,13,lf,su,1.0
uw61904006,2023-01-26 23:46:34.310,2023-02-06 02:38:33.900000,874319.59,208,eq,eq,-1.0
uw61915501,2023-04-02 04:21:10.950,2023-04-01 17:14:46.290000,-39984.66,294,eq,eq,25.0
uw61916791,2023-04-08 22:15:49.490,2023-04-06 10:34:16.100000,-214893.39,299,eq,eq,-1.0
uw61915302,2023-05-14 11:00:34.760,2023-05-19 09:13:38.000000,425583.24,13,eq,eq,46.0
uw61916907,2023-05-19 09:13:43.210,2023-05-19 09:13:38.000000,-5.21,13,lf,su,1.0
uw61916917,2023-05-19 11:25:22.900,2023-05-19 11:25:18.020000,-4.88,13,lf,su,1.0
uw61926831,2023-05-21 19:26:08.710,2023-05-21 19:26:05.040000,-3.67,13,lf,su,1.0
uw61927191,2023-05-22 14:34:55.510,2023-05-22 14:34:50.370000,-5.14,13,lf,su,1.0
uw61918807,2023-05-24 12:17:12.940,2023-05-24 12:17:07.760000,-5.18,13,su,su,1.0
uw61918902,2023-05-24 20:18:05.500,2023-05-24 20:18:01.560000,-3.94,13,lf,su,1.0
uw61919977,2023-05-28 20:26:05.570,2023-05-28 20:26:20.900000,15.33,13,lf,su,1.0
uw61929966,2023-06-02 03:27:44.210,2023-06-02 03:28:00.010000,15.8,13,lf,su,1.0
uw61930561,2023-06-05 03:28:37.580,2023-06-05 01:53:33.460000,-5704.12,13,lf,su,1.0
uw61930856,2023-06-06 09:12:18.560,2023-06-05 01:53:33.460000,-112725.1,13,su,su,1.0
uw61931676,2023-06-09 03:49:59.780,2023-06-08 21:25:36.760000,-23063.02,13,eq,lf,63.0
uw61932341,2023-06-12 02:19:59.140,2023-06-12 02:20:14.200000,15.06,13,lf,su,1.0
uw61933001,2023-06-14 04:16:59.950,2023-06-13 09:45:16.660000,-66703.29,13,lf,su,1.0
uw61935041,2023-06-22 14:13:22.110,2023-06-22 07:49:40.040000,-23022.07,250,su,su,1.0
uw61927067,2023-06-25 05:20:31.500,2023-06-25 05:20:35.190000,3.69,303,su,su,1.0
uw61936556,2023-06-27 01:52:05.510,2023-06-27 01:52:09.380000,3.87,303,su,su,1.0
uw61936986,2023-06-28 17:55:25.750,2023-06-28 17:55:26.750000,1.0,303,su,su,1.0
uw61937306,2023-06-29 16:13:32.380,2023-06-29 17:39:51.730000,5179.35,303,eq,eq,58.0
uw61928807,2023-07-01 03:30:40.200,2023-06-29 23:56:19.010000,-99261.19,303,su,su,1.0
uw61938266,2023-07-04 20:08:12.720,2023-07-04 20:08:15.380000,2.66,303,lf,su,1.0
uw61938606,2023-07-06 10:40:55.520,2023-07-06 10:40:58.240000,2.7199999999999998,303,lf,su,1.0
uw61939256,2023-07-10 01:38:20.490,2023-07-11 09:55:46.560000,116246.07,303,lf,su,1.0
uw61939941,2023-07-12 11:45:49.580,2023-07-13 09:37:19.330000,78689.75,303,lf,su,1.0
uw61931867,2023-07-15 03:18:15.240,2023-07-15 03:18:18.140000,2.9,303,lf,su,1.0
uw61932342,2023-07-17 14:06:16.540,2023-07-17 14:06:19.420000,2.88,303,lf,su,1.0
uw61933037,2023-07-18 22:23:30.640,2023-07-17 19:05:48.500000,-98262.14,307,lf,su,1.0
uw61933492,2023-07-20 13:38:15.390,2023-07-20 13:38:17.710000,2.32,303,lf,su,1.0
uw61942576,2023-07-21 10:05:23.800,2023-07-20 20:21:43.340000,-49420.46,265,lf,su,1.0
uw61942861,2023-07-22 08:22:54.520,2023-07-20 20:21:43.340000,-129671.18,265,lf,su,1.0
uw61943246,2023-07-24 07:52:57.370,2023-07-27 12:20:18.370000,275241.0,303,lf,su,1.0
uw61943701,2023-07-25 11:31:06.400,2023-07-27 12:20:18.370000,175751.97,303,lf,su,1.0
uw61944311,2023-07-27 12:20:14.800,2023-07-27 12:20:18.370000,3.57,303,lf,su,1.0
uw61944556,2023-07-28 03:27:33.140,2023-07-28 03:27:35.900000,2.76,303,lf,su,1.0
uw61936237,2023-07-30 12:23:03.040,2023-07-29 10:56:16.060000,-91606.98,305,lf,su,1.0
uw61937302,2023-08-02 12:04:44.440,2023-08-02 12:04:47.260000,2.82,303,lf,su,1.0
uw61937357,2023-08-02 16:32:12.450,2023-08-02 12:04:47.260000,-16045.19,303,lf,su,1.0
uw61937972,2023-08-04 15:36:17.260,2023-08-04 15:36:20.100000,2.84,303,lf,su,1.0
uw61938077,2023-08-04 21:54:47.120,2023-08-04 21:54:49.820000,2.7,309,eq,eq,27.0
uw61938222,2023-08-05 06:49:38.440,2023-08-05 06:49:42.440000,4.0,303,lf,su,1.0
uw61938237,2023-08-05 08:13:30.040,2023-08-05 08:13:32.640000,2.6,309,eq,eq,27.0
uw61938537,2023-08-06 05:16:15.480,2023-08-06 05:16:18.010000,2.5300000000000002,309,eq,eq,27.0
uw61938557,2023-08-06 09:09:17.000,2023-08-06 09:09:19.570000,2.57,309,eq,eq,27.0
uw61938787,2023-08-07 04:14:47.990,2023-08-07 04:14:50.860000,2.87,303,lf,su,1.0
uw61939222,2023-08-07 19:33:50.960,2023-08-08 01:51:22.930000,22651.97,242,lf,su,1.0
uw61939242,2023-08-07 19:55:09.730,2023-08-08 01:51:22.930000,21373.2,242,eq,eq,77.0
uw61940602,2023-08-11 22:54:15.390,2023-08-11 22:54:18.560000,3.17,303,lf,su,1.0
uw61940977,2023-08-13 12:17:16.220,2023-08-13 12:17:19.550000,3.33,303,lf,su,1.0
uw61941392,2023-08-15 13:32:19.990,2023-08-15 13:32:23.050000,3.06,303,lf,su,1.0
uw61941587,2023-08-16 06:04:51.880,2023-08-16 06:04:55.620000,3.74,303,lf,su,1.0
uw61941657,2023-08-16 18:35:30.070,2023-08-16 18:11:04.300000,-1465.77,303,eq,eq,-1.0
uw61941817,2023-08-17 09:27:22.800,2023-08-17 09:27:26.250000,3.45,303,lf,su,1.0
uw61942152,2023-08-18 16:16:35.730,2023-08-18 17:41:36.900000,5101.17,305,su,su,1.0
uw61942752,2023-08-20 04:32:11.680,2023-08-20 04:32:14.460000,2.7800000000000002,303,lf,su,1.0
uw61943037,2023-08-21 12:37:28.970,2023-08-21 12:37:33.310000,4.34,303,lf,su,1.0
uw61943217,2023-08-22 07:20:44.730,2023-08-22 07:20:48.590000,3.86,303,lf,su,1.0
uw61943572,2023-08-23 15:00:38.820,2023-08-23 17:43:53.200000,9794.38,242,lf,su,1.0
uw61953621,2023-08-27 00:56:48.340,2023-08-27 00:56:51.800000,3.46,303,lf,su,1.0
uw61954101,2023-08-28 07:33:05.090,2023-08-28 07:33:08.030000,2.94,303,lf,su,1.0
uw61945642,2023-08-29 10:01:01.330,2023-08-29 10:01:04.320000,2.99,303,lf,su,1.0
uw61947442,2023-09-01 14:51:39.190,2023-09-01 14:51:42.230000,3.04,303,lf,su,1.0
uw61947572,2023-09-01 22:13:50.740,2023-09-01 22:13:54.450000,3.71,303,lf,su,1.0
uw61956746,2023-09-03 06:26:54.760,2023-09-03 06:26:57.890000,3.13,303,lf,su,1.0
uw61957006,2023-09-04 11:02:54.040,2023-09-04 11:02:56.900000,2.86,303,lf,su,1.0
uw61957101,2023-09-04 19:59:23.210,2023-09-05 01:08:27.160000,18543.95,250,lf,su,1.0
uw61957606,2023-09-06 14:36:43.570,2023-09-06 02:28:20.310000,-43703.26,303,eq,eq,-1.0
uw61958071,2023-09-08 04:27:54.210,2023-09-07 21:36:11.530000,-24702.68,303,eq,su,1.0
uw61949892,2023-09-10 21:37:38.220,2023-09-10 21:37:20.620000,-17.6,303,lf,su,1.0
uw61960561,2023-09-18 02:15:35.940,2023-09-18 02:15:38.760000,2.82,303,lf,su,1.0
uw61961741,2023-09-23 01:18:21.100,2023-09-23 01:18:25.370000,4.27,303,lf,su,1.0
uw61953862,2023-09-28 06:36:34.340,2023-09-28 06:36:40.420000,6.08,303,lf,su,1.0
uw61963166,2023-09-30 16:07:30.830,2023-09-30 16:07:33.730000,2.9,303,lf,su,1.0
uw61964291,2023-10-05 19:48:08.850,2023-10-05 19:48:11.820000,2.9699999999999998,303,lf,su,1.0
uw61964706,2023-10-07 14:28:18.080,2023-10-07 14:28:21.060000,2.98,303,lf,su,1.0
uw61964861,2023-10-08 02:41:17.290,2023-10-07 14:28:21.060000,-43976.23,303,eq,eq,8.0
uw61965106,2023-10-09 12:18:16.050,2023-10-09 12:18:20.440000,4.39,303,lf,su,1.0
uw61965641,2023-10-12 21:05:20.800,2023-10-12 21:05:23.990000,3.19,303,lf,su,1.0
uw61965646,2023-10-12 21:07:13.890,2023-10-12 21:05:23.990000,-109.9,303,lf,su,1.0
uw61958472,2023-10-21 21:43:28.510,2023-10-21 21:43:31.480000,2.9699999999999998,303,lf,su,1.0
uw61960237,2023-10-29 12:26:01.870,2023-10-26 10:38:51.200000,-265630.67,250,lf,su,1.0
uw61971021,2023-11-07 12:35:50.930,2023-11-07 12:35:53.880000,2.95,303,lf,su,1.0
uw61971676,2023-11-11 03:49:30.300,2023-11-11 03:49:33.310000,3.01,303,lf,su,1.0
uw61972281,2023-11-15 13:19:14.020,2023-11-15 10:25:28.970000,-10425.05,314,lf,su,1.0
uw61966522,2023-12-07 03:29:15.530,2023-12-07 03:29:19.520000,3.99,303,lf,su,1.0
uw61980231,2024-01-17 14:03:45.710,2024-01-16 10:00:21.540000,-101004.17,309,lf,su,1.0
uw61980686,2024-01-22 08:38:42.880,2024-01-22 08:38:45.900000,3.02,303,lf,su,1.0
uw61981506,2024-01-30 22:42:34.570,2024-01-30 22:42:37.830000,3.26,303,lf,su,1.0
uw61983091,2024-02-14 15:54:31.310,2024-02-13 07:20:33.610000,-117237.7,266,lf,su,1.0
uw61984826,2024-02-26 13:29:33.890,2024-02-26 13:29:37.350000,3.46,303,lf,su,1.0
uw61987246,2024-03-04 14:38:10.440,2024-03-04 14:38:14.410000,3.9699999999999998,303,lf,su,1.0
uw61980642,2024-03-12 01:14:42.100,2024-03-12 01:14:45.570000,3.4699999999999998,303,lf,su,1.0
uw61990451,2024-03-19 05:51:27.350,2024-03-19 05:51:30.380000,3.03,303,lf,su,1.0
uw61991956,2024-03-24 05:07:28.000,2024-03-24 05:07:31.430000,3.43,303,lf,su,1.0
uw61985207,2024-03-30 02:08:18.150,2024-04-01 01:53:38.760000,171920.61,266,lf,su,1.0
uw61503063,2024-04-04 09:08:15.030,2024-04-04 09:08:18.140000,3.11,303,lf,su,1.0
uw61987907,2024-04-11 09:38:10.080,2024-04-11 09:38:13.470000,3.39,303,lf,su,1.0
uw61997621,2024-04-18 10:52:11.150,2024-04-18 10:52:15.360000,4.21,303,su,su,1.0
uw61999706,2024-04-25 11:15:14.220,2024-04-26 13:10:38.530000,93324.31,176,su,su,1.0
uw61994347,2024-05-05 05:50:39.080,2024-05-05 05:50:42.330000,3.25,303,lf,su,1.0
uw61996302,2024-05-10 08:16:51.000,2024-05-10 08:16:54.500000,3.5,303,lf,su,1.0
uw61996422,2024-05-10 19:44:00.160,2024-05-10 08:16:54.500000,-41225.66,303,eq,eq,-1.0
uw61996817,2024-05-11 20:21:42.270,2024-05-11 20:21:45.470000,3.2,303,su,su,1.0
uw61998902,2024-05-18 01:03:59.810,2024-05-19 17:21:26.700000,145046.89,303,su,su,1.0
uw61999162,2024-05-19 17:21:23.440,2024-05-19 17:21:26.700000,3.26,303,lf,su,1.0
uw62008611,2024-05-24 08:41:59.420,2024-05-24 08:42:02.940000,3.52,303,lf,su,1.0
uw62008936,2024-05-25 16:52:47.930,2024-05-25 16:52:51.110000,3.18,303,su,su,1.0
uw62005052,2024-06-08 00:18:39.110,2024-06-09 10:22:10.070000,122610.96,303,su,su,1.0
uw62005492,2024-06-09 10:22:06.930,2024-06-09 10:22:10.070000,3.14,303,lf,su,1.0
uw62006457,2024-06-12 09:54:53.260,2024-06-12 09:54:56.410000,3.15,303,lf,su,1.0
uw62006687,2024-06-13 05:44:45.500,2024-06-13 05:44:48.260000,2.76,303,lf,su,1.0
uw62007192,2024-06-14 20:25:57.030,2024-06-14 17:13:47.670000,-11529.36,265,lf,su,1.0
uw62008052,2024-06-17 06:46:08.170,2024-06-17 06:46:11.410000,3.24,303,lf,su,1.0
uw62008057,2024-06-17 06:48:43.360,2024-06-17 06:46:11.410000,-151.95,303,lf,su,1.0
uw62008072,2024-06-17 09:31:02.650,2024-06-17 07:31:36.260000,-7166.39,314,eq,eq,-1.0
uw62016661,2024-06-18 21:41:00.280,2024-06-18 21:41:03.850000,3.57,303,lf,su,1.0
uw62017076,2024-06-20 05:24:59.990,2024-06-20 05:25:02.650000,2.66,303,lf,su,1.0
uw62017166,2024-06-20 16:19:21.230,2024-06-20 05:25:02.650000,-39258.58,303,lf,su,1.0
uw62017411,2024-06-21 13:12:11.510,2024-06-22 04:01:47.610000,53376.1,328,lf,su,1.0
uw62017631,2024-06-22 04:01:42.730,2024-06-22 04:01:47.610000,4.88,328,eq,eq,15.0
uw62017961,2024-06-23 08:30:44.560,2024-06-23 08:30:47.900000,3.34,303,lf,su,1.0
uw62018016,2024-06-23 16:12:40.470,2024-06-23 16:12:45.390000,4.92,328,eq,eq,15.0
uw62018061,2024-06-23 19:14:52.120,2024-06-23 16:12:45.390000,-10926.73,328,lf,su,1.0
uw62018251,2024-06-24 09:36:49.190,2024-06-24 09:36:54.090000,4.9,328,eq,eq,15.0
uw62010547,2024-06-25 15:23:15.780,2024-06-24 13:47:48.340000,-92127.44,250,lf,su,1.0
uw62011227,2024-06-27 13:35:37.020,2024-06-27 13:35:40.960000,3.94,303,lf,su,1.0
uw62011702,2024-06-28 22:37:17.470,2024-06-28 03:54:07.640000,-67389.83,303,lf,su,1.0
uw62019971,2024-06-29 21:22:01.890,2024-06-29 21:22:05.440000,3.55,303,lf,su,1.0
uw62020311,2024-07-01 04:52:59.100,2024-07-01 04:53:02.630000,3.5300000000000002,303,lf,su,1.0
uw62020701,2024-07-02 06:31:21.970,2024-07-02 17:44:47.340000,40405.37,176,lf,su,1.0
uw62013312,2024-07-04 06:10:55.840,2024-07-04 16:43:42.970000,37967.13,329,lf,su,1.0
uw62013477,2024-07-05 03:02:26.790,2024-07-05 01:49:57.080000,-4349.71,331,lf,su,1.0
uw62022091,2024-07-06 15:15:21.180,2024-07-06 13:52:49.060000,-4952.12,303,lf,su,1.0
uw62023161,2024-07-09 23:25:34.680,2024-07-11 07:17:38.430000,114723.75,303,px,su,1.0
uw62015567,2024-07-10 23:10:38.600,2024-07-11 07:17:38.430000,29219.83,303,lf,su,1.0
uw62016182,2024-07-13 01:13:52.010,2024-07-13 01:13:55.690000,3.68,303,su,su,1.0
uw62016442,2024-07-14 03:47:02.650,2024-07-14 05:26:55.120000,5992.47,303,lf,su,1.0
uw62016452,2024-07-14 05:26:52.120,2024-07-14 05:26:55.120000,3.0,303,lf,su,1.0
uw62016707,2024-07-15 09:15:14.560,2024-07-15 09:15:18.570000,4.01,303,su,su,1.0
uw62017242,2024-07-16 23:16:45.570,2024-07-16 23:16:49.220000,3.65,303,lf,su,1.0
uw62017652,2024-07-18 01:47:47.440,2024-07-18 01:47:50.920000,3.48,303,lf,su,1.0
uw62017692,2024-07-18 08:10:00.540,2024-07-18 08:10:03.990000,3.45,303,lf,su,1.0
uw62026086,2024-07-19 10:44:26.200,2024-07-19 10:44:28.890000,2.69,303,lf,su,1.0
uw62026491,2024-07-20 08:52:33.610,2024-07-20 22:22:28.160000,48594.55,13,su,su,-1.0
uw62026781,2024-07-21 07:36:43.100,2024-07-21 07:36:46.290000,3.19,303,lf,su,1.0
uw62027116,2024-07-21 22:28:14.230,2024-07-21 18:49:14.560000,-13139.67,337,lf,su,1.0
uw62027401,2024-07-22 21:35:12.730,2024-07-23 05:31:02.910000,28550.18,336,lf,su,1.0
uw62027751,2024-07-24 03:43:56.910,2024-07-24 03:44:00.780000,3.87,303,su,su,1.0
uw62020652,2024-07-26 00:25:39.290,2024-07-25 02:03:37.450000,-80521.84,303,lf,su,1.0
uw62020992,2024-07-26 20:17:24.620,2024-07-27 08:18:19.770000,43255.15,303,lf,su,1.0
uw62021127,2024-07-27 08:18:16.430,2024-07-27 08:18:19.770000,3.34,303,lf,su,1.0
uw62021487,2024-07-28 16:26:21.720,2024-07-29 07:06:10.170000,52788.45,303,lf,su,1.0
uw62021677,2024-07-29 07:06:06.970,2024-07-29 07:06:10.170000,3.2,303,lf,su,1.0
uw62022022,2024-07-30 07:08:22.730,2024-07-30 07:08:26.210000,3.48,303,lf,su,1.0
uw62022057,2024-07-30 12:49:44.650,2024-07-30 07:08:26.210000,-20478.44,303,su,su,1.0
uw62030321,2024-07-31 01:51:31.710,2024-07-31 14:22:56.130000,45084.42,303,lf,su,1.0
uw62030431,2024-07-31 14:22:53.000,2024-07-31 14:22:56.130000,3.13,303,lf,su,1.0
uw62030706,2024-08-01 07:05:24.720,2024-08-01 07:05:28.140000,3.42,303,lf,su,1.0
uw62030796,2024-08-01 09:39:40.430,2024-08-01 07:05:28.140000,-9252.29,303,su,su,-1.0
uw62031041,2024-08-02 00:37:08.640,2024-08-02 08:20:37.040000,27808.4,338,lf,su,1.0
uw62031731,2024-08-03 06:50:56.820,2024-08-02 08:20:37.040000,-81019.78,338,lf,su,1.0
uw62032596,2024-08-05 16:55:43.300,2024-08-05 14:05:15.230000,-10228.07,176,lf,su,1.0
uw62032771,2024-08-06 06:32:40.050,2024-08-06 06:32:43.150000,3.1,303,lf,su,1.0
uw62033171,2024-08-07 03:03:57.190,2024-08-07 03:04:00.670000,3.48,303,lf,su,1.0
uw62033951,2024-08-09 07:26:49.340,2024-08-09 07:26:51.990000,2.65,303,su,su,1.0
uw62034471,2024-08-10 10:11:42.110,2024-08-10 10:11:44.690000,2.58,303,su,su,1.0
uw62034766,2024-08-11 17:00:36.750,2024-08-11 17:00:39.820000,3.07,303,lf,su,1.0
uw62034956,2024-08-12 08:12:12.590,2024-08-12 08:12:16.000000,3.41,303,lf,su,1.0
uw62035161,2024-08-12 20:40:56.840,2024-08-12 08:12:16.000000,-44920.84,303,su,su,1.0
uw62027632,2024-08-14 08:55:20.740,2024-08-14 08:55:23.800000,3.06,303,su,su,1.0
uw62028137,2024-08-15 18:11:15.020,2024-08-15 18:11:19.080000,4.06,303,lf,su,1.0
uw62036681,2024-08-16 22:08:11.520,2024-08-16 22:08:14.820000,3.3,303,lf,su,1.0
uw62036781,2024-08-17 06:40:58.940,2024-08-17 06:41:03.590000,4.65,328,eq,eq,15.0
uw62036811,2024-08-17 08:52:57.540,2024-08-17 08:53:00.970000,3.43,303,lf,su,1.0
uw62037421,2024-08-18 01:34:13.480,2024-08-18 01:34:18.340000,4.86,328,eq,eq,15.0
uw62038316,2024-08-19 10:52:03.660,2024-08-19 10:52:08.530000,4.87,328,eq,eq,15.0
uw62039171,2024-08-21 14:08:28.000,2024-08-21 14:08:31.720000,3.7199999999999998,303,lf,su,1.0
uw62039841,2024-08-23 04:29:16.800,2024-08-23 04:29:19.740000,2.94,303,lf,su,1.0
uw62039881,2024-08-23 05:57:04.410,2024-08-23 04:29:19.740000,-5264.67,303,lf,su,1.0
uw62040276,2024-08-24 06:03:07.070,2024-08-24 06:03:09.750000,2.68,303,su,su,1.0
uw62040401,2024-08-25 03:03:38.380,2024-08-25 03:03:41.110000,2.73,303,lf,su,1.0
uw62041081,2024-08-27 03:19:04.680,2024-08-27 03:19:08.180000,3.5,303,lf,su,1.0
uw62041616,2024-08-28 09:00:04.290,2024-08-28 09:00:07.140000,2.85,303,su,su,1.0
uw62041881,2024-08-29 07:39:31.870,2024-08-29 07:39:35.290000,3.42,303,lf,su,1.0
uw62042451,2024-08-31 12:04:41.270,2024-08-31 12:04:44.470000,3.2,303,lf,su,1.0
uw62042596,2024-09-01 05:00:42.020,2024-09-01 05:00:45.110000,3.09,303,lf,su,1.0
uw62042776,2024-09-02 02:05:16.460,2024-09-02 02:05:20.080000,3.62,303,lf,su,1.0
uw62043231,2024-09-03 15:18:37.160,2024-09-03 15:18:40.650000,3.49,303,lf,su,1.0
uw62043736,2024-09-05 05:06:09.840,2024-09-04 15:24:59.160000,-49270.68,303,lf,su,1.0
uw62044186,2024-09-07 14:22:34.520,2024-09-07 14:22:37.540000,3.02,303,lf,su,1.0
uw62044371,2024-09-08 07:55:23.020,2024-09-07 14:22:37.540000,-63165.48,303,lf,su,1.0
uw62044871,2024-09-10 07:35:54.120,2024-09-09 11:42:04.120000,-71630.0,303,su,su,1.0
uw62045106,2024-09-11 11:45:00.790,2024-09-11 03:56:09.120000,-28131.67,303,eq,eq,-1.0
uw62045406,2024-09-12 06:33:58.810,2024-09-12 06:34:01.600000,2.79,303,su,su,1.0
uw62037542,2024-09-13 07:15:28.730,2024-09-13 07:15:31.530000,2.8,303,su,su,1.0
uw62048341,2024-09-21 06:45:52.430,2024-09-21 06:45:55.400000,2.9699999999999998,303,lf,su,1.0
uw62048931,2024-09-22 20:59:38.120,2024-09-22 20:59:41.510000,3.39,303,lf,su,1.0
uw62049551,2024-09-24 08:20:41.140,2024-09-24 20:45:53.480000,44712.34,303,lf,su,1.0
uw62049821,2024-09-25 16:37:17.460,2024-09-25 16:37:20.990000,3.5300000000000002,303,lf,su,1.0
uw62050116,2024-09-26 15:39:17.210,2024-09-26 15:39:19.650000,2.44,303,lf,su,1.0
uw62042352,2024-09-29 04:00:09.330,2024-09-27 03:21:23.540000,-175125.79,303,lf,su,1.0
uw62043412,2024-10-03 12:42:45.440,2024-10-03 13:18:29.110000,2143.67,176,su,su,1.0
uw62043717,2024-10-04 17:02:43.460,2024-10-04 17:02:46.700000,3.24,303,lf,su,1.0
uw62053286,2024-10-09 18:13:28.420,2024-10-09 18:13:35.830000,7.41,303,su,su,1.0
uw62045207,2024-10-10 17:43:20.790,2024-10-10 17:43:23.880000,3.09,303,su,su,1.0
uw62045242,2024-10-10 18:55:02.240,2024-10-10 17:43:23.880000,-4298.36,303,eq,eq,32.0
uw62053891,2024-10-12 19:17:15.540,2024-10-14 07:51:32.570000,131657.03,250,su,su,1.0
uw62054111,2024-10-14 01:18:14.820,2024-10-14 07:51:32.570000,23597.75,250,su,su,1.0
uw62054486,2024-10-16 06:42:40.080,2024-10-16 06:42:43.230000,3.15,303,su,su,1.0
uw62055581,2024-10-20 12:51:25.550,2024-10-20 12:51:28.570000,3.02,303,su,su,1.0
uw62055756,2024-10-21 09:40:34.610,2024-10-21 09:40:37.920000,3.31,303,su,su,1.0
uw62055956,2024-10-22 06:48:45.120,2024-10-22 06:48:47.930000,2.81,303,su,su,1.0
uw62056111,2024-10-22 23:05:26.080,2024-10-22 23:05:29.680000,3.6,303,su,su,1.0
uw62056731,2024-10-24 20:56:36.860,2024-10-24 10:28:14.730000,-37702.13,303,su,su,1.0
uw62057241,2024-10-27 07:39:43.760,2024-10-27 07:39:47.200000,3.44,303,su,su,1.0
uw62049362,2024-10-30 03:31:23.010,2024-10-30 03:31:26.320000,3.31,303,su,su,1.0
uw62049537,2024-10-31 14:37:00.600,2024-10-31 14:37:03.250000,2.65,303,su,su,-1.0
uw62058396,2024-11-04 19:00:48.900,2024-11-04 19:00:53.960000,5.06,303,eq,su,1.0
uw62059336,2024-11-08 16:32:50.600,2024-11-08 16:32:54.450000,3.85,303,su,su,1.0
uw62051272,2024-11-10 11:16:08.310,2024-11-10 11:16:14.270000,5.96,303,su,su,1.0
uw62060631,2024-11-19 01:53:53.060,2024-11-19 01:53:56.390000,3.33,303,su,su,1.0
uw62061241,2024-11-25 05:47:05.900,2024-11-25 05:47:09.100000,3.2,303,su,su,1.0
uw62061261,2024-11-25 10:18:56.410,2024-11-25 05:47:09.100000,-16307.31,303,su,su,1.0
uw62063601,2024-12-02 09:37:53.850,2024-12-02 09:37:56.440000,2.59,303,su,su,1.0
uw62065416,2024-12-05 10:52:22.640,2024-12-05 10:52:25.640000,3.0,303,lf,su,1.0
uw62066576,2024-12-06 22:44:23.810,2024-12-06 22:44:27.360000,3.55,303,su,su,1.0
uw62059087,2024-12-12 08:14:34.460,2024-12-12 08:14:37.700000,3.24,303,su,su,1.0
uw61503588,2024-12-15 10:55:53.610,2024-12-15 10:55:57.790000,4.18,303,su,su,1.0
uw62060057,2024-12-19 20:13:46.700,2024-12-19 20:13:50.630000,3.93,303,su,su,1.0
uw62060642,2024-12-27 04:40:43.940,2024-12-28 10:11:01.270000,106217.33,303,su,su,1.0
uw62060847,2024-12-29 18:39:25.730,2024-12-28 10:11:01.270000,-116904.46,303,su,su,1.0
uw62061782,2025-01-08 08:58:58.500,2025-01-08 08:59:02.140000,3.64,303,su,su,1.0
uw62062282,2025-01-14 09:25:18.210,2025-01-14 06:23:29.140000,-10909.07,345,su,su,1.0
uw62071251,2025-01-19 20:59:46.050,2025-01-20 21:35:29.970000,88543.92,242,su,su,1.0
uw62072261,2025-01-25 13:33:29.470,2025-01-27 03:47:47.190000,137657.72,303,su,su,1.0
uw62072461,2025-01-27 03:47:44.240,2025-01-27 03:47:47.190000,2.95,303,su,su,1.0
uw62064867,2025-01-29 23:24:59.910,2025-01-27 03:47:47.190000,-243432.72,303,eq,eq,-1.0
uw62064972,2025-01-30 18:42:57.930,2025-02-02 23:06:18.640000,275000.71,303,su,su,1.0
uw62067067,2025-02-12 10:10:52.210,2025-02-12 10:10:56.130000,3.92,303,su,su,1.0
uw62076596,2025-02-20 11:20:10.960,2025-02-22 17:06:25.760000,193574.8,303,eq,eq,-1.0
uw62076791,2025-02-21 13:23:25.520,2025-02-22 17:06:25.760000,99780.24,303,lf,lf,6.0
