evid,etype,uw_evid
10835408,uk,uw10835408
10835518,uk,uw10835518
10835728,uk,uw10835728
10835733,uk,uw10835733
10835913,uk,uw10835913
10852948,eq,uw10852948
10853018,eq,uw10853018
10853073,eq,uw10853073
10853163,eq,uw10853163
10853168,eq,uw10853168
10854393,eq,uw10854393
10854468,eq,uw10854468
10854683,eq,uw10854683
10854903,eq,uw10854903
10854908,eq,uw10854908
10855023,eq,uw10855023
10855128,eq,uw10855128
10855243,eq,uw10855243
10855248,eq,uw10855248
10855893,eq,uw10855893
10840178,eq,uw10840178
10856308,eq,uw10856308
10856378,eq,uw10856378
10856638,eq,uw10856638
10840218,eq,uw10840218
10856908,eq,uw10856908
10857013,eq,uw10857013
10857028,eq,uw10857028
10857138,eq,uw10857138
10857708,eq,uw10857708
10857743,eq,uw10857743
10857783,eq,uw10857783
10858288,eq,uw10858288
10840313,eq,uw10840313
10858483,eq,uw10858483
10858603,eq,uw10858603
10858608,eq,uw10858608
10858613,eq,uw10858613
10858883,eq,uw10858883
10859478,eq,uw10859478
10859488,eq,uw10859488
10859813,eq,uw10859813
10859858,eq,uw10859858
10860103,eq,uw10860103
10860158,eq,uw10860158
10860163,eq,uw10860163
10860563,eq,uw10860563
10862603,eq,uw10862603
10861213,uk,uw10861213
10861348,eq,uw10861348
10861463,eq,uw10861463
10861718,eq,uw10861718
10861783,eq,uw10861783
10862013,eq,uw10862013
10840778,eq,uw10840778
10840858,eq,uw10840858
10841038,eq,uw10841038
10841153,eq,uw10841153
10841238,eq,uw10841238
10841493,eq,uw10841493
10841508,eq,uw10841508
10841643,eq,uw10841643
10842043,eq,uw10842043
10842478,eq,uw10842478
10842748,eq,uw10842748
10843488,eq,uw10843488
10843998,eq,uw10843998
10844038,eq,uw10844038
10844108,eq,uw10844108
10844758,eq,uw10844758
10844913,eq,uw10844913
10845458,eq,uw10845458
10845523,eq,uw10845523
10845753,eq,uw10845753
10846488,eq,uw10846488
10846533,eq,uw10846533
10846643,eq,uw10846643
10846648,eq,uw10846648
10846703,eq,uw10846703
10846923,eq,uw10846923
10847488,eq,uw10847488
10847773,eq,uw10847773
10847913,eq,uw10847913
10847968,eq,uw10847968
10848013,eq,uw10848013
10848083,eq,uw10848083
10848258,eq,uw10848258
10848348,eq,uw10848348
10848653,eq,uw10848653
10848678,eq,uw10848678
10849148,eq,uw10849148
10849313,eq,uw10849313
10849498,eq,uw10849498
10849673,eq,uw10849673
10849678,eq,uw10849678
10849858,eq,uw10849858
10849888,eq,uw10849888
10850003,eq,uw10850003
10850023,eq,uw10850023
10850153,eq,uw10850153
10850283,eq,uw10850283
10850443,eq,uw10850443
10850448,eq,uw10850448
10850478,eq,uw10850478
10850483,eq,uw10850483
10850658,eq,uw10850658
10850868,eq,uw10850868
10850963,eq,uw10850963
10851178,eq,uw10851178
10851338,eq,uw10851338
10851343,eq,uw10851343
10851353,eq,uw10851353
10851358,eq,uw10851358
10851368,eq,uw10851368
10851373,eq,uw10851373
10851378,eq,uw10851378
10851383,eq,uw10851383
10851443,eq,uw10851443
10851528,eq,uw10851528
10075123,eq,uw10075123
10079893,eq,uw10079893
10080208,eq,uw10080208
10080228,px,uw10080228
10081893,eq,uw10081893
10082228,eq,uw10082228
10086078,eq,uw10086078
10086968,eq,uw10086968
10082063,eq,uw10082063
10085848,eq,uw10085848
10087958,px,uw10087958
10088603,eq,uw10088603
10088728,eq,uw10088728
10088548,eq,uw10088548
10089128,eq,uw10089128
10091478,eq,uw10091478
10093593,eq,uw10093593
10093758,eq,uw10093758
10091088,eq,uw10091088
10091578,eq,uw10091578
10095628,eq,uw10095628
10096638,eq,uw10096638
10096673,eq,uw10096673
10096848,eq,uw10096848
10096928,eq,uw10096928
10096323,px,uw10096323
10105498,eq,uw10105498
10112323,eq,uw10112323
10098183,px,uw10098183
10099248,eq,uw10099248
10107463,px,uw10107463
10107608,eq,uw10107608
10098638,eq,uw10098638
10100963,eq,uw10100963
10102378,eq,uw10102378
10103123,eq,uw10103123
10103263,eq,uw10103263
10105108,eq,uw10105108
10105308,eq,uw10105308
10105708,eq,uw10105708
10099198,eq,uw10099198
10099698,eq,uw10099698
10104233,eq,uw10104233
10106588,eq,uw10106588
10106613,eq,uw10106613
10110263,eq,uw10110263
10110308,eq,uw10110308
10111343,eq,uw10111343
10111358,eq,uw10111358
10112683,eq,uw10112683
10114458,eq,uw10114458
10114538,eq,uw10114538
10114568,eq,uw10114568
10114593,eq,uw10114593
10114638,eq,uw10114638
10114673,eq,uw10114673
10114758,eq,uw10114758
10114848,eq,uw10114848
10115043,eq,uw10115043
10116393,eq,uw10116393
10116413,eq,uw10116413
10116493,eq,uw10116493
10116508,eq,uw10116508
10116518,eq,uw10116518
10116578,eq,uw10116578
10116593,eq,uw10116593
10116623,eq,uw10116623
10116758,eq,uw10116758
10116838,eq,uw10116838
10116858,eq,uw10116858
10113358,eq,uw10113358
10114933,eq,uw10114933
10116703,eq,uw10116703
10116828,eq,uw10116828
10117643,eq,uw10117643
10118373,eq,uw10118373
10119373,eq,uw10119373
10119608,eq,uw10119608
10119823,eq,uw10119823
10128793,eq,uw10128793
10129048,eq,uw10129048
10111628,eq,uw10111628
10113158,eq,uw10113158
10118408,eq,uw10118408
10119713,eq,uw10119713
10121748,eq,uw10121748
10123103,eq,uw10123103
10128578,eq,uw10128578
10128633,eq,uw10128633
10126378,eq,uw10126378
10132928,eq,uw10132928
10135013,eq,uw10135013
10139953,eq,uw10139953
10139958,eq,uw10139958
10139658,eq,uw10139658
10137468,eq,uw10137468
10141653,eq,uw10141653
10141668,eq,uw10141668
10141768,eq,uw10141768
10135888,eq,uw10135888
10136158,eq,uw10136158
10136363,eq,uw10136363
10139078,eq,uw10139078
10144053,eq,uw10144053
10144698,eq,uw10144698
10149643,eq,uw10149643
10147663,eq,uw10147663
10151128,eq,uw10151128
10153713,eq,uw10153713
10158803,px,uw10158803
10163668,eq,uw10163668
10153073,eq,uw10153073
10160963,eq,uw10160963
10164098,eq,uw10164098
10154728,eq,uw10154728
10157723,eq,uw10157723
10156848,px,uw10156848
10160718,eq,uw10160718
10165073,eq,uw10165073
10164948,eq,uw10164948
10164978,eq,uw10164978
10165128,eq,uw10165128
10165793,eq,uw10165793
10167098,eq,uw10167098
10167273,eq,uw10167273
10168358,eq,uw10168358
10168223,eq,uw10168223
10168258,eq,uw10168258
10168638,eq,uw10168638
10171658,eq,uw10171658
10169038,eq,uw10169038
10173093,eq,uw10173093
10174453,eq,uw10174453
10174548,eq,uw10174548
10174613,eq,uw10174613
10175148,eq,uw10175148
10175398,eq,uw10175398
10175933,eq,uw10175933
10176478,eq,uw10176478
10176493,eq,uw10176493
10177253,eq,uw10177253
10177408,eq,uw10177408
10174713,eq,uw10174713
10174803,eq,uw10174803
10175458,eq,uw10175458
10175878,eq,uw10175878
10176133,eq,uw10176133
10177108,eq,uw10177108
10178713,eq,uw10178713
10175798,eq,uw10175798
10176353,eq,uw10176353
10176573,eq,uw10176573
10178283,eq,uw10178283
10180898,eq,uw10180898
10182933,eq,uw10182933
10178633,px,uw10178633
10184378,eq,uw10184378
10181323,eq,uw10181323
10183563,eq,uw10183563
10180568,eq,uw10180568
10180848,eq,uw10180848
10182108,eq,uw10182108
10182528,eq,uw10182528
10183298,eq,uw10183298
10183328,eq,uw10183328
10183788,eq,uw10183788
10184463,eq,uw10184463
10185358,eq,uw10185358
10186268,eq,uw10186268
10187048,eq,uw10187048
10188523,eq,uw10188523
10189283,eq,uw10189283
10189328,eq,uw10189328
10189498,eq,uw10189498
10185338,eq,uw10185338
10186888,eq,uw10186888
10187218,eq,uw10187218
10188843,eq,uw10188843
10186738,eq,uw10186738
10186958,eq,uw10186958
10187673,eq,uw10187673
10187768,eq,uw10187768
10188493,eq,uw10188493
10188678,eq,uw10188678
10188693,eq,uw10188693
10187013,eq,uw10187013
10187168,eq,uw10187168
10187278,eq,uw10187278
10187423,eq,uw10187423
10187448,eq,uw10187448
10187703,eq,uw10187703
10187723,eq,uw10187723
10188398,eq,uw10188398
10189273,eq,uw10189273
10192898,px,uw10192898
10202113,eq,uw10202113
10197268,eq,uw10197268
10197968,eq,uw10197968
10198823,eq,uw10198823
10193153,eq,uw10193153
10194758,eq,uw10194758
10194778,eq,uw10194778
10194798,eq,uw10194798
10194818,eq,uw10194818
10194863,eq,uw10194863
10194968,eq,uw10194968
10195003,eq,uw10195003
10196093,eq,uw10196093
10196228,eq,uw10196228
10196283,eq,uw10196283
10191753,eq,uw10191753
10191783,eq,uw10191783
10191863,eq,uw10191863
10191903,eq,uw10191903
10192198,eq,uw10192198
10192233,eq,uw10192233
10193003,eq,uw10193003
10197718,eq,uw10197718
10199108,lf,uw10199108
10199323,eq,uw10199323
10200383,eq,uw10200383
10199483,eq,uw10199483
10200948,eq,uw10200948
10201428,eq,uw10201428
10201723,eq,uw10201723
10201888,eq,uw10201888
10201958,eq,uw10201958
10202018,eq,uw10202018
10202028,eq,uw10202028
10202073,eq,uw10202073
10202088,eq,uw10202088
10202108,eq,uw10202108
10202123,eq,uw10202123
10202378,eq,uw10202378
10202948,eq,uw10202948
10203543,eq,uw10203543
10204283,eq,uw10204283
10204348,eq,uw10204348
10205623,eq,uw10205623
10205733,eq,uw10205733
10210638,eq,uw10210638
10211983,eq,uw10211983
10210173,eq,uw10210173
10210698,eq,uw10210698
10211863,eq,uw10211863
10211883,eq,uw10211883
10211943,eq,uw10211943
10209663,eq,uw10209663
10212173,eq,uw10212173
10213068,eq,uw10213068
10213583,eq,uw10213583
10213323,eq,uw10213323
10214028,eq,uw10214028
10215583,eq,uw10215583
10215848,eq,uw10215848
10216818,eq,uw10216818
10214308,eq,uw10214308
10214518,eq,uw10214518
10216378,eq,uw10216378
10214908,eq,uw10214908
10216688,eq,uw10216688
10215798,eq,uw10215798
10217593,eq,uw10217593
10217928,eq,uw10217928
10219183,px,uw10219183
10219773,eq,uw10219773
10221548,eq,uw10221548
10219453,eq,uw10219453
10218063,eq,uw10218063
10218503,eq,uw10218503
10219343,eq,uw10219343
10220433,eq,uw10220433
10222993,eq,uw10222993
10221203,eq,uw10221203
10221478,eq,uw10221478
10221503,eq,uw10221503
10221583,eq,uw10221583
10221638,eq,uw10221638
10221963,eq,uw10221963
10226043,eq,uw10226043
10222618,eq,uw10222618
10222868,eq,uw10222868
10223103,eq,uw10223103
10223903,lf,uw10223903
10225153,eq,uw10225153
10225173,eq,uw10225173
10226453,eq,uw10226453
10227438,eq,uw10227438
10228158,eq,uw10228158
10226678,eq,uw10226678
10230488,eq,uw10230488
10230548,eq,uw10230548
10230653,eq,uw10230653
10230673,eq,uw10230673
10230798,eq,uw10230798
10230973,eq,uw10230973
10228898,eq,uw10228898
10228958,eq,uw10228958
10231313,eq,uw10231313
10231548,eq,uw10231548
10228978,eq,uw10228978
10230563,eq,uw10230563
10230788,eq,uw10230788
10231363,eq,uw10231363
10231628,eq,uw10231628
10231638,eq,uw10231638
10231668,eq,uw10231668
10231778,eq,uw10231778
10232578,eq,uw10232578
10232938,eq,uw10232938
10231643,eq,uw10231643
10234028,eq,uw10234028
10234043,eq,uw10234043
10234068,eq,uw10234068
10231978,eq,uw10231978
10234278,eq,uw10234278
10235068,eq,uw10235068
10235993,eq,uw10235993
10236043,eq,uw10236043
10236263,eq,uw10236263
10237853,px,uw10237853
10232068,eq,uw10232068
10232568,eq,uw10232568
10232868,eq,uw10232868
10233933,eq,uw10233933
10236218,eq,uw10236218
10237088,eq,uw10237088
10234398,eq,uw10234398
10237773,eq,uw10237773
10238273,eq,uw10238273
10238533,eq,uw10238533
10238798,eq,uw10238798
10238828,eq,uw10238828
10239333,eq,uw10239333
10240853,px,uw10240853
10243618,eq,uw10243618
10238878,eq,uw10238878
10239303,eq,uw10239303
10239373,eq,uw10239373
10239443,eq,uw10239443
10240348,eq,uw10240348
10240538,eq,uw10240538
10240638,eq,uw10240638
10240698,eq,uw10240698
10240838,eq,uw10240838
10240998,eq,uw10240998
10241008,eq,uw10241008
10241053,eq,uw10241053
10241608,eq,uw10241608
10241648,eq,uw10241648
10241848,eq,uw10241848
10239508,eq,uw10239508
10239578,eq,uw10239578
10239713,eq,uw10239713
10239743,eq,uw10239743
10240223,eq,uw10240223
10240258,eq,uw10240258
10240893,px,uw10240893
10240908,eq,uw10240908
10242483,lf,uw10242483
10243643,eq,uw10243643
10239653,eq,uw10239653
10240658,eq,uw10240658
10241118,eq,uw10241118
10242038,eq,uw10242038
10243683,eq,uw10243683
10244553,eq,uw10244553
10244703,lf,uw10244703
10243923,eq,uw10243923
10243953,eq,uw10243953
10245068,eq,uw10245068
10241883,eq,uw10241883
10242493,ex,uw10242493
10244803,eq,uw10244803
10244773,eq,uw10244773
10248743,eq,uw10248743
10245578,px,uw10245578
10246703,lf,uw10246703
10248293,eq,uw10248293
10248863,px,uw10248863
10252008,lf,uw10252008
10252288,lf,uw10252288
10245248,eq,uw10245248
10245508,eq,uw10245508
10246163,eq,uw10246163
10250173,eq,uw10250173
10245483,eq,uw10245483
10245498,eq,uw10245498
10246818,eq,uw10246818
10249948,eq,uw10249948
10250063,eq,uw10250063
10250648,eq,uw10250648
10251663,eq,uw10251663
10250568,eq,uw10250568
10252098,eq,uw10252098
10255678,px,uw10255678
10257903,eq,uw10257903
10253038,eq,uw10253038
10254148,eq,uw10254148
10254873,eq,uw10254873
10254903,eq,uw10254903
10255758,eq,uw10255758
10256463,eq,uw10256463
10257478,eq,uw10257478
10258063,eq,uw10258063
10253043,eq,uw10253043
10253133,eq,uw10253133
10253158,eq,uw10253158
10253193,eq,uw10253193
10253223,eq,uw10253223
10253248,eq,uw10253248
10253273,eq,uw10253273
10253333,eq,uw10253333
10253368,eq,uw10253368
10253448,eq,uw10253448
10253533,eq,uw10253533
10253548,eq,uw10253548
10253563,eq,uw10253563
10253623,eq,uw10253623
10253633,eq,uw10253633
10253668,eq,uw10253668
10253693,eq,uw10253693
10253713,eq,uw10253713
10253773,eq,uw10253773
10253833,eq,uw10253833
10254523,eq,uw10254523
10254728,eq,uw10254728
10254838,eq,uw10254838
10254908,eq,uw10254908
10257583,eq,uw10257583
10257663,eq,uw10257663
10257753,eq,uw10257753
10257813,eq,uw10257813
10257838,eq,uw10257838
10257873,eq,uw10257873
10257923,eq,uw10257923
10257948,eq,uw10257948
10257998,eq,uw10257998
10258043,eq,uw10258043
10258078,eq,uw10258078
10258118,eq,uw10258118
10258193,eq,uw10258193
10258213,eq,uw10258213
10258238,eq,uw10258238
10258268,eq,uw10258268
10258313,eq,uw10258313
10258343,eq,uw10258343
10258378,eq,uw10258378
10258518,eq,uw10258518
10258573,eq,uw10258573
10258593,eq,uw10258593
10258643,eq,uw10258643
10258783,eq,uw10258783
10258823,eq,uw10258823
10258848,eq,uw10258848
10258873,eq,uw10258873
10258938,eq,uw10258938
10258968,eq,uw10258968
10258978,eq,uw10258978
10259038,eq,uw10259038
10259113,eq,uw10259113
10259148,eq,uw10259148
10259168,eq,uw10259168
10259198,eq,uw10259198
10259243,eq,uw10259243
10259263,eq,uw10259263
10259303,eq,uw10259303
10259318,eq,uw10259318
10259343,eq,uw10259343
10259363,eq,uw10259363
10259413,eq,uw10259413
10259443,eq,uw10259443
10259483,eq,uw10259483
10259573,eq,uw10259573
10259753,eq,uw10259753
10259843,eq,uw10259843
10260048,eq,uw10260048
10260113,eq,uw10260113
10260503,eq,uw10260503
10260688,eq,uw10260688
10260713,eq,uw10260713
10260928,eq,uw10260928
10261138,eq,uw10261138
10261163,eq,uw10261163
10261238,eq,uw10261238
10261533,eq,uw10261533
10261558,eq,uw10261558
10261708,eq,uw10261708
10262053,eq,uw10262053
10262123,eq,uw10262123
10262833,eq,uw10262833
10263078,eq,uw10263078
10254433,eq,uw10254433
10254733,eq,uw10254733
10254828,eq,uw10254828
10254848,eq,uw10254848
10255433,eq,uw10255433
10255693,eq,uw10255693
10255713,eq,uw10255713
10255903,eq,uw10255903
10256268,eq,uw10256268
10256718,eq,uw10256718
10256743,eq,uw10256743
10256803,eq,uw10256803
10256963,eq,uw10256963
10256983,eq,uw10256983
10256998,eq,uw10256998
10258073,eq,uw10258073
10258103,eq,uw10258103
10258243,eq,uw10258243
10258678,eq,uw10258678
10258778,eq,uw10258778
10259063,eq,uw10259063
10259228,eq,uw10259228
10259383,eq,uw10259383
10260323,eq,uw10260323
10260563,eq,uw10260563
10261898,eq,uw10261898
10257773,eq,uw10257773
10257938,eq,uw10257938
10259108,eq,uw10259108
10259808,eq,uw10259808
10262208,eq,uw10262208
10262313,eq,uw10262313
10262373,eq,uw10262373
10262413,eq,uw10262413
10262438,eq,uw10262438
10262613,eq,uw10262613
10262808,eq,uw10262808
10263648,eq,uw10263648
10264303,eq,uw10264303
10264443,eq,uw10264443
10264483,eq,uw10264483
10265118,eq,uw10265118
10259583,eq,uw10259583
10259603,eq,uw10259603
10260223,eq,uw10260223
10260478,eq,uw10260478
10261193,lf,uw10261193
10261443,eq,uw10261443
10262693,lf,uw10262693
10263113,eq,uw10263113
10264758,eq,uw10264758
10267083,eq,uw10267083
10259708,eq,uw10259708
10259798,eq,uw10259798
10260703,eq,uw10260703
10262093,eq,uw10262093
10263238,eq,uw10263238
10263763,eq,uw10263763
10264168,eq,uw10264168
10264653,eq,uw10264653
10265223,eq,uw10265223
10265728,eq,uw10265728
10267488,eq,uw10267488
10260248,eq,uw10260248
10260283,eq,uw10260283
10261128,eq,uw10261128
10261933,eq,uw10261933
10263978,eq,uw10263978
10264228,eq,uw10264228
10265283,eq,uw10265283
10266393,eq,uw10266393
10266603,eq,uw10266603
10268273,eq,uw10268273
10272938,eq,uw10272938
10268628,eq,uw10268628
10269148,eq,uw10269148
10269673,eq,uw10269673
10269753,eq,uw10269753
10271493,eq,uw10271493
10272208,eq,uw10272208
10272243,eq,uw10272243
10269933,eq,uw10269933
10273783,eq,uw10273783
10273888,eq,uw10273888
10273893,eq,uw10273893
10274653,eq,uw10274653
10274578,eq,uw10274578
10277888,eq,uw10277888
10278198,eq,uw10278198
10279273,eq,uw10279273
10279393,eq,uw10279393
10274388,eq,uw10274388
10276923,eq,uw10276923
10277438,eq,uw10277438
10281068,eq,uw10281068
10276753,eq,uw10276753
10279503,px,uw10279503
10282078,eq,uw10282078
10282818,eq,uw10282818
10276873,eq,uw10276873
10277388,eq,uw10277388
10278308,eq,uw10278308
10280853,eq,uw10280853
10280943,eq,uw10280943
10281568,eq,uw10281568
10282168,eq,uw10282168
10275878,eq,uw10275878
10276198,eq,uw10276198
10276433,eq,uw10276433
10276483,eq,uw10276483
10278348,eq,uw10278348
10280143,eq,uw10280143
10281718,ex,uw10281718
10281728,ex,uw10281728
10279088,px,uw10279088
10280743,eq,uw10280743
10282823,px,uw10282823
10283303,eq,uw10283303
10283418,eq,uw10283418
10283623,eq,uw10283623
10283833,eq,uw10283833
10284293,eq,uw10284293
10286038,eq,uw10286038
10286228,eq,uw10286228
10288798,eq,uw10288798
10286338,eq,uw10286338
10286463,px,uw10286463
10285253,eq,uw10285253
10285328,eq,uw10285328
10285563,eq,uw10285563
10286433,eq,uw10286433
10286903,eq,uw10286903
10286938,eq,uw10286938
10287713,eq,uw10287713
10285373,eq,uw10285373
10289133,lf,uw10289133
10285688,eq,uw10285688
10286073,eq,uw10286073
10289983,eq,uw10289983
10290758,eq,uw10290758
10290783,eq,uw10290783
10284478,px,uw10284478
10285113,eq,uw10285113
10288923,eq,uw10288923
10294463,lf,uw10294463
10294928,eq,uw10294928
10299668,eq,uw10299668
10300948,eq,uw10300948
10290983,eq,uw10290983
10292218,px,uw10292218
10292938,px,uw10292938
10296238,eq,uw10296238
10299148,eq,uw10299148
10291183,lf,uw10291183
10293408,eq,uw10293408
10293438,eq,uw10293438
10295218,px,uw10295218
10297153,eq,uw10297153
10297863,eq,uw10297863
10299978,eq,uw10299978
10300058,lf,uw10300058
10300123,px,uw10300123
10291603,eq,uw10291603
10294353,eq,uw10294353
10295288,eq,uw10295288
10299028,eq,uw10299028
10300203,eq,uw10300203
10295003,eq,uw10295003
10296328,eq,uw10296328
10298653,eq,uw10298653
10292118,eq,uw10292118
10292948,eq,uw10292948
10293803,eq,uw10293803
10294233,eq,uw10294233
10294268,eq,uw10294268
10295203,eq,uw10295203
10295528,eq,uw10295528
10301238,eq,uw10301238
10305978,eq,uw10305978
10306133,eq,uw10306133
10301123,eq,uw10301123
10302903,eq,uw10302903
10304618,px,uw10304618
10301668,eq,uw10301668
10303063,eq,uw10303063
10303973,eq,uw10303973
10303983,eq,uw10303983
10304248,eq,uw10304248
10305603,eq,uw10305603
10305678,eq,uw10305678
10305798,eq,uw10305798
10301908,eq,uw10301908
10305188,px,uw10305188
10305208,eq,uw10305208
10305343,lf,uw10305343
10305888,px,uw10305888
10305943,eq,uw10305943
10301918,eq,uw10301918
10302448,eq,uw10302448
10304188,eq,uw10304188
10305083,eq,uw10305083
10305373,eq,uw10305373
10305843,eq,uw10305843
10835003,eq,uw10835003
10306843,eq,uw10306843
10308988,eq,uw10308988
10309033,eq,uw10309033
10309458,eq,uw10309458
10309628,px,uw10309628
10309913,eq,uw10309913
10311478,eq,uw10311478
10306618,eq,uw10306618
10307253,px,uw10307253
10307888,lf,uw10307888
10309163,px,uw10309163
10309273,eq,uw10309273
10310098,eq,uw10310098
10310118,eq,uw10310118
10310638,eq,uw10310638
10310668,px,uw10310668
10311228,eq,uw10311228
10306798,eq,uw10306798
10307518,eq,uw10307518
10307733,eq,uw10307733
10309558,eq,uw10309558
10309848,eq,uw10309848
10311203,px,uw10311203
10312133,eq,uw10312133
10312373,eq,uw10312373
10312918,eq,uw10312918
10310233,eq,uw10310233
10311663,eq,uw10311663
10311673,eq,uw10311673
10312708,eq,uw10312708
10314348,eq,uw10314348
10315928,eq,uw10315928
10315953,eq,uw10315953
10315973,eq,uw10315973
10315993,eq,uw10315993
10316453,eq,uw10316453
10316753,eq,uw10316753
10316893,eq,uw10316893
10316958,eq,uw10316958
10317398,eq,uw10317398
10318043,eq,uw10318043
10321568,eq,uw10321568
10333218,eq,uw10333218
10334458,eq,uw10334458
10323888,eq,uw10323888
10314388,eq,uw10314388
10320788,eq,uw10320788
10320933,eq,uw10320933
10334878,eq,uw10334878
10335098,eq,uw10335098
10335133,eq,uw10335133
10335653,eq,uw10335653
10336898,eq,uw10336898
10337003,eq,uw10337003
10337028,eq,uw10337028
10337043,eq,uw10337043
10337568,eq,uw10337568
10339813,eq,uw10339813
10340463,eq,uw10340463
10324533,eq,uw10324533
10335548,eq,uw10335548
10328678,eq,uw10328678
10333528,eq,uw10333528
10336403,eq,uw10336403
10338343,eq,uw10338343
10339013,eq,uw10339013
10338458,eq,uw10338458
10346143,px,uw10346143
10347248,px,uw10347248
10340703,eq,uw10340703
10346058,eq,uw10346058
10347193,eq,uw10347193
10348978,eq,uw10348978
10341323,eq,uw10341323
10341573,eq,uw10341573
10344883,eq,uw10344883
10350208,eq,uw10350208
10350328,eq,uw10350328
10349023,eq,uw10349023
10360153,eq,uw10360153
10355908,px,uw10355908
10356893,eq,uw10356893
10360703,eq,uw10360703
10364613,eq,uw10364613
10360008,eq,uw10360008
10362518,eq,uw10362518
10359968,eq,uw10359968
10360583,eq,uw10360583
10360803,eq,uw10360803
10361683,eq,uw10361683
10362113,eq,uw10362113
10365733,lf,uw10365733
10361428,eq,uw10361428
10368093,eq,uw10368093
10364173,eq,uw10364173
10368988,eq,uw10368988
10365838,eq,uw10365838
10367828,eq,uw10367828
10365203,eq,uw10365203
10366923,eq,uw10366923
10372668,eq,uw10372668
10374493,eq,uw10374493
10368953,eq,uw10368953
10369033,eq,uw10369033
10369108,eq,uw10369108
10370308,eq,uw10370308
10372073,eq,uw10372073
10373148,eq,uw10373148
10375368,eq,uw10375368
10380753,eq,uw10380753
10369003,eq,uw10369003
10374318,eq,uw10374318
10375873,eq,uw10375873
10377843,eq,uw10377843
10377903,eq,uw10377903
10378693,eq,uw10378693
10379363,eq,uw10379363
10381373,eq,uw10381373
10383458,eq,uw10383458
10373173,eq,uw10373173
10378318,eq,uw10378318
10383383,eq,uw10383383
10385003,eq,uw10385003
10386938,eq,uw10386938
10388253,eq,uw10388253
10371783,eq,uw10371783
10372318,eq,uw10372318
10377998,eq,uw10377998
10380208,eq,uw10380208
10384308,eq,uw10384308
10385333,eq,uw10385333
10388508,eq,uw10388508
10379038,eq,uw10379038
10382878,eq,uw10382878
10384823,eq,uw10384823
10384843,eq,uw10384843
10385323,eq,uw10385323
10388008,eq,uw10388008
10394838,eq,uw10394838
10394868,eq,uw10394868
10395198,eq,uw10395198
10389783,eq,uw10389783
10393313,eq,uw10393313
10395298,eq,uw10395298
10395323,eq,uw10395323
10389233,eq,uw10389233
10389383,eq,uw10389383
10390578,eq,uw10390578
10393358,eq,uw10393358
10390493,eq,uw10390493
10394278,eq,uw10394278
10394528,eq,uw10394528
10389333,px,uw10389333
10405833,eq,uw10405833
10407433,eq,uw10407433
10409243,eq,uw10409243
10410843,eq,uw10410843
10411093,eq,uw10411093
10391363,eq,uw10391363
10399773,eq,uw10399773
10401823,px,uw10401823
10405073,eq,uw10405073
10406038,eq,uw10406038
10408173,eq,uw10408173
10398318,eq,uw10398318
10398598,eq,uw10398598
10405343,eq,uw10405343
10399958,eq,uw10399958
10403798,eq,uw10403798
10404088,eq,uw10404088
10403628,eq,uw10403628
10408308,eq,uw10408308
10409873,eq,uw10409873
10404688,eq,uw10404688
10404733,eq,uw10404733
10406918,eq,uw10406918
10408773,px,uw10408773
10409098,eq,uw10409098
10409213,eq,uw10409213
10409223,eq,uw10409223
10409618,px,uw10409618
10411163,eq,uw10411163
10411813,eq,uw10411813
10409378,eq,uw10409378
10411263,eq,uw10411263
10412563,eq,uw10412563
10415318,eq,uw10415318
10415498,eq,uw10415498
10415748,eq,uw10415748
10416018,eq,uw10416018
10417743,eq,uw10417743
10419073,eq,uw10419073
10415598,eq,uw10415598
10416083,eq,uw10416083
10419628,eq,uw10419628
10414023,eq,uw10414023
10416033,eq,uw10416033
10417078,eq,uw10417078
10417373,eq,uw10417373
10417918,eq,uw10417918
10418208,eq,uw10418208
10420258,eq,uw10420258
10413673,eq,uw10413673
10413883,eq,uw10413883
10414253,eq,uw10414253
10414273,eq,uw10414273
10415508,eq,uw10415508
10415548,eq,uw10415548
10415828,eq,uw10415828
10415958,eq,uw10415958
10416138,eq,uw10416138
10417688,eq,uw10417688
10420213,eq,uw10420213
10414213,eq,uw10414213
10415198,eq,uw10415198
10417733,eq,uw10417733
10418963,eq,uw10418963
10419753,eq,uw10419753
10419763,eq,uw10419763
10420728,eq,uw10420728
10424003,eq,uw10424003
10424023,eq,uw10424023
10424078,eq,uw10424078
10426763,eq,uw10426763
10426773,eq,uw10426773
10429078,eq,uw10429078
10420808,eq,uw10420808
10423913,eq,uw10423913
10424383,eq,uw10424383
10424518,eq,uw10424518
10424613,eq,uw10424613
10428058,eq,uw10428058
10423488,eq,uw10423488
10428928,eq,uw10428928
10429263,px,uw10429263
10427968,eq,uw10427968
10429683,eq,uw10429683
10437623,eq,uw10437623
10432513,eq,uw10432513
10434103,eq,uw10434103
10434738,eq,uw10434738
10432193,eq,uw10432193
10435148,lf,uw10435148
10436733,eq,uw10436733
10437053,eq,uw10437053
10433213,eq,uw10433213
10436258,px,uw10436258
10442073,eq,uw10442073
10442113,eq,uw10442113
10442143,eq,uw10442143
10442178,eq,uw10442178
10442468,eq,uw10442468
10446378,eq,uw10446378
10448233,eq,uw10448233
10441758,eq,uw10441758
10458183,eq,uw10458183
10460908,eq,uw10460908
10464248,eq,uw10464248
10468203,eq,uw10468203
10442858,eq,uw10442858
10448513,eq,uw10448513
10449313,eq,uw10449313
10449503,eq,uw10449503
10451203,eq,uw10451203
10451438,eq,uw10451438
10457788,eq,uw10457788
10459393,eq,uw10459393
10460828,eq,uw10460828
10462318,eq,uw10462318
10456903,eq,uw10456903
10458648,eq,uw10458648
10463318,eq,uw10463318
10448853,eq,uw10448853
10455638,eq,uw10455638
10455938,eq,uw10455938
10455988,eq,uw10455988
10456733,eq,uw10456733
10462013,eq,uw10462013
10462473,eq,uw10462473
10466073,eq,uw10466073
10466813,eq,uw10466813
10467903,eq,uw10467903
10471193,eq,uw10471193
10471943,eq,uw10471943
10471388,eq,uw10471388
10469563,eq,uw10469563
10470538,eq,uw10470538
10470788,px,uw10470788
10834508,eq,uw10834508
10470573,eq,uw10470573
10477148,eq,uw10477148
10498548,eq,uw10498548
10498578,eq,uw10498578
10498803,eq,uw10498803
10499413,eq,uw10499413
10471928,eq,uw10471928
10471953,eq,uw10471953
10476808,eq,uw10476808
10480063,eq,uw10480063
10473918,eq,uw10473918
10475423,eq,uw10475423
10485768,eq,uw10485768
10483148,eq,uw10483148
10483153,eq,uw10483153
10483273,eq,uw10483273
10487993,eq,uw10487993
10482798,eq,uw10482798
10482823,eq,uw10482823
10489903,eq,uw10489903
10490748,eq,uw10490748
10491213,eq,uw10491213
10483133,eq,uw10483133
10489408,eq,uw10489408
10489853,eq,uw10489853
10485033,eq,uw10485033
10485903,eq,uw10485903
10488108,eq,uw10488108
10487263,eq,uw10487263
10493763,eq,uw10493763
10491473,eq,uw10491473
10492433,eq,uw10492433
10492873,eq,uw10492873
10496473,eq,uw10496473
10497508,eq,uw10497508
10491948,eq,uw10491948
10492853,eq,uw10492853
10492858,eq,uw10492858
10497018,eq,uw10497018
10497203,eq,uw10497203
10495353,eq,uw10495353
10496963,eq,uw10496963
10498418,eq,uw10498418
10498478,lf,uw10498478
10500013,eq,uw10500013
10499668,eq,uw10499668
10500448,eq,uw10500448
10520263,eq,uw10520263
10520623,eq,uw10520623
10523253,eq,uw10523253
10524358,eq,uw10524358
10501263,eq,uw10501263
10507413,eq,uw10507413
10510153,eq,uw10510153
10513203,eq,uw10513203
10502438,eq,uw10502438
10502488,eq,uw10502488
10502913,eq,uw10502913
10503953,eq,uw10503953
10506323,eq,uw10506323
10507608,eq,uw10507608
10508353,eq,uw10508353
10511023,eq,uw10511023
10511048,eq,uw10511048
10512768,eq,uw10512768
10501748,eq,uw10501748
10505008,eq,uw10505008
10503733,eq,uw10503733
10504233,eq,uw10504233
10505043,eq,uw10505043
10515818,eq,uw10515818
10516553,eq,uw10516553
10517018,lf,uw10517018
10517193,eq,uw10517193
10517233,eq,uw10517233
10518738,eq,uw10518738
10518813,eq,uw10518813
10518823,eq,uw10518823
10521078,eq,uw10521078
10521103,eq,uw10521103
10521413,lf,uw10521413
10525513,eq,uw10525513
10526813,eq,uw10526813
10527623,eq,uw10527623
10529973,eq,uw10529973
10530013,eq,uw10530013
10519083,eq,uw10519083
10519218,eq,uw10519218
10519343,eq,uw10519343
10521633,eq,uw10521633
10525918,eq,uw10525918
10527743,eq,uw10527743
10528313,eq,uw10528313
10530233,eq,uw10530233
10522933,eq,uw10522933
10529103,eq,uw10529103
10531448,px,uw10531448
10528288,px,uw10528288
10532758,eq,uw10532758
10535493,px,uw10535493
10536683,eq,uw10536683
10536713,eq,uw10536713
10544043,eq,uw10544043
10544878,eq,uw10544878
10534073,px,uw10534073
10536933,px,uw10536933
10537848,px,uw10537848
10539588,eq,uw10539588
10539733,eq,uw10539733
10543758,eq,uw10543758
10544193,eq,uw10544193
10545058,eq,uw10545058
10547223,eq,uw10547223
10532853,eq,uw10532853
10535308,px,uw10535308
10538068,eq,uw10538068
10539233,eq,uw10539233
10541303,px,uw10541303
10541908,eq,uw10541908
10542313,eq,uw10542313
10544738,eq,uw10544738
10546343,px,uw10546343
10533923,px,uw10533923
10538623,eq,uw10538623
10534193,eq,uw10534193
10534363,eq,uw10534363
10534538,eq,uw10534538
10535178,eq,uw10535178
10535218,eq,uw10535218
10535313,eq,uw10535313
10535348,eq,uw10535348
10541513,eq,uw10541513
10542543,eq,uw10542543
10542558,eq,uw10542558
10542958,eq,uw10542958
10544088,eq,uw10544088
10544103,eq,uw10544103
10546213,eq,uw10546213
10546908,eq,uw10546908
10537853,eq,uw10537853
10538843,eq,uw10538843
10542343,eq,uw10542343
10546998,eq,uw10546998
10547473,eq,uw10547473
10548088,eq,uw10548088
10549048,eq,uw10549048
10551593,eq,uw10551593
10551088,eq,uw10551088
10551098,eq,uw10551098
10553428,eq,uw10553428
10553458,eq,uw10553458
10554313,eq,uw10554313
10555368,eq,uw10555368
10551398,eq,uw10551398
10551598,px,uw10551598
10553808,eq,uw10553808
10553823,eq,uw10553823
10553833,eq,uw10553833
10553843,eq,uw10553843
10555068,eq,uw10555068
10556438,eq,uw10556438
10559583,eq,uw10559583
10559638,eq,uw10559638
10559818,eq,uw10559818
10549638,eq,uw10549638
10549808,eq,uw10549808
10552478,eq,uw10552478
10553863,eq,uw10553863
10554518,lf,uw10554518
10554973,eq,uw10554973
10557083,eq,uw10557083
10562373,eq,uw10562373
10556338,eq,uw10556338
10557513,eq,uw10557513
10557848,eq,uw10557848
10567803,eq,uw10567803
10555988,eq,uw10555988
10557898,eq,uw10557898
10557938,eq,uw10557938
10565513,eq,uw10565513
10564053,eq,uw10564053
10571568,eq,uw10571568
10577598,eq,uw10577598
10559213,eq,uw10559213
10562948,eq,uw10562948
10562978,eq,uw10562978
10562998,eq,uw10562998
10563018,eq,uw10563018
10563093,eq,uw10563093
10564153,eq,uw10564153
10565878,eq,uw10565878
10566378,eq,uw10566378
10568143,eq,uw10568143
10568218,eq,uw10568218
10568243,eq,uw10568243
10568278,eq,uw10568278
10568283,eq,uw10568283
10568288,eq,uw10568288
10568293,eq,uw10568293
10568303,eq,uw10568303
10568378,eq,uw10568378
10568388,eq,uw10568388
10568398,eq,uw10568398
10568408,eq,uw10568408
10568423,eq,uw10568423
10568443,eq,uw10568443
10568488,eq,uw10568488
10568703,eq,uw10568703
10568838,eq,uw10568838
10568943,eq,uw10568943
10568993,eq,uw10568993
10573668,eq,uw10573668
10573763,eq,uw10573763
10572443,eq,uw10572443
10573563,eq,uw10573563
10581258,eq,uw10581258
10581283,eq,uw10581283
10581643,eq,uw10581643
10584198,eq,uw10584198
10585428,eq,uw10585428
10569808,eq,uw10569808
10574073,eq,uw10574073
10575403,eq,uw10575403
10573743,eq,uw10573743
10577898,eq,uw10577898
10580923,eq,uw10580923
10834223,eq,uw10834223
10578028,eq,uw10578028
10580118,eq,uw10580118
10581038,eq,uw10581038
10582303,eq,uw10582303
10584853,eq,uw10584853
10586363,eq,uw10586363
10586988,eq,uw10586988
10582333,eq,uw10582333
10583633,eq,uw10583633
10583803,eq,uw10583803
10585973,eq,uw10585973
10587223,eq,uw10587223
10585173,eq,uw10585173
10585548,eq,uw10585548
10594963,eq,uw10594963
10588548,eq,uw10588548
10592388,eq,uw10592388
10592393,eq,uw10592393
10592448,eq,uw10592448
10592523,eq,uw10592523
10592603,eq,uw10592603
10592898,eq,uw10592898
10593303,eq,uw10593303
10589193,lf,uw10589193
10599193,eq,uw10599193
10610438,eq,uw10610438
10594438,eq,uw10594438
10597568,eq,uw10597568
10599588,eq,uw10599588
10603843,eq,uw10603843
10591608,eq,uw10591608
10590528,eq,uw10590528
10591093,su,uw10591093
10597243,eq,uw10597243
10597303,eq,uw10597303
10597353,eq,uw10597353
10598628,eq,uw10598628
10599338,px,uw10599338
10601503,eq,uw10601503
10603293,eq,uw10603293
10603768,eq,uw10603768
10601098,eq,uw10601098
10601248,eq,uw10601248
10602338,eq,uw10602338
10605193,eq,uw10605193
10613483,eq,uw10613483
10613498,eq,uw10613498
10613268,lf,uw10613268
10613388,eq,uw10613388
10607013,eq,uw10607013
10607828,eq,uw10607828
10608053,eq,uw10608053
10609348,eq,uw10609348
10609393,eq,uw10609393
10609398,eq,uw10609398
10609403,eq,uw10609403
10609458,eq,uw10609458
10609508,eq,uw10609508
10609543,eq,uw10609543
10609693,eq,uw10609693
10610018,eq,uw10610018
10610328,eq,uw10610328
10611953,eq,uw10611953
10615113,eq,uw10615113
10613758,px,uw10613758
10616348,eq,uw10616348
10616418,eq,uw10616418
10607393,px,uw10607393
10608853,lf,uw10608853
10609268,eq,uw10609268
10609623,eq,uw10609623
10610408,eq,uw10610408
10610593,px,uw10610593
10611658,eq,uw10611658
10613473,eq,uw10613473
10614288,px,uw10614288
10615413,eq,uw10615413
10616133,eq,uw10616133
10617933,eq,uw10617933
10618073,px,uw10618073
10618733,eq,uw10618733
10619503,eq,uw10619503
10622473,eq,uw10622473
10625678,eq,uw10625678
10637193,eq,uw10637193
10638758,eq,uw10638758
10639458,eq,uw10639458
10644983,eq,uw10644983
10654543,eq,uw10654543
10663258,eq,uw10663258
10664213,eq,uw10664213
10670983,eq,uw10670983
10622718,eq,uw10622718
10647418,eq,uw10647418
10648153,eq,uw10648153
10652113,eq,uw10652113
10630568,eq,uw10630568
10624203,eq,uw10624203
10624343,eq,uw10624343
10624393,eq,uw10624393
10626713,lf,uw10626713
10627123,lf,uw10627123
10631643,eq,uw10631643
10654233,eq,uw10654233
10659948,eq,uw10659948
10665963,eq,uw10665963
10668883,eq,uw10668883
10669233,eq,uw10669233
10669248,eq,uw10669248
10675443,eq,uw10675443
10657648,eq,uw10657648
10659408,eq,uw10659408
10659483,eq,uw10659483
10659753,eq,uw10659753
10660403,eq,uw10660403
10660468,eq,uw10660468
10661383,eq,uw10661383
10664218,eq,uw10664218
10664448,eq,uw10664448
10652628,eq,uw10652628
10652708,eq,uw10652708
10656558,eq,uw10656558
10678838,eq,uw10678838
10680223,eq,uw10680223
10660283,lf,uw10660283
10662058,eq,uw10662058
10664798,eq,uw10664798
10665323,lf,uw10665323
10665733,eq,uw10665733
10671218,lf,uw10671218
10673223,eq,uw10673223
10674173,eq,uw10674173
10674548,eq,uw10674548
10676868,lf,uw10676868
10682208,eq,uw10682208
10682258,eq,uw10682258
10683183,eq,uw10683183
10684443,eq,uw10684443
10676123,lf,uw10676123
10676563,eq,uw10676563
10676593,eq,uw10676593
10676628,eq,uw10676628
10676668,eq,uw10676668
10679373,eq,uw10679373
10679678,eq,uw10679678
10683373,eq,uw10683373
10685868,eq,uw10685868
10686143,eq,uw10686143
10687763,eq,uw10687763
10687778,eq,uw10687778
10677408,eq,uw10677408
10677568,eq,uw10677568
10677593,eq,uw10677593
10679093,eq,uw10679093
10682713,eq,uw10682713
10684038,eq,uw10684038
10678863,eq,uw10678863
10678898,eq,uw10678898
10678908,eq,uw10678908
10679548,eq,uw10679548
10680043,eq,uw10680043
10680203,eq,uw10680203
10681138,eq,uw10681138
10681363,eq,uw10681363
10682238,eq,uw10682238
10683318,eq,uw10683318
10685168,eq,uw10685168
10685983,eq,uw10685983
10687753,eq,uw10687753
10688178,eq,uw10688178
10688743,eq,uw10688743
10689843,eq,uw10689843
10690463,eq,uw10690463
10690558,eq,uw10690558
10690583,eq,uw10690583
10688633,eq,uw10688633
10688643,eq,uw10688643
10688763,eq,uw10688763
10688838,eq,uw10688838
10688973,eq,uw10688973
10689913,eq,uw10689913
10690393,eq,uw10690393
10690618,eq,uw10690618
10690633,eq,uw10690633
10691493,eq,uw10691493
10691878,eq,uw10691878
10686763,eq,uw10686763
10686773,eq,uw10686773
10686788,eq,uw10686788
10686898,eq,uw10686898
10687068,eq,uw10687068
10687848,eq,uw10687848
10688888,eq,uw10688888
10690283,eq,uw10690283
10691373,eq,uw10691373
10691668,eq,uw10691668
10691733,eq,uw10691733
10691743,eq,uw10691743
10692508,eq,uw10692508
10693133,eq,uw10693133
10690173,eq,uw10690173
10690233,eq,uw10690233
10691318,eq,uw10691318
10697308,eq,uw10697308
10698153,eq,uw10698153
10689723,eq,uw10689723
10689993,eq,uw10689993
10692178,eq,uw10692178
10692303,eq,uw10692303
10693483,eq,uw10693483
10693888,eq,uw10693888
10696288,eq,uw10696288
10698238,eq,uw10698238
10698278,eq,uw10698278
10698553,eq,uw10698553
10698738,eq,uw10698738
10691983,eq,uw10691983
10692098,eq,uw10692098
10692468,eq,uw10692468
10692928,eq,uw10692928
10692948,eq,uw10692948
10693328,eq,uw10693328
10693498,lf,uw10693498
10693573,eq,uw10693573
10694868,eq,uw10694868
10695013,eq,uw10695013
10695108,eq,uw10695108
10695123,eq,uw10695123
10695338,eq,uw10695338
10695533,eq,uw10695533
10697688,eq,uw10697688
10697698,eq,uw10697698
10697788,eq,uw10697788
10697808,eq,uw10697808
10692873,eq,uw10692873
10693713,lf,uw10693713
10694393,lf,uw10694393
10694648,eq,uw10694648
10696488,eq,uw10696488
10696723,eq,uw10696723
10698913,eq,uw10698913
10699223,eq,uw10699223
10701388,eq,uw10701388
10701613,eq,uw10701613
10701643,eq,uw10701643
10701953,eq,uw10701953
10705603,eq,uw10705603
10695893,eq,uw10695893
10696273,eq,uw10696273
10697783,eq,uw10697783
10707733,eq,uw10707733
10696753,eq,uw10696753
10698518,px,uw10698518
10698853,eq,uw10698853
10702143,eq,uw10702143
10703483,eq,uw10703483
10705878,eq,uw10705878
10706063,eq,uw10706063
10699733,eq,uw10699733
10699763,eq,uw10699763
10700243,eq,uw10700243
10700973,eq,uw10700973
10703953,eq,uw10703953
10705438,eq,uw10705438
10705993,eq,uw10705993
10707743,eq,uw10707743
10707938,eq,uw10707938
10707953,eq,uw10707953
10708113,eq,uw10708113
10709848,eq,uw10709848
10709863,eq,uw10709863
10709998,eq,uw10709998
10701223,eq,uw10701223
10705318,eq,uw10705318
10717978,eq,uw10717978
10720253,eq,uw10720253
10713598,eq,uw10713598
10713978,eq,uw10713978
10719918,eq,uw10719918
10711443,eq,uw10711443
10716363,eq,uw10716363
10719628,eq,uw10719628
10720688,eq,uw10720688
10720883,eq,uw10720883
10710563,eq,uw10710563
10710903,eq,uw10710903
10712853,eq,uw10712853
10712958,eq,uw10712958
10714853,eq,uw10714853
10715333,eq,uw10715333
10716993,eq,uw10716993
10717058,eq,uw10717058
10718073,eq,uw10718073
10727903,eq,uw10727903
10728053,eq,uw10728053
10728473,eq,uw10728473
10710433,px,uw10710433
10711313,eq,uw10711313
10711353,eq,uw10711353
10711518,eq,uw10711518
10711538,eq,uw10711538
10711903,eq,uw10711903
10715693,eq,uw10715693
10710448,eq,uw10710448
10710853,eq,uw10710853
10711563,lf,uw10711563
10712468,lf,uw10712468
10712878,px,uw10712878
10713153,eq,uw10713153
10716233,eq,uw10716233
10717203,eq,uw10717203
10719148,eq,uw10719148
10722093,eq,uw10722093
10722513,eq,uw10722513
10727158,eq,uw10727158
10729563,eq,uw10729563
10729683,lf,uw10729683
10729713,lf,uw10729713
10731078,eq,uw10731078
10733193,eq,uw10733193
10734188,eq,uw10734188
10725083,lf,uw10725083
10725348,eq,uw10725348
10727563,eq,uw10727563
10736593,eq,uw10736593
10726428,eq,uw10726428
10729373,eq,uw10729373
10732233,px,uw10732233
10736828,eq,uw10736828
10722768,eq,uw10722768
10723753,eq,uw10723753
10725658,eq,uw10725658
10726333,eq,uw10726333
10726948,eq,uw10726948
10727073,eq,uw10727073
10727248,eq,uw10727248
10728248,eq,uw10728248
10730068,eq,uw10730068
10724648,eq,uw10724648
10728953,eq,uw10728953
10731953,eq,uw10731953
10731958,eq,uw10731958
10733388,eq,uw10733388
10733478,eq,uw10733478
10734058,eq,uw10734058
10737603,eq,uw10737603
10737798,eq,uw10737798
10738453,eq,uw10738453
10738483,eq,uw10738483
10738498,eq,uw10738498
10738563,eq,uw10738563
10738573,eq,uw10738573
10738583,eq,uw10738583
10738668,eq,uw10738668
10738798,eq,uw10738798
10739098,eq,uw10739098
10734128,eq,uw10734128
10734148,eq,uw10734148
10735873,eq,uw10735873
10738598,eq,uw10738598
10738823,eq,uw10738823
10739783,eq,uw10739783
10740838,eq,uw10740838
10740883,eq,uw10740883
10740898,eq,uw10740898
10735193,eq,uw10735193
10735278,eq,uw10735278
10737338,eq,uw10737338
10739038,eq,uw10739038
10739068,eq,uw10739068
10739088,eq,uw10739088
10739128,eq,uw10739128
10737028,eq,uw10737028
10738413,lf,uw10738413
10739698,eq,uw10739698
10739713,eq,uw10739713
10739723,eq,uw10739723
10739738,eq,uw10739738
10739963,eq,uw10739963
10740848,eq,uw10740848
10740878,eq,uw10740878
10740888,eq,uw10740888
10740903,eq,uw10740903
10742093,eq,uw10742093
10742098,eq,uw10742098
10742153,eq,uw10742153
10742303,eq,uw10742303
10744498,eq,uw10744498
10745568,eq,uw10745568
10749223,eq,uw10749223
10751293,eq,uw10751293
10752558,eq,uw10752558
10740893,eq,uw10740893
10745088,eq,uw10745088
10746103,eq,uw10746103
10748273,eq,uw10748273
10741173,eq,uw10741173
10744558,px,uw10744558
10745773,eq,uw10745773
10746433,eq,uw10746433
10748853,eq,uw10748853
10744743,eq,uw10744743
10744813,px,uw10744813
10748838,px,uw10748838
10751963,eq,uw10751963
10745988,eq,uw10745988
10749923,eq,uw10749923
10752748,eq,uw10752748
10753388,eq,uw10753388
10746343,eq,uw10746343
10750028,eq,uw10750028
10753453,eq,uw10753453
10759153,eq,uw10759153
10759193,eq,uw10759193
10760168,eq,uw10760168
10762408,eq,uw10762408
10756193,eq,uw10756193
10762058,eq,uw10762058
10754198,px,uw10754198
10757963,eq,uw10757963
10760988,eq,uw10760988
10761008,eq,uw10761008
10755533,eq,uw10755533
10756458,eq,uw10756458
10757568,lf,uw10757568
10757978,eq,uw10757978
10758843,eq,uw10758843
10759083,eq,uw10759083
10759983,eq,uw10759983
10762838,eq,uw10762838
10754808,eq,uw10754808
10761448,eq,uw10761448
10762728,eq,uw10762728
10755703,eq,uw10755703
10761683,eq,uw10761683
10763153,eq,uw10763153
10769948,eq,uw10769948
10769953,eq,uw10769953
10770588,eq,uw10770588
10780223,eq,uw10780223
10764228,eq,uw10764228
10765593,eq,uw10765593
10767303,eq,uw10767303
10772653,eq,uw10772653
10772738,eq,uw10772738
10779853,eq,uw10779853
10765608,eq,uw10765608
10765753,eq,uw10765753
10772768,lf,uw10772768
10773688,lf,uw10773688
10776743,lf,uw10776743
10765968,lf,uw10765968
10769513,lf,uw10769513
10771253,lf,uw10771253
10772278,eq,uw10772278
10773263,lf,uw10773263
10774443,lf,uw10774443
10775668,lf,uw10775668
10776873,lf,uw10776873
10777573,lf,uw10777573
10778393,eq,uw10778393
10778433,lf,uw10778433
10778993,lf,uw10778993
10765353,lf,uw10765353
10766078,lf,uw10766078
10766718,lf,uw10766718
10767633,lf,uw10767633
10767883,eq,uw10767883
10768748,lf,uw10768748
10770698,lf,uw10770698
10773908,eq,uw10773908
10775928,eq,uw10775928
10776168,eq,uw10776168
10776358,lf,uw10776358
10778033,eq,uw10778033
10779473,eq,uw10779473
10773498,eq,uw10773498
10773513,lf,uw10773513
10776578,eq,uw10776578
10778643,eq,uw10778643
10780353,eq,uw10780353
10780358,eq,uw10780358
10780698,eq,uw10780698
10780803,eq,uw10780803
10781488,eq,uw10781488
10782373,eq,uw10782373
10788803,eq,uw10788803
10794208,eq,uw10794208
10780898,eq,uw10780898
10787293,px,uw10787293
10782493,eq,uw10782493
10784958,eq,uw10784958
10787818,eq,uw10787818
10788048,px,uw10788048
10790328,eq,uw10790328
10792343,eq,uw10792343
10792378,eq,uw10792378
10792393,eq,uw10792393
10785723,eq,uw10785723
10783103,eq,uw10783103
10783518,eq,uw10783518
10787338,lf,uw10787338
10788428,eq,uw10788428
10790088,eq,uw10790088
10790548,eq,uw10790548
10795778,px,uw10795778
10792198,eq,uw10792198
10793968,px,uw10793968
10794108,eq,uw10794108
10794403,px,uw10794403
10796448,eq,uw10796448
10796668,eq,uw10796668
10796888,eq,uw10796888
10796898,eq,uw10796898
10798463,eq,uw10798463
10802038,eq,uw10802038
10803628,eq,uw10803628
10803988,eq,uw10803988
10804583,lf,uw10804583
10793683,lf,uw10793683
10795288,px,uw10795288
10796903,eq,uw10796903
10798538,eq,uw10798538
10800098,px,uw10800098
10796033,eq,uw10796033
10798558,eq,uw10798558
10799388,eq,uw10799388
10799398,px,uw10799398
10801128,eq,uw10801128
10801528,eq,uw10801528
10801573,px,uw10801573
10801943,px,uw10801943
10805103,eq,uw10805103
10806208,eq,uw10806208
10806433,eq,uw10806433
10806453,eq,uw10806453
10806463,eq,uw10806463
10806473,eq,uw10806473
10806478,eq,uw10806478
10806488,eq,uw10806488
10808243,px,uw10808243
10808903,eq,uw10808903
10809358,px,uw10809358
10810093,eq,uw10810093
10805453,eq,uw10805453
10806868,eq,uw10806868
10807968,px,uw10807968
10808523,eq,uw10808523
10809433,eq,uw10809433
10809888,eq,uw10809888
10809903,eq,uw10809903
10805038,eq,uw10805038
10805448,eq,uw10805448
10806063,eq,uw10806063
10806393,eq,uw10806393
10806408,eq,uw10806408
10807223,eq,uw10807223
10807373,eq,uw10807373
10808118,eq,uw10808118
10809158,eq,uw10809158
10810718,eq,uw10810718
10812653,eq,uw10812653
10813408,eq,uw10813408
10813978,eq,uw10813978
10815143,eq,uw10815143
10809973,lf,uw10809973
10811913,eq,uw10811913
10814593,eq,uw10814593
10816598,eq,uw10816598
10816693,eq,uw10816693
10821333,eq,uw10821333
10824303,eq,uw10824303
10824963,eq,uw10824963
10826408,eq,uw10826408
10815488,eq,uw10815488
10821268,eq,uw10821268
10826348,eq,uw10826348
10830363,eq,uw10830363
10812323,eq,uw10812323
10812388,eq,uw10812388
10825498,eq,uw10825498
10826288,eq,uw10826288
10827528,eq,uw10827528
10811048,eq,uw10811048
10817838,eq,uw10817838
10818908,px,uw10818908
10817968,eq,uw10817968
10819448,eq,uw10819448
10820043,eq,uw10820043
10819878,eq,uw10819878
10819933,eq,uw10819933
10821183,lf,uw10821183
10821438,lf,uw10821438
10821763,lf,uw10821763
10822453,eq,uw10822453
10828173,eq,uw10828173
10828513,eq,uw10828513
10828528,eq,uw10828528
10819118,eq,uw10819118
10819228,eq,uw10819228
10819243,eq,uw10819243
10819498,eq,uw10819498
10821213,eq,uw10821213
10823298,eq,uw10823298
10824703,eq,uw10824703
10830128,eq,uw10830128
10832478,eq,uw10832478
10832493,eq,uw10832493
10832803,eq,uw10832803
10833288,eq,uw10833288
10833438,eq,uw10833438
10828063,eq,uw10828063
10828073,eq,uw10828073
10830173,px,uw10830173
10831343,eq,uw10831343
10831558,eq,uw10831558
10830673,px,uw10830673
60390791,eq,uw60390791
60013403,eq,uw60013403
60405696,eq,uw60405696
60405701,eq,uw60405701
60405706,eq,uw60405706
60405736,eq,uw60405736
60405746,eq,uw60405746
60406116,eq,uw60406116
60406456,eq,uw60406456
60394657,eq,uw60394657
60394682,eq,uw60394682
60394672,eq,uw60394672
60394677,eq,uw60394677
60395227,eq,uw60395227
60395352,px,uw60395352
60395412,eq,uw60395412
60398652,eq,uw60398652
60398987,eq,uw60398987
60401667,px,uw60401667
60402032,eq,uw60402032
60403867,eq,uw60403867
60427451,px,uw60427451
60429241,px,uw60429241
60432081,eq,uw60432081
60432626,eq,uw60432626
60421392,eq,uw60421392
60423002,eq,uw60423002
60424422,eq,uw60424422
60425282,eq,uw60425282
60427182,eq,uw60427182
60443946,eq,uw60443946
60444741,eq,uw60444741
60444781,eq,uw60444781
60431962,px,uw60431962
60434112,eq,uw60434112
60434957,eq,uw60434957
60449046,px,uw60449046
60442342,px,uw60442342
60443222,px,uw60443222
60458266,px,uw60458266
60461881,eq,uw60461881
60451922,px,uw60451922
60463647,eq,uw60463647
60477691,eq,uw60477691
60480091,px,uw60480091
60474662,px,uw60474662
60489171,eq,uw60489171
60489286,eq,uw60489286
60489291,eq,uw60489291
60489456,eq,uw60489456
60489481,px,uw60489481
60493937,lf,uw60493937
60494821,eq,uw60494821
60490977,eq,uw60490977
60492222,eq,uw60492222
60493297,eq,uw60493297
60495962,eq,uw60495962
60503761,eq,uw60503761
60505046,eq,uw60505046
60507306,eq,uw60507306
60507351,eq,uw60507351
60512161,eq,uw60512161
60512396,eq,uw60512396
60512636,px,uw60512636
60513422,eq,uw60513422
60521332,eq,uw60521332
60530022,eq,uw60530022
60530672,px,uw60530672
60531702,eq,uw60531702
60533107,eq,uw60533107
60533161,eq,uw60533161
60540267,px,uw60540267
60546711,px,uw60546711
60551271,px,uw60551271
60552001,eq,uw60552001
60552846,eq,uw60552846
60556377,px,uw60556377
60561697,eq,uw60561697
60570851,eq,uw60570851
60032508,px,uw60032508
60032813,eq,uw60032813
60574667,eq,uw60574667
60575467,px,uw60575467
60580862,eq,uw60580862
60583866,eq,uw60583866
60590297,px,uw60590297
60591562,eq,uw60591562
60593167,px,uw60593167
60595961,px,uw60595961
60599257,eq,uw60599257
60610702,eq,uw60610702
60613552,px,uw60613552
60613742,px,uw60613742
60621302,eq,uw60621302
60623217,eq,uw60623217
60627261,eq,uw60627261
60648342,px,uw60648342
60662266,eq,uw60662266
60673032,eq,uw60673032
60680987,eq,uw60680987
60687496,eq,uw60687496
60689186,eq,uw60689186
60692912,px,uw60692912
60695817,px,uw60695817
60046613,eq,uw60046613
60705722,eq,uw60705722
60714771,eq,uw60714771
60714901,eq,uw60714901
60732691,eq,uw60732691
60738461,eq,uw60738461
60738701,px,uw60738701
60739576,eq,uw60739576
60742391,eq,uw60742391
60051708,eq,uw60051708
60758217,px,uw60758217
60774026,px,uw60774026
60778891,eq,uw60778891
60796466,px,uw60796466
60805386,eq,uw60805386
60812386,eq,uw60812386
60812286,px,uw60812286
60812786,eq,uw60812786
60812846,eq,uw60812846
60813331,px,uw60813331
60812097,px,uw60812097
60817242,eq,uw60817242
60824277,eq,uw60824277
60827247,px,uw60827247
60828042,eq,uw60828042
60064913,eq,uw60064913
60064908,eq,uw60064908
60828457,eq,uw60828457
60831957,eq,uw60831957
60838757,eq,uw60838757
60840157,eq,uw60840157
60843577,eq,uw60843577
60850497,eq,uw60850497
60851762,eq,uw60851762
60865751,px,uw60865751
60870916,px,uw60870916
60884716,px,uw60884716
60885041,px,uw60885041
60885336,eq,uw60885336
60890212,eq,uw60890212
60890342,px,uw60890342
60892982,eq,uw60892982
60894537,px,uw60894537
60094908,px,uw60094908
60911071,eq,uw60911071
60914841,eq,uw60914841
60917886,lf,uw60917886
60914762,eq,uw60914762
60939762,eq,uw60939762
60940902,eq,uw60940902
60941362,eq,uw60941362
60945732,eq,uw60945732
60950497,eq,uw60950497
60967761,eq,uw60967761
60968581,eq,uw60968581
60972091,px,uw60972091
60979956,eq,uw60979956
60981326,eq,uw60981326
60981361,eq,uw60981361
60981381,eq,uw60981381
60988741,eq,uw60988741
60990261,eq,uw60990261
60990266,eq,uw60990266
60993646,eq,uw60993646
60999321,eq,uw60999321
60999521,eq,uw60999521
60988572,eq,uw60988572
61005657,eq,uw61005657
61019581,eq,uw61019581
61021871,eq,uw61021871
61024442,px,uw61024442
61046076,px,uw61046076
61035442,lf,uw61035442
61036582,eq,uw61036582
61036927,eq,uw61036927
61037322,eq,uw61037322
61037352,eq,uw61037352
61038437,eq,uw61038437
61038472,eq,uw61038472
61040147,eq,uw61040147
61040262,eq,uw61040262
61040282,eq,uw61040282
61040817,eq,uw61040817
61041082,eq,uw61041082
61041272,eq,uw61041272
61043557,eq,uw61043557
61044117,eq,uw61044117
61044667,px,uw61044667
61046377,eq,uw61046377
61046607,px,uw61046607
61060636,px,uw61060636
61060676,eq,uw61060676
61049187,eq,uw61049187
61049682,eq,uw61049682
61067376,eq,uw61067376
61056387,px,uw61056387
61057012,eq,uw61057012
61057017,eq,uw61057017
61057547,px,uw61057547
61071321,px,uw61071321
61072331,eq,uw61072331
61072841,eq,uw61072841
61073636,px,uw61073636
61074971,eq,uw61074971
61076581,px,uw61076581
61065667,eq,uw61065667
61071097,eq,uw61071097
61071802,px,uw61071802
61086916,eq,uw61086916
61088761,eq,uw61088761
61089541,eq,uw61089541
61078497,eq,uw61078497
61080007,eq,uw61080007
61080367,eq,uw61080367
61098101,eq,uw61098101
61083737,px,uw61083737
61102466,px,uw61102466
61103906,eq,uw61103906
61092637,eq,uw61092637
61092962,eq,uw61092962
61093307,px,uw61093307
61093337,eq,uw61093337
61095782,px,uw61095782
61116556,eq,uw61116556
61117401,px,uw61117401
61104107,eq,uw61104107
61104417,eq,uw61104417
61105887,px,uw61105887
61106417,eq,uw61106417
61107117,px,uw61107117
61107802,eq,uw61107802
61127846,px,uw61127846
61111307,eq,uw61111307
61112807,eq,uw61112807
61112812,eq,uw61112812
61113227,eq,uw61113227
61133016,px,uw61133016
61133371,px,uw61133371
61117582,px,uw61117582
61119902,eq,uw61119902
61120457,eq,uw61120457
61136666,eq,uw61136666
61121632,px,uw61121632
61123087,eq,uw61123087
61139786,px,uw61139786
61140801,eq,uw61140801
61127207,eq,uw61127207
61127212,eq,uw61127212
61127827,eq,uw61127827
61127932,px,uw61127932
61128057,eq,uw61128057
61128502,lf,uw61128502
61128847,eq,uw61128847
61129187,px,uw61129187
61130437,px,uw61130437
61130607,eq,uw61130607
61149356,px,uw61149356
61134617,px,uw61134617
61135517,eq,uw61135517
61136102,eq,uw61136102
61136897,eq,uw61136897
61138827,lf,uw61138827
61138927,lf,uw61138927
61140542,px,uw61140542
61140572,lf,uw61140572
61141292,lf,uw61141292
61141477,lf,uw61141477
61141827,px,uw61141827
61142277,lf,uw61142277
61142292,eq,uw61142292
61142557,eq,uw61142557
61142982,px,uw61142982
61143422,eq,uw61143422
61143767,px,uw61143767
61144682,px,uw61144682
61145662,px,uw61145662
61165421,lf,uw61165421
60126313,eq,uw60126313
61165686,eq,uw61165686
60126508,eq,uw60126508
61168336,eq,uw61168336
61168561,eq,uw61168561
61168666,px,uw61168666
61169121,px,uw61169121
61169136,px,uw61169136
61169691,px,uw61169691
61169921,eq,uw61169921
61172136,px,uw61172136
61172696,px,uw61172696
61159047,eq,uw61159047
61177051,eq,uw61177051
61177056,eq,uw61177056
61177151,eq,uw61177151
61177226,px,uw61177226
61162497,eq,uw61162497
61164037,eq,uw61164037
60126908,eq,uw60126908
61164052,eq,uw61164052
61164662,px,uw61164662
61179946,px,uw61179946
61179966,px,uw61179966
61165812,px,uw61165812
61166207,eq,uw61166207
61167377,eq,uw61167377
61168132,px,uw61168132
61170682,px,uw61170682
61189756,px,uw61189756
61190696,px,uw61190696
61192601,px,uw61192601
61192986,eq,uw61192986
61193656,eq,uw61193656
61193836,eq,uw61193836
61180472,eq,uw61180472
61180947,px,uw61180947
61182382,px,uw61182382
61183177,px,uw61183177
61183192,eq,uw61183192
61183392,eq,uw61183392
61205071,eq,uw61205071
61205456,px,uw61205456
61205926,px,uw61205926
61206071,eq,uw61206071
61206116,eq,uw61206116
61215281,eq,uw61215281
61201472,eq,uw61201472
61201607,eq,uw61201607
61203567,eq,uw61203567
61204172,eq,uw61204172
61223461,eq,uw61223461
61225026,lf,uw61225026
61225226,eq,uw61225226
61214617,eq,uw61214617
61216367,eq,uw61216367
61217442,eq,uw61217442
61219877,eq,uw61219877
61220067,eq,uw61220067
61225867,eq,uw61225867
61228027,eq,uw61228027
61248406,eq,uw61248406
61270691,eq,uw61270691
61274886,eq,uw61274886
61275336,eq,uw61275336
61275716,eq,uw61275716
61290536,eq,uw61290536
61293761,eq,uw61293761
61294181,lf,uw61294181
61294471,lf,uw61294471
61276562,px,uw61276562
61276802,eq,uw61276802
61278762,lf,uw61278762
61279147,eq,uw61279147
61279177,eq,uw61279177
61280137,lf,uw61280137
60135818,lf,uw60135818
61280762,lf,uw61280762
61281737,px,uw61281737
61285282,eq,uw61285282
61289657,eq,uw61289657
61291247,eq,uw61291247
61291392,eq,uw61291392
61292127,eq,uw61292127
61313601,eq,uw61313601
61296072,eq,uw61296072
61302422,eq,uw61302422
61302977,eq,uw61302977
61336686,px,uw61336686
61314607,eq,uw61314607
61314677,eq,uw61314677
61314692,eq,uw61314692
61316817,eq,uw61316817
61317947,eq,uw61317947
61344291,eq,uw61344291
61322562,eq,uw61322562
61324427,eq,uw61324427
61324982,eq,uw61324982
61349116,eq,uw61349116
61327472,eq,uw61327472
61328742,eq,uw61328742
61331167,eq,uw61331167
61331402,eq,uw61331402
61360776,px,uw61360776
60139508,eq,uw60139508
61363606,eq,uw61363606
61344922,eq,uw61344922
61345147,eq,uw61345147
61367806,eq,uw61367806
61368141,px,uw61368141
61349012,eq,uw61349012
61370971,eq,uw61370971
61359522,eq,uw61359522
61389891,px,uw61389891
61380097,px,uw61380097
61398786,px,uw61398786
61387332,eq,uw61387332
61387342,eq,uw61387342
61389347,eq,uw61389347
61390637,eq,uw61390637
61404896,lf,uw61404896
61394977,eq,uw61394977
61399897,eq,uw61399897
61399922,eq,uw61399922
61401257,eq,uw61401257
61414686,eq,uw61414686
61408612,eq,uw61408612
61410997,lf,uw61410997
61413247,eq,uw61413247
61425616,eq,uw61425616
61427511,eq,uw61427511
61420892,eq,uw61420892
61425222,eq,uw61425222
61427907,eq,uw61427907
61436661,eq,uw61436661
61508656,eq,uw61508656
61510222,eq,uw61510222
61514731,eq,uw61514731
61515422,eq,uw61515422
61515512,eq,uw61515512
61518232,eq,uw61518232
61518302,eq,uw61518302
61526881,eq,uw61526881
61500398,lf,uw61500398
61528601,lf,uw61528601
61529802,eq,uw61529802
61529807,eq,uw61529807
61529832,eq,uw61529832
61530836,eq,uw61530836
61541011,eq,uw61541011
61541021,eq,uw61541021
61541216,eq,uw61541216
61551942,eq,uw61551942
61572162,eq,uw61572162
61573757,px,uw61573757
61574937,eq,uw61574937
61574942,eq,uw61574942
61574947,eq,uw61574947
61574977,eq,uw61574977
61575912,px,uw61575912
61576647,eq,uw61576647
61595587,eq,uw61595587
61595857,px,uw61595857
61596577,eq,uw61596577
61598497,eq,uw61598497
61609047,eq,uw61609047
61610467,eq,uw61610467
61610622,px,uw61610622
61610642,px,uw61610642
61623006,eq,uw61623006
61623791,eq,uw61623791
61613892,eq,uw61613892
61617462,px,uw61617462
61632956,px,uw61632956
61637576,eq,uw61637576
61638641,px,uw61638641
61633312,eq,uw61633312
61644786,eq,uw61644786
61644936,eq,uw61644936
61639552,px,uw61639552
61639737,eq,uw61639737
61653141,eq,uw61653141
61656046,eq,uw61656046
61656686,px,uw61656686
61647647,eq,uw61647647
61647862,eq,uw61647862
61660171,px,uw61660171
61660526,eq,uw61660526
61660551,eq,uw61660551
61661371,px,uw61661371
61662456,px,uw61662456
61664486,eq,uw61664486
61664581,eq,uw61664581
61656792,eq,uw61656792
61669026,eq,uw61669026
61658552,px,uw61658552
61663902,eq,uw61663902
61664047,px,uw61664047
61665182,px,uw61665182
61666657,px,uw61666657
61681771,eq,uw61681771
61682031,eq,uw61682031
61682971,eq,uw61682971
61685911,px,uw61685911
61686301,eq,uw61686301
61686306,px,uw61686306
61686821,eq,uw61686821
61680217,eq,uw61680217
61501233,lf,uw61501233
61683832,eq,uw61683832
61684702,eq,uw61684702
61696226,px,uw61696226
61689017,px,uw61689017
61700261,eq,uw61700261
61701226,px,uw61701226
61692597,eq,uw61692597
61693212,eq,uw61693212
61694267,px,uw61694267
61694552,eq,uw61694552
61694722,px,uw61694722
61704971,eq,uw61704971
61707206,eq,uw61707206
61707356,eq,uw61707356
61707391,eq,uw61707391
61717601,eq,uw61717601
61717906,eq,uw61717906
61721371,eq,uw61721371
61716437,eq,uw61716437
61716807,eq,uw61716807
61717102,eq,uw61717102
61717137,eq,uw61717137
61717187,eq,uw61717187
61717602,eq,uw61717602
61718042,eq,uw61718042
61718047,eq,uw61718047
61718752,eq,uw61718752
61729586,px,uw61729586
61729876,eq,uw61729876
61731666,eq,uw61731666
61738937,eq,uw61738937
61740107,px,uw61740107
61749386,eq,uw61749386
61743182,eq,uw61743182
61745172,eq,uw61745172
61754166,px,uw61754166
61501723,lf,uw61501723
61755951,eq,uw61755951
61751642,eq,uw61751642
61752267,eq,uw61752267
61752282,eq,uw61752282
61752502,eq,uw61752502
61762866,px,uw61762866
61765021,px,uw61765021
61766121,eq,uw61766121
61766966,lf,uw61766966
61760792,eq,uw61760792
61760802,eq,uw61760802
61761777,eq,uw61761777
61761782,eq,uw61761782
61761787,eq,uw61761787
61761802,eq,uw61761802
61761832,eq,uw61761832
61761837,eq,uw61761837
61761847,eq,uw61761847
61761977,eq,uw61761977
61762122,eq,uw61762122
61763112,eq,uw61763112
61763367,eq,uw61763367
61763392,eq,uw61763392
61763617,eq,uw61763617
61763637,eq,uw61763637
61763682,eq,uw61763682
61772286,eq,uw61772286
61772671,eq,uw61772671
61772691,eq,uw61772691
61772766,eq,uw61772766
61772771,eq,uw61772771
61772776,eq,uw61772776
61773026,eq,uw61773026
61773046,eq,uw61773046
61773061,eq,uw61773061
61773066,eq,uw61773066
61773071,eq,uw61773071
61773086,eq,uw61773086
61773161,eq,uw61773161
61764967,eq,uw61764967
61501778,eq,uw61501778
61775866,eq,uw61775866
61775891,eq,uw61775891
61501793,eq,uw61501793
61776486,eq,uw61776486
61776881,px,uw61776881
61777551,lf,uw61777551
61777751,lf,uw61777751
61782166,eq,uw61782166
61782746,eq,uw61782746
61501833,lf,uw61501833
61776202,lf,uw61776202
61777922,px,uw61777922
61778057,eq,uw61778057
61778377,lf,uw61778377
61778567,eq,uw61778567
61778667,eq,uw61778667
61778697,eq,uw61778697
61778862,eq,uw61778862
61778942,eq,uw61778942
61779122,px,uw61779122
61779157,px,uw61779157
61789046,px,uw61789046
61789256,px,uw61789256
61781437,px,uw61781437
61782577,px,uw61782577
61791846,lf,uw61791846
61785317,lf,uw61785317
61786522,su,uw61786522
61795671,eq,uw61795671
61787597,px,uw61787597
61787627,eq,uw61787627
61788642,su,uw61788642
61789482,su,uw61789482
61798331,eq,uw61798331
61798666,su,uw61798666
61790342,px,uw61790342
61790442,px,uw61790442
61790602,su,uw61790602
61790632,eq,uw61790632
61790902,px,uw61790902
61800106,su,uw61800106
61801236,su,uw61801236
61801916,eq,uw61801916
61802006,su,uw61802006
61802221,eq,uw61802221
61802866,px,uw61802866
61802931,su,uw61802931
61803926,px,uw61803926
61800147,eq,uw61800147
61803082,px,uw61803082
61812446,px,uw61812446
61803772,eq,uw61803772
61814491,px,uw61814491
61815516,px,uw61815516
61816026,px,uw61816026
61817736,px,uw61817736
61818676,px,uw61818676
61819136,eq,uw61819136
61820021,px,uw61820021
61820391,eq,uw61820391
61820746,lf,uw61820746
61821001,px,uw61821001
61821351,px,uw61821351
61821736,eq,uw61821736
61822386,eq,uw61822386
61822721,lf,uw61822721
61822801,px,uw61822801
61815082,px,uw61815082
61815177,px,uw61815177
61815962,px,uw61815962
61815967,px,uw61815967
61817402,px,uw61817402
61827001,eq,uw61827001
61827036,px,uw61827036
61820782,px,uw61820782
61830811,px,uw61830811
61822662,px,uw61822662
61824032,eq,uw61824032
61833061,px,uw61833061
61834661,px,uw61834661
61835326,px,uw61835326
61836191,px,uw61836191
61836421,px,uw61836421
61836476,px,uw61836476
61828047,px,uw61828047
61828912,eq,uw61828912
61832337,px,uw61832337
61841506,px,uw61841506
61842171,px,uw61842171
61835887,px,uw61835887
61836242,px,uw61836242
61837612,px,uw61837612
61837932,px,uw61837932
61840062,px,uw61840062
61842547,px,uw61842547
61851956,eq,uw61851956
61852311,px,uw61852311
61844292,lf,uw61844292
61847017,px,uw61847017
61848577,lf,uw61848577
61849792,px,uw61849792
61849882,lf,uw61849882
61851112,eq,uw61851112
61851207,lf,uw61851207
61851512,eq,uw61851512
61852817,lf,uw61852817
61852842,px,uw61852842
61853047,eq,uw61853047
61862176,lf,uw61862176
61862496,px,uw61862496
61862886,eq,uw61862886
61863086,eq,uw61863086
61863091,lf,uw61863091
61855012,eq,uw61855012
61855042,eq,uw61855042
61855647,px,uw61855647
61856207,lf,uw61856207
61856217,eq,uw61856217
61856452,lf,uw61856452
61857022,px,uw61857022
61857212,px,uw61857212
61857467,px,uw61857467
61857632,lf,uw61857632
61866671,px,uw61866671
61866796,lf,uw61866796
61867011,px,uw61867011
61867051,lf,uw61867051
61867156,eq,uw61867156
61502348,eq,uw61502348
61867286,eq,uw61867286
61867296,lf,uw61867296
61867516,eq,uw61867516
61868286,eq,uw61868286
61868306,lf,uw61868306
61868426,eq,uw61868426
61859467,eq,uw61859467
61859472,eq,uw61859472
61859502,lf,uw61859502
61859577,lf,uw61859577
61859667,lf,uw61859667
61859687,lf,uw61859687
61859777,eq,uw61859777
61859842,lf,uw61859842
61860307,eq,uw61860307
61860362,lf,uw61860362
61860482,eq,uw61860482
61860777,lf,uw61860777
61860987,lf,uw61860987
61861017,lf,uw61861017
61861162,px,uw61861162
61861227,lf,uw61861227
61862097,eq,uw61862097
61862327,lf,uw61862327
61862352,px,uw61862352
61862602,lf,uw61862602
61863097,lf,uw61863097
61863562,px,uw61863562
61863582,px,uw61863582
61863737,lf,uw61863737
61873091,lf,uw61873091
61873111,px,uw61873111
61873236,lf,uw61873236
61873256,px,uw61873256
61873311,px,uw61873311
61864472,eq,uw61864472
61864532,px,uw61864532
61865167,lf,uw61865167
61865502,lf,uw61865502
61866072,px,uw61866072
61866107,px,uw61866107
61866342,px,uw61866342
61866492,lf,uw61866492
61866727,lf,uw61866727
61866942,lf,uw61866942
61876121,px,uw61876121
61876216,lf,uw61876216
61876681,lf,uw61876681
61867747,eq,uw61867747
61868262,px,uw61868262
61868337,px,uw61868337
61868542,lf,uw61868542
61869422,lf,uw61869422
61869727,lf,uw61869727
61879051,px,uw61879051
61879141,px,uw61879141
61879276,px,uw61879276
61879371,lf,uw61879371
61879811,lf,uw61879811
61880326,px,uw61880326
61880396,px,uw61880396
61880561,px,uw61880561
61881046,lf,uw61881046
61881081,eq,uw61881081
61881876,px,uw61881876
61882246,px,uw61882246
61874202,px,uw61874202
61874427,eq,uw61874427
61874612,eq,uw61874612
61874742,lf,uw61874742
61875027,eq,uw61875027
61884226,px,uw61884226
61884231,px,uw61884231
61875892,lf,uw61875892
61876177,eq,uw61876177
61876372,eq,uw61876372
61876392,lf,uw61876392
61877007,eq,uw61877007
61877022,eq,uw61877022
61877282,lf,uw61877282
61886521,eq,uw61886521
61877912,lf,uw61877912
61878372,px,uw61878372
61878937,px,uw61878937
61888446,px,uw61888446
61888711,lf,uw61888711
61889131,px,uw61889131
61889236,px,uw61889236
61502313,px,uw61502313
61890821,eq,uw61890821
61890891,px,uw61890891
61891146,px,uw61891146
61893681,px,uw61893681
61893846,px,uw61893846
61893896,eq,uw61893896
61886017,px,uw61886017
61886242,px,uw61886242
61896076,eq,uw61896076
61896246,eq,uw61896246
61897216,eq,uw61897216
61897786,eq,uw61897786
61897846,eq,uw61897846
61897886,eq,uw61897886
61897991,eq,uw61897991
61898081,px,uw61898081
61899086,eq,uw61899086
61899161,eq,uw61899161
61502338,eq,uw61502338
61899166,eq,uw61899166
61902031,px,uw61902031
61903566,px,uw61903566
61903571,px,uw61903571
61903846,eq,uw61903846
61903951,px,uw61903951
61904006,eq,uw61904006
61904271,px,uw61904271
61904601,px,uw61904601
61904951,px,uw61904951
61896732,px,uw61896732
61896782,px,uw61896782
61906701,eq,uw61906701
61906951,px,uw61906951
61907006,eq,uw61907006
61898227,eq,uw61898227
61899852,eq,uw61899852
61900402,eq,uw61900402
61900427,eq,uw61900427
61900707,eq,uw61900707
61900917,px,uw61900917
61901157,px,uw61901157
61901322,eq,uw61901322
61503243,eq,uw61503243
61911096,eq,uw61911096
61911196,eq,uw61911196
61911546,eq,uw61911546
61903507,eq,uw61903507
61904097,px,uw61904097
61904377,eq,uw61904377
61904707,px,uw61904707
61904767,eq,uw61904767
61905637,px,uw61905637
61906052,eq,uw61906052
61915501,eq,uw61915501
61916091,px,uw61916091
61916101,px,uw61916101
61916406,px,uw61916406
61916456,eq,uw61916456
61916791,eq,uw61916791
61917876,px,uw61917876
61918051,eq,uw61918051
61919416,px,uw61919416
61919426,px,uw61919426
61912347,px,uw61912347
61921986,eq,uw61921986
61923221,eq,uw61923221
61923336,px,uw61923336
61923341,px,uw61923341
61923911,px,uw61923911
61915302,eq,uw61915302
61915897,px,uw61915897
61916257,px,uw61916257
61916907,lf,uw61916907
61916917,lf,uw61916917
61917027,eq,uw61917027
61926801,eq,uw61926801
61926831,lf,uw61926831
61927191,lf,uw61927191
61918542,eq,uw61918542
61918547,eq,uw61918547
61918697,px,uw61918697
61918807,su,uw61918807
61918902,lf,uw61918902
61918922,px,uw61918922
61918997,eq,uw61918997
61919367,px,uw61919367
61919977,lf,uw61919977
61929966,lf,uw61929966
61930561,lf,uw61930561
61930856,su,uw61930856
61931676,eq,uw61931676
61932341,lf,uw61932341
61933001,lf,uw61933001
61935041,su,uw61935041
61935131,px,uw61935131
61927067,lf,uw61927067
61936556,lf,uw61936556
61936986,su,uw61936986
61937096,px,uw61937096
61937306,eq,uw61937306
61928807,lf,uw61928807
61938201,eq,uw61938201
61938266,lf,uw61938266
61938471,px,uw61938471
61938606,lf,uw61938606
61938841,eq,uw61938841
61938866,eq,uw61938866
61939256,lf,uw61939256
61939941,lf,uw61939941
61931777,px,uw61931777
61931867,lf,uw61931867
61931917,eq,uw61931917
61931997,eq,uw61931997
61932087,eq,uw61932087
61932267,eq,uw61932267
61932342,lf,uw61932342
61933037,lf,uw61933037
61933492,lf,uw61933492
61942516,eq,uw61942516
61942576,lf,uw61942576
61942861,lf,uw61942861
61943246,lf,uw61943246
61943281,eq,uw61943281
61943701,lf,uw61943701
61944311,lf,uw61944311
61944416,px,uw61944416
61944556,lf,uw61944556
61944751,px,uw61944751
61936237,lf,uw61936237
61937292,eq,uw61937292
61937302,lf,uw61937302
61937357,lf,uw61937357
61937557,eq,uw61937557
61937712,px,uw61937712
61937972,lf,uw61937972
61938077,eq,uw61938077
61938222,lf,uw61938222
61938237,eq,uw61938237
61938537,eq,uw61938537
61938557,eq,uw61938557
61938787,lf,uw61938787
61939222,lf,uw61939222
61939242,eq,uw61939242
61948641,eq,uw61948641
61940602,lf,uw61940602
61940612,px,uw61940612
61940977,lf,uw61940977
61941057,eq,uw61941057
61941392,lf,uw61941392
61941587,lf,uw61941587
61941657,eq,uw61941657
61941817,lf,uw61941817
61942152,su,uw61942152
61942202,eq,uw61942202
61942752,lf,uw61942752
61943037,lf,uw61943037
61943217,lf,uw61943217
61502833,eq,uw61502833
61943572,lf,uw61943572
61943947,px,uw61943947
61953621,lf,uw61953621
61954101,lf,uw61954101
61945642,lf,uw61945642
61946632,eq,uw61946632
61946772,px,uw61946772
61947442,lf,uw61947442
61947572,lf,uw61947572
61956746,lf,uw61956746
61957006,lf,uw61957006
61957101,lf,uw61957101
61957486,eq,uw61957486
61957606,eq,uw61957606
61958006,px,uw61958006
61958071,eq,uw61958071
61949892,lf,uw61949892
61960396,eq,uw61960396
61960561,lf,uw61960561
61960906,px,uw61960906
61961296,px,uw61961296
61961741,lf,uw61961741
61953862,lf,uw61953862
61962891,eq,uw61962891
61963166,lf,uw61963166
61964291,lf,uw61964291
61964706,lf,uw61964706
61964861,eq,uw61964861
61965106,lf,uw61965106
61965121,eq,uw61965121
61965641,lf,uw61965641
61965646,lf,uw61965646
61958037,px,uw61958037
61958247,px,uw61958247
61958472,lf,uw61958472
61959227,eq,uw61959227
61959357,eq,uw61959357
61959807,px,uw61959807
61959967,eq,uw61959967
61960237,lf,uw61960237
61960687,px,uw61960687
61961207,eq,uw61961207
61971021,lf,uw61971021
61971676,lf,uw61971676
61972211,px,uw61972211
61972266,eq,uw61972266
61972271,eq,uw61972271
61972281,lf,uw61972281
61972736,px,uw61972736
61973211,eq,uw61973211
61973331,eq,uw61973331
61973451,eq,uw61973451
61966522,lf,uw61966522
61976111,eq,uw61976111
61976136,eq,uw61976136
61976306,px,uw61976306
61976771,eq,uw61976771
61978286,px,uw61978286
61978296,eq,uw61978296
61978491,eq,uw61978491
61980231,lf,uw61980231
61980686,lf,uw61980686
61980716,eq,uw61980716
61981506,lf,uw61981506
61982181,px,uw61982181
61983056,eq,uw61983056
61983091,lf,uw61983091
61983886,px,uw61983886
61975327,eq,uw61975327
61984826,lf,uw61984826
61987246,lf,uw61987246
61980642,lf,uw61980642
61990451,lf,uw61990451
61991046,px,uw61991046
61991126,eq,uw61991126
61991611,px,uw61991611
61991951,eq,uw61991951
61991956,lf,uw61991956
61992776,px,uw61992776
61985207,lf,uw61985207
61503063,lf,uw61503063
61987742,px,uw61987742
61987907,lf,uw61987907
61988352,eq,uw61988352
61988392,eq,uw61988392
61988757,px,uw61988757
61988777,px,uw61988777
61997621,su,uw61997621
61997856,eq,uw61997856
61998876,px,uw61998876
61998956,px,uw61998956
61999706,su,uw61999706
62001191,eq,uw62001191
61993692,px,uw61993692
61994347,lf,uw61994347
61996302,lf,uw61996302
61996422,eq,uw61996422
61996427,eq,uw61996427
61996817,su,uw61996817
61998902,su,uw61998902
61999162,lf,uw61999162
62007721,px,uw62007721
62008611,lf,uw62008611
62008936,su,uw62008936
62009616,eq,uw62009616
62009721,eq,uw62009721
62010436,eq,uw62010436
62011461,eq,uw62011461
62004887,eq,uw62004887
62005052,su,uw62005052
62005492,lf,uw62005492
62006457,lf,uw62006457
62006687,lf,uw62006687
62007192,lf,uw62007192
62008052,lf,uw62008052
62008057,lf,uw62008057
62008062,eq,uw62008062
62008072,eq,uw62008072
62016611,px,uw62016611
62016661,lf,uw62016661
62017076,lf,uw62017076
62017166,lf,uw62017166
62017411,lf,uw62017411
62017631,eq,uw62017631
62017671,eq,uw62017671
62017696,eq,uw62017696
62017961,lf,uw62017961
62018016,eq,uw62018016
62018061,lf,uw62018061
62018251,eq,uw62018251
62010547,lf,uw62010547
62011227,lf,uw62011227
62011702,lf,uw62011702
62019971,lf,uw62019971
62020311,lf,uw62020311
62020701,lf,uw62020701
62013312,lf,uw62013312
62013477,lf,uw62013477
62022091,lf,uw62022091
62022831,lf,uw62022831
62023161,px,uw62023161
62023401,px,uw62023401
62015567,lf,uw62015567
62016182,su,uw62016182
62016367,eq,uw62016367
62016442,lf,uw62016442
62016452,lf,uw62016452
62016707,su,uw62016707
62017242,lf,uw62017242
62017257,eq,uw62017257
62017402,px,uw62017402
62017652,lf,uw62017652
62017692,lf,uw62017692
62017937,eq,uw62017937
62026086,lf,uw62026086
62026276,px,uw62026276
62026491,su,uw62026491
62026781,lf,uw62026781
62027116,lf,uw62027116
62027401,lf,uw62027401
62027751,su,uw62027751
62020507,px,uw62020507
62020652,lf,uw62020652
62020722,eq,uw62020722
62020927,px,uw62020927
62020992,lf,uw62020992
62021127,lf,uw62021127
62021487,lf,uw62021487
62021677,lf,uw62021677
62021922,px,uw62021922
62021952,eq,uw62021952
61503193,eq,uw61503193
62021957,eq,uw62021957
62022022,lf,uw62022022
62022057,su,uw62022057
62030321,lf,uw62030321
62030431,lf,uw62030431
62030706,lf,uw62030706
62030796,su,uw62030796
62031001,px,uw62031001
62031041,lf,uw62031041
62031646,px,uw62031646
62031731,lf,uw62031731
62031996,su,uw62031996
62032596,lf,uw62032596
62032771,lf,uw62032771
62033026,px,uw62033026
62033166,eq,uw62033166
62033171,lf,uw62033171
62033921,eq,uw62033921
62033951,su,uw62033951
62034471,su,uw62034471
62034766,lf,uw62034766
62034956,lf,uw62034956
62035066,px,uw62035066
62035141,px,uw62035141
62035161,su,uw62035161
62035331,eq,uw62035331
62027632,su,uw62027632
62028137,lf,uw62028137
62036681,lf,uw62036681
62036781,eq,uw62036781
62036811,lf,uw62036811
62037421,eq,uw62037421
62037451,eq,uw62037451
62038316,eq,uw62038316
62038436,px,uw62038436
62038496,px,uw62038496
61503223,eq,uw61503223
62039171,lf,uw62039171
62039691,px,uw62039691
62039841,lf,uw62039841
62039881,lf,uw62039881
62040276,su,uw62040276
62040401,lf,uw62040401
62041081,lf,uw62041081
62041276,px,uw62041276
62041616,su,uw62041616
62041881,lf,uw62041881
62042336,eq,uw62042336
62042451,lf,uw62042451
62042596,lf,uw62042596
62042776,lf,uw62042776
62043231,lf,uw62043231
62043341,px,uw62043341
62043501,eq,uw62043501
62043736,lf,uw62043736
62043866,px,uw62043866
62044106,eq,uw62044106
62044186,lf,uw62044186
62044236,px,uw62044236
62044371,lf,uw62044371
62044846,eq,uw62044846
62044871,su,uw62044871
62045106,eq,uw62045106
62045291,eq,uw62045291
62045406,su,uw62045406
62045446,eq,uw62045446
62037542,su,uw62037542
62047166,px,uw62047166
62047231,px,uw62047231
62047526,px,uw62047526
62048201,px,uw62048201
62048211,px,uw62048211
62048341,lf,uw62048341
62048931,lf,uw62048931
62049551,lf,uw62049551
62049821,lf,uw62049821
62050111,eq,uw62050111
62050116,lf,uw62050116
62042207,eq,uw62042207
62042352,lf,uw62042352
62043412,su,uw62043412
62043527,px,uw62043527
62043717,lf,uw62043717
62052801,px,uw62052801
62053036,px,uw62053036
62053286,su,uw62053286
62045207,su,uw62045207
62045242,eq,uw62045242
62053576,px,uw62053576
62053776,px,uw62053776
62053891,su,uw62053891
62054111,su,uw62054111
62054441,px,uw62054441
62054486,su,uw62054486
62054636,eq,uw62054636
62055021,px,uw62055021
62055146,px,uw62055146
62055581,su,uw62055581
62055756,su,uw62055756
62055951,px,uw62055951
62055956,su,uw62055956
62056111,su,uw62056111
62056421,px,uw62056421
62056731,su,uw62056731
62056946,px,uw62056946
62057241,su,uw62057241
62049332,px,uw62049332
62049362,su,uw62049362
62049537,su,uw62049537
62049677,px,uw62049677
62058006,px,uw62058006
62058396,eq,uw62058396
62058761,eq,uw62058761
62059336,su,uw62059336
62051272,su,uw62051272
62051897,px,uw62051897
62060631,su,uw62060631
62060736,eq,uw62060736
62061241,su,uw62061241
62061261,su,uw62061261
62061341,px,uw62061341
62063601,su,uw62063601
62063966,px,uw62063966
62065416,lf,uw62065416
62066576,su,uw62066576
62059042,px,uw62059042
62059087,su,uw62059087
61503588,su,uw61503588
62060057,su,uw62060057
62060082,px,uw62060082
62060157,eq,uw62060157
62060642,su,uw62060642
62060847,su,uw62060847
62061782,su,uw62061782
