evid,prefor,prefmag,etype,timestamp,lat,lon,depth,magnitude,magtype,nsta,nobs,uncertainty
10835733,1156248,899953,uk,1969-10-02 04:17:43-07,48.7998333,-121.6998333,18,2.5,d,0,0,
10857743,1183783,926373,eq,1973-11-11 11:01:59.98-08,48.6563333,-121.682,-1.214,1.8,d,4,4,0.12
10845458,1166308,909738,eq,1977-12-28 13:13:06.71-08,48.6928333,-121.8336667,-0.312,1.1,d,3,3,0.06
10849148,1169998,913398,eq,1979-03-10 21:35:26.4-08,48.7685,-121.7995,-0.828,1.5,d,5,5,0.11
10849673,1170523,913918,eq,1979-05-03 15:56:04.54-07,48.7838333,-121.784,-0.066,2.2,d,10,10,0.09
10850003,1170853,914243,eq,1979-06-18 14:16:00.56-07,48.7588333,-121.6743333,-0.298,2.3,d,8,8,0.09
10850658,1171508,914883,eq,1979-09-10 13:20:26.33-07,48.7608333,-121.8175,-0.42,1.7,d,5,5,0.08
10851178,1172028,915403,eq,1979-11-16 06:32:09.64-08,48.716,-121.655,3.094,1.4,d,3,3,0.08
10079893,356693,328958,eq,1980-06-17 05:24:45-07,48.9003333,-121.882,1.316,1.5,d,1,1,0.12
10088728,365533,335298,eq,1980-09-26 02:26:15.18-07,48.735,-121.7695,22.859,1.5,d,1,1,0.03
10088548,365353,335163,eq,1980-10-03 08:04:46.83-07,48.6378333,-121.6063333,14.168,1.3,d,3,3,0.11
10091478,368283,336978,eq,1980-10-16 13:57:29.29-07,48.9223333,-121.8855,-0.67,2.4,d,8,8,0.06
10095628,372433,339648,eq,1980-12-27 12:09:10.74-08,48.6678333,-121.5428333,9.204,0.6,d,2,2,0.13
10096928,1248918,993018,eq,1981-01-29 14:25:12.74-08,48.6823333,-121.7106667,16.924,0.63,d,3,3,0.066
10112323,389128,351363,eq,1981-02-24 11:10:44.32-08,48.7246667,-122.0361667,-0.836,1.5,d,0,0,0.12
10098183,374988,341493,px,1981-03-02 13:16:50.21-08,48.6103333,-121.7618333,13.984,0.9,d,2,2,0.11
10099248,376053,342298,eq,1981-03-04 12:53:13.15-08,48.6538333,-121.7248333,-0.794,2,d,1,1,0.07
10107608,384413,348373,eq,1981-03-24 06:14:42.31-08,48.7463333,-122.0271667,1.894,1.4,d,1,1,0.13
10102378,379183,344753,eq,1981-04-10 21:12:07.49-08,48.6316667,-121.947,-0.836,1.4,d,1,1,0.01
10106588,383393,347628,eq,1981-05-28 08:13:15.83-07,48.6345,-121.9448333,-0.774,1.5,d,1,1,0.07
10106613,383418,347648,eq,1981-05-28 09:07:20.77-07,48.639,-121.8981667,-0.804,1.8,d,2,2,0.08
10110263,387068,350103,eq,1981-06-11 23:20:58.85-07,48.6531667,-121.9331667,-0.784,1.8,d,1,1,0.09
10110308,387113,350118,eq,1981-06-12 12:00:39.68-07,48.6558333,-121.9311667,-0.804,1.9,d,1,1,0.06
10111343,388148,350778,eq,1981-06-17 12:24:40.13-07,48.6575,-121.9461667,-0.822,1.3,d,1,1,0.11
10111358,388163,350788,eq,1981-06-17 13:34:42.29-07,48.6636667,-121.9828333,-0.022,0.9,d,5,5,0.13
10128793,405698,361143,eq,1981-08-14 05:02:14.28-07,48.6351667,-121.9421667,10.728,1.9,d,1,1,0.06
10113158,389963,351878,eq,1981-09-02 18:05:53.1-07,48.66,-121.964,-0.698,1.3,d,1,1,0.06
10126378,403283,359928,eq,1982-02-09 04:49:43.09-08,48.8698333,-121.9355,-1.014,2.3,d,1,1,0.04
10163668,440593,377268,eq,1983-04-22 09:40:57.78-08,48.778,-121.9128333,-1.194,2,d,3,3,0.13
10160963,437888,376273,eq,1983-06-15 20:46:19.82-07,48.6166667,-121.8241667,-0.485,2,d,4,4,0.08
10154728,431653,373973,eq,1983-06-30 18:39:14.17-07,48.8038333,-121.595,-1.014,2.1,d,5,5,0.06
10168358,445283,379118,eq,1983-10-14 13:47:27.15-07,48.6393333,-121.8306667,-1.08,1.7,d,2,2,0.13
10176478,453403,383853,eq,1984-05-20 22:03:55.45-07,48.7393333,-121.9293333,-0.854,2.1,d,4,4,0.13
10176493,453418,383858,eq,1984-05-20 22:48:43.63-07,48.7498333,-121.9488333,-1.214,1.6,d,3,3,0.14
10177253,454178,384383,eq,1984-05-29 13:07:24.01-07,48.6198333,-121.9441667,2.431,2.2,d,4,4,0.12
10177408,454333,384488,eq,1984-05-29 15:14:19.41-07,48.6098333,-121.992,-0.949,1.6,d,3,3,0.1
10181323,458248,387268,eq,1984-11-05 20:44:47.52-08,48.61,-121.9565,11.921,1.7,d,2,2,0.15
10186958,463883,389883,eq,1985-04-12 05:15:29.13-08,48.6365,-121.9478333,16.359,1.3,d,4,4,0.07
10199108,476033,397313,lf,1985-11-09 16:53:22.1-08,48.7051667,-121.8306667,13.054,1.8,d,1,1,0.1
10200383,477308,398073,eq,1985-11-24 20:46:58.67-08,48.863,-121.5106667,0.257,2.7,d,13,13,0.08
10201428,478353,398673,eq,1986-02-04 21:55:01.27-08,48.715,-121.6858333,-0.855,1.9,d,3,3,0.11
10204348,481273,400468,eq,1986-04-18 02:08:17.34-08,48.839,-121.8678333,0.297,2.4,d,15,15,0.05
10213323,490263,405913,eq,1986-10-03 02:54:11.4-07,48.6881667,-121.9968333,-0.882,2.2,d,15,15,0.06
10214518,491458,406908,eq,1987-01-06 08:49:25.87-08,48.707,-121.9405,2.86,0.9,d,4,4,0.06
10222993,499938,414658,eq,1987-07-27 01:49:27.03-07,48.9246667,-122.0203333,0.09,1.7,d,5,5,0.07
10223903,500848,415473,lf,1987-09-13 17:24:56.16-07,48.7753333,-121.7995,25.323,1.8,d,1,1,0.12
10226678,503618,417998,eq,1988-02-01 14:36:05.06-08,48.6981667,-121.5135,0.413,0.6,d,3,3,0.09
10230653,507598,421758,eq,1988-03-25 09:07:00.36-08,48.9155,-121.9215,-0.888,2,d,7,7,0.07
10230673,507618,421778,eq,1988-03-25 09:28:53.39-08,48.907,-121.9275,0.222,1.5,d,4,4,0.08
10231548,508493,422593,eq,1988-04-29 15:16:44.75-07,48.7353333,-121.935,-1.01,1.3,d,4,4,0.08
10228978,505923,420168,eq,1988-05-01 12:20:07.91-07,48.8843333,-121.995,1.742,1.3,d,5,5,0.07
10231363,508308,422418,eq,1988-05-20 21:23:42.34-07,48.8883333,-121.955,1.87,1.5,d,4,4,0.07
10231628,508573,422673,eq,1988-05-23 15:08:15.57-07,48.7523333,-121.951,0.42,1.3,d,4,4,0.06
10231978,508923,423013,eq,1988-07-02 07:27:17.98-07,48.9098333,-121.9575,4.361,1.4,d,2,2,0.07
10234278,511223,425223,eq,1988-07-14 02:10:50.62-07,48.6108333,-122.0086667,-0.917,1.2,d,1,1,0.1
10236043,512988,426888,eq,1988-07-22 10:02:02.62-07,48.6358333,-122.0246667,17.691,1.3,d,3,3,0.07
10232068,509013,423103,eq,1988-08-02 10:44:48.98-07,48.7793333,-121.9635,5.52,1.6,d,4,4,0.07
10232568,509513,423593,eq,1988-08-03 20:49:38.13-07,48.8188333,-121.9633333,9.583,0.9,d,2,2,0.08
10232868,509813,423883,eq,1988-08-05 12:47:10.33-07,48.6831667,-121.608,5.823,1,d,2,2,0.09
10233933,510878,424908,eq,1988-08-10 09:52:29.92-07,48.7483333,-121.6665,11.731,0.5,d,2,2,0.07
10242483,1447953,1193603,lf,1989-03-18 18:02:37.51-08,48.809,-121.7598333,31.758,1.05,d,3,3,0.058
10243643,520588,434213,eq,1989-03-25 05:17:09.86-08,48.8955,-121.9915,6.673,1.3,d,2,2,0.09
10244703,1248903,993003,lf,1989-04-28 16:26:17.93-07,48.7636667,-121.7945,25.933,0.95,d,2,2,0.011
10248743,525688,439028,eq,1989-07-25 17:09:13.31-07,48.7121667,-121.6701667,1.844,1.3,d,2,2,0.1
10245578,522523,436048,px,1989-08-01 18:36:49.92-07,48.7108333,-121.656,3.333,1.8,d,2,2,0.07
10246703,1248908,993008,lf,1989-08-08 00:48:20.49-07,48.7668333,-121.7858333,20.228,0.9,d,2,2,0.007
10248863,525808,439138,px,1989-08-15 18:03:53.84-07,48.7296667,-121.9361667,-1.01,1.9,d,5,5,0.06
10252008,528953,441948,lf,1989-08-28 03:07:09.98-07,48.744,-121.8081667,18.458,2,d,4,4,0.07
10252288,529233,442218,lf,1989-08-29 03:55:49.69-07,48.755,-121.8091667,22.96,1.5,d,3,3,0.07
10245248,522193,435733,eq,1989-08-31 20:53:38.5-07,48.6733333,-121.7736667,12.323,0.7,d,1,1,0.05
10246163,523108,436573,eq,1989-09-06 19:12:22.51-07,48.6755,-121.77,12.503,1,d,2,2,0.06
10252098,529043,442033,eq,1989-12-29 02:54:44.48-08,48.6555,-121.96,2.91,1.4,d,4,4,0.08
10253713,530658,443558,eq,1990-04-03 04:37:26.63-07,48.6176667,-121.9668333,-0.852,1.5,d,1,1,0.11
10258268,535213,447783,eq,1990-04-14 02:45:29.38-07,48.7446667,-122.0245,-0.914,1.8,d,2,2,0.13
10262208,539153,451428,eq,1990-06-20 19:12:06.49-07,48.8595,-121.8963333,1.502,2.1,d,6,6,0.07
10265118,542063,454103,eq,1990-06-29 20:41:51.13-07,48.6106667,-121.962,-1,1.8,d,4,4,0.07
10261193,1248948,450468,lf,1990-07-08 08:40:22.81-07,48.7016667,-121.7726667,25.932,1.9,d,4,4,0.14
10262693,1248953,993053,lf,1990-07-15 08:10:43.619999-07,48.7171667,-121.8173333,17.062,0.84,d,4,4,0.133
10260703,537648,449993,eq,1990-08-03 05:19:54.9-07,48.8588333,-121.9236667,0.223,1.4,d,3,3,0.09
10263978,540923,453038,eq,1990-09-16 12:55:50.81-07,48.7288333,-121.9418333,-1.02,2.1,d,2,2,0.07
10264228,541173,453258,eq,1990-09-17 17:16:27.43-07,48.7225,-121.9353333,-1.062,2,d,3,3,0.04
10268273,545218,456878,eq,1990-11-22 06:45:13.8-08,48.6835,-121.9183333,-0.872,2.6,d,14,14,0.05
10278308,555253,465613,eq,1991-08-17 13:56:58.92-07,48.7318333,-121.935,-0.882,2.5,d,10,10,0.08
10282168,559113,469013,eq,1991-08-29 06:51:54.72-07,48.7421667,-121.6288333,-1.02,1.7,d,5,5,0.06
10285253,562198,471753,eq,1992-01-12 10:34:54.55-08,48.6801667,-121.5371667,-0.428,1.1,d,4,4,0.08
10285328,562273,471818,eq,1992-01-12 21:17:46.32-08,48.6848333,-121.5475,2.62,1.9,d,9,9,0.09
10285563,562508,472028,eq,1992-01-14 07:51:20.59-08,48.6845,-121.5323333,-0.538,1.6,d,10,10,0.08
10286903,563848,473278,eq,1992-01-18 19:00:33.19-08,48.6738333,-121.5533333,5.998,2.7,d,6,6,0.05
10286938,563883,473313,eq,1992-01-18 21:35:02.36-08,48.6688333,-121.5715,0.442,1.2,d,3,3,0.03
10289133,566078,475358,lf,1992-02-23 22:46:54.39-08,48.7555,-121.7746667,23.693,1,d,2,2,0.08
10285688,562633,472153,eq,1992-03-07 11:50:49.95-08,48.6375,-121.536,0.572,1,d,6,6,0.08
10289983,566928,476163,eq,1992-03-20 19:42:00.11-08,48.7495,-121.8128333,0.703,0.9,d,3,3,0.05
10290783,567728,476918,eq,1992-03-28 09:28:18.37-08,48.6843333,-121.6476667,9.801,0.5,d,2,2,0.03
10294463,1200403,943103,lf,1992-05-11 14:06:18.87-07,48.768,-121.7818333,25.84,0.9,d,3,3,0.108
10296238,573183,481888,eq,1992-06-17 17:17:30.35-07,48.6673333,-121.659,6.463,0.7,d,2,2,0.04
10299148,576093,484488,eq,1992-06-25 14:58:26.6-07,48.6326667,-121.8915,15.483,0.5,d,2,2,0.04
10291183,1248913,993013,lf,1992-07-02 12:40:37.07-07,48.6716667,-121.865,19.133,0.66,d,4,4,0.222
10300058,577003,485273,lf,1992-07-31 03:23:29.07-07,48.7396667,-121.795,15.103,1.8,d,2,2,0.12
10296328,573273,481973,eq,1992-09-13 13:57:33.77-07,48.6708333,-121.5623333,-1.02,1.3,d,4,4,0.1
10292948,569893,478893,eq,1992-10-06 20:12:51.27-07,48.8301667,-121.5886667,0.733,1.5,d,4,4,0.1
10304248,581563,489383,eq,1993-02-17 05:12:55.1-08,48.8265,-122.0323333,9.493,1.2,d,4,4,0.04
10305343,582658,490388,lf,1993-03-16 05:07:44.27-08,48.7048333,-121.8166667,21.763,1.4,d,4,4,0.09
10311478,588883,495833,eq,1993-05-30 23:59:06.29-07,48.8101667,-121.7921667,-0.807,1.4,d,2,2,0.1
10306618,583933,491598,eq,1993-06-01 09:42:25.91-07,48.8313333,-121.9531667,7.748,1,d,4,4,0.07
10307888,585208,492708,lf,1993-06-08 16:05:04.67-07,48.722,-121.8206667,17.683,1.2,d,3,3,0.07
10309273,586678,493953,eq,1993-06-17 22:53:30.32-07,48.6118333,-121.9661667,2.022,1.1,d,4,4,0.07
10309558,586963,494203,eq,1993-07-14 11:51:20.1-07,48.6121667,-121.9628333,0.45,2.4,d,7,7,0.06
10312133,589538,496403,eq,1993-08-16 02:46:23.19-07,48.7373333,-121.6368333,-0.872,2.8,d,34,34,0.03
10310233,587638,494773,eq,1993-09-03 04:38:55.77-07,48.6115,-121.9693333,2.653,0.7,d,3,3,0.05
10311663,589068,495988,eq,1993-09-08 15:09:17.67-07,48.6156667,-121.982,1.792,1,d,3,3,0.07
10315953,593358,499673,eq,1993-10-04 16:27:31.18-07,48.622,-121.9693333,1.112,1.2,d,5,5,0.05
10315973,593378,499693,eq,1993-10-04 16:33:01.45-07,48.6135,-121.963,1.37,1.1,d,4,4,0.06
10315993,593398,499713,eq,1993-10-04 16:54:59.36-07,48.6125,-121.9796667,2.983,0.5,d,4,4,0.06
10318043,595448,501318,eq,1993-10-08 03:19:54.31-07,48.8555,-122.0278333,1.387,1.6,d,8,8,0.09
10333218,610623,513713,eq,1993-10-16 16:34:31.11-07,48.6231667,-121.9645,2.893,0.3,d,4,4,0.06
10365733,643138,538668,lf,1995-01-24 05:23:35.23-08,48.7118333,-121.8046667,23.656,1,d,2,2,0.1
10372668,650088,543793,eq,1995-05-22 21:30:40.39-07,48.6391667,-122.013,3.396,1.4,d,2,2,0.04
10374318,651743,544848,eq,1995-07-12 06:47:46.53-07,48.6243333,-121.9743333,2.993,1.3,d,4,4,0.04
10382878,660303,550508,eq,1995-11-14 10:20:08.59-08,48.8508333,-121.904,2.419,1.1,d,3,3,0.05
10393313,670738,558288,eq,1996-02-19 14:44:01.77-08,48.6571667,-121.6776667,0.553,1,d,2,2,0.04
10390493,667918,555948,eq,1996-04-06 08:00:52.37-08,48.8348333,-121.5295,0.236,1.7,d,4,4,0.07
10401823,679248,564578,px,1996-06-27 13:43:15.77-07,48.6698333,-121.7975,24.964,1.1,d,3,3,0.12
10403798,681223,565883,eq,1996-09-13 14:55:28.22-07,48.8698333,-121.8991667,-1.086,1.3,d,2,2,0.05
10404688,682113,566513,eq,1996-11-01 22:33:16.91-08,48.7486667,-121.5773333,0.053,1.5,d,5,5,0.06
10415598,693023,574298,eq,1997-03-12 10:35:26.44-08,48.6265,-121.6053333,9.603,0.8,d,3,3,0.03
10416033,693458,574618,eq,1997-04-09 14:49:34.67-07,48.6295,-121.8755,15.573,1.1,d,3,3,0.06
10424003,701428,580463,eq,1997-07-12 10:16:23.61-07,48.8451667,-121.5663333,0.504,1.4,d,4,4,0.07
10424023,701448,580478,eq,1997-07-12 10:18:58.23-07,48.8413333,-121.5655,1.344,1.3,d,4,4,0.08
10424078,701503,580513,eq,1997-07-12 12:04:28.22-07,48.8521667,-121.5641667,1.367,1.7,d,5,5,0.07
10435148,712573,589203,lf,1998-03-13 12:19:40.64-08,48.7876667,-121.7598333,21.289,2.7,d,3,3,0.12
10437053,714478,590508,eq,1998-03-17 17:41:27.24-08,48.7375,-121.5088333,0.511,1,d,3,3,0.08
10442073,719498,594433,eq,1998-04-26 14:19:58.56-07,48.8071667,-121.9138333,-1.048,1.8,d,3,3,0.07
10442113,719538,594463,eq,1998-04-26 14:20:21.43-07,48.8291667,-121.911,-1.189,1.9,d,3,3,0.08
10442143,719568,594478,eq,1998-04-26 14:21:11.83-07,48.8305,-121.9195,-1.189,1.3,d,3,3,0.06
10470788,748218,614213,px,1999-02-14 16:21:59.05-08,48.7045,-122.0298333,9.222,0,d,0,0,0.14
10489408,766838,624983,eq,1999-11-26 18:31:29.4-08,48.9385,-121.9608333,5.354,0.9,d,2,2,0.04
10485903,763333,623133,eq,1999-12-11 16:44:16.21-08,48.6326667,-121.5405,4.069,0.9,d,3,3,0.06
10493763,771193,627648,eq,2000-02-15 14:52:29.09-08,48.8945,-121.9036667,-1.097,0,d,1,1,0.06
10497508,774938,629818,eq,2000-03-30 14:14:54.88-08,48.6176667,-121.6763333,0.333,0.8,d,4,4,0.04
10498478,775908,630448,lf,2000-05-23 03:33:51.47-07,48.7736667,-121.7951667,24.9,1.4,d,3,3,0.13
10520623,802823,647588,eq,2000-06-18 17:00:02.89-07,48.9043333,-121.9521667,1.22,1.4,d,5,5,0.04
10501263,778693,632043,eq,2000-07-06 15:32:47.1-07,48.6181667,-121.8935,1.583,1.1,d,3,3,0.02
10507413,784843,635293,eq,2000-07-19 04:41:26.38-07,48.9096667,-121.6083333,2.341,1.2,d,2,2,0.06
10512768,790198,638218,eq,2000-08-28 17:11:53.25-07,48.6118333,-121.5078333,0.492,1.9,d,6,6,0.05
10516553,793983,640528,eq,2000-11-16 04:29:29.68-08,48.7116667,-121.6566667,-1.01,1.3,d,5,5,0.06
10517018,794448,640813,lf,2000-11-18 09:47:18.08-08,48.7286667,-121.8028333,21.374,0.7,d,1,1,0.1
10518813,801013,646568,eq,2001-01-03 10:19:54.03-08,48.8945,-121.9213333,-0.831,1,d,3,3,0.09
10521413,1248958,993058,lf,2001-01-11 13:45:40.68-08,48.6841667,-121.7978333,-1.028,1.39,d,3,3,0.407
10554313,836548,665093,eq,2002-03-23 17:41:42.57-08,48.7071667,-121.5076667,5.129,1.2,d,2,2,0.05
10552478,834713,663998,eq,2002-05-07 22:50:15.48-07,48.614,-121.955,2.882,1.3,d,4,4,0.03
10554518,1248923,993023,lf,2002-05-14 08:27:08.079998-07,48.7445,-121.761,24.354,0.65,d,2,2,0.13
10554973,837208,665508,eq,2002-05-14 22:48:43.27-07,48.675,-122.0358333,4.214,0.9,d,2,2,0.03
10571568,853803,674343,eq,2002-08-20 09:53:11.35-07,48.636,-121.5126667,0.933,0.5,d,2,2,0.05
10562998,845233,669943,eq,2002-09-13 07:58:57.85-07,48.6125,-121.9648333,2.615,1.5,d,6,6,0.02
10563093,845328,669983,eq,2002-09-13 08:59:01.72-07,48.6126667,-121.9555,7.924,0.4,d,3,3,0.04
10568218,850453,672468,eq,2002-09-24 22:31:16.22-07,48.6083333,-121.9645,-0.949,2.4,d,17,17,0.03
10568243,850478,672483,eq,2002-09-24 22:36:11.45-07,48.6155,-121.952,-0.949,2.6,d,14,14,0.04
10568293,850528,672513,eq,2002-09-24 23:48:51.5-07,48.6101667,-121.9603333,9.614,0.4,d,2,2,0.04
10568303,850538,672523,eq,2002-09-25 00:22:34.95-07,48.6113333,-121.963,6.904,0.4,d,3,3,0.03
10572443,854678,674813,eq,2002-11-04 18:44:19.24-08,48.6975,-121.8728333,1.267,1.3,d,4,4,0.04
10573743,855978,675478,eq,2003-01-13 13:09:27.19-08,48.8255,-121.5076667,2.783,0.9,d,4,4,0.03
10584853,867093,682173,eq,2003-03-30 02:43:57.77-08,48.9018333,-121.9605,1.697,1,d,4,4,0.03
10589193,871438,684618,lf,2003-09-06 04:37:23.5-07,48.7425,-121.7693333,19.258,0.9,d,3,3,0.08
10613388,895643,697583,eq,2004-05-28 14:20:29.63-07,48.7668333,-121.7885,2.286,1.3,d,1,1,0.06
10609348,891603,695313,eq,2004-06-11 13:29:11.65-07,48.6315,-121.6558333,-1.074,2.8,d,11,11,0.05
10609393,891648,695333,eq,2004-06-11 13:34:37.61-07,48.6531667,-121.6213333,-0.027,1.1,d,3,3,0.03
10609398,891653,695338,eq,2004-06-11 13:36:42.86-07,48.6285,-121.6615,-0.076,0.5,d,3,3,0.04
10609403,891658,695343,eq,2004-06-11 13:37:23.75-07,48.625,-121.6883333,0.244,1.2,d,3,3,0.03
10609458,891713,695383,eq,2004-06-11 15:59:26.14-07,48.6678333,-121.599,0.273,1,d,3,3,0.04
10609508,891763,695408,eq,2004-06-11 18:24:57.48-07,48.629,-121.6913333,-0.438,1.8,d,5,5,0.06
10609543,891798,695433,eq,2004-06-11 21:02:24.98-07,48.6536667,-121.6036667,0.073,1.1,d,3,3,0.04
10610328,892583,695903,eq,2004-06-13 19:17:40.85-07,48.6411667,-121.6583333,0.324,0.5,d,3,3,0.03
10608853,891108,695013,lf,2004-08-08 06:29:53.95-07,48.7366667,-121.7311667,14.723,1.4,d,3,3,0.05
10609623,891878,695483,eq,2004-08-10 02:51:50.77-07,48.6896667,-121.9426667,2.493,0.4,d,3,3,0.05
10626713,2466068,2227423,lf,2005-02-08 17:07:41.25-08,48.7376667,-121.8028333,-0.71,1.34,d,2,2,0.535
10627123,2466073,2227428,lf,2005-02-09 04:13:01.5-08,48.7178333,-121.8398333,-0.94,1.15,d,3,3,0.366
10660283,2466108,2227473,lf,2005-07-07 14:17:21.389999-07,48.7823333,-121.7663333,23.93,1.49,l,4,4,0.411
10665323,2466103,1191853,lf,2005-07-14 21:39:30.82-07,48.7296667,-121.8101667,17.05,1.21,d,4,4,0.223
10671218,2466098,993043,lf,2005-08-02 01:02:38.85-07,48.813,-121.7485,34.02,0.89,d,3,3,0.096
10673223,955478,747528,eq,2005-08-04 03:29:49.85-07,48.724,-121.6596667,0.11,1.5,d,4,4,0.03
10674173,956428,748273,eq,2005-08-05 10:08:41.33-07,48.6296667,-121.968,-0.873,0.8,d,1,1,0.02
10676868,2466093,2227453,lf,2005-08-09 14:40:05.48-07,48.8055,-121.7423333,34.15,2.24,l,11,13,0.131
10676123,2466083,2227438,lf,2005-10-02 09:02:19.379997-07,48.7785,-121.8436667,-1.12,0.88,d,2,2,0.088
10676593,958848,750198,eq,2005-10-03 07:58:05.5-07,48.8503333,-122.02,11.944,0.4,d,2,2,0.03
10678898,961153,751998,eq,2005-12-01 05:30:25.13-08,48.7931667,-122.0211667,13.194,0.4,d,2,2,0.05
10678908,961163,752008,eq,2005-12-01 06:50:36.86-08,48.8521667,-121.8978333,13.397,0.2,d,2,2,0.04
10681138,963393,753733,eq,2005-12-07 11:06:00.34-08,48.796,-122.036,15.214,0.6,d,3,3,0.03
10683318,965573,755443,eq,2005-12-11 10:09:12.37-08,48.8455,-121.5738333,0.073,1.3,d,4,4,0.03
10685168,967423,756883,eq,2005-12-15 16:18:59.58-08,48.7566667,-121.9238333,4.813,0.7,d,2,2,0.03
10686773,969028,758113,eq,2006-03-03 04:02:14.53-08,48.748,-122.0108333,-1.066,1,d,2,2,0.04
10692508,974763,762298,eq,2006-03-25 13:08:53.79-08,48.6626667,-122.0403333,2.254,1.5,d,7,7,0.03
10693483,975738,763018,eq,2006-05-13 15:22:18.76-07,48.612,-121.8608333,1.993,0.8,d,4,4,0.03
10693328,975583,762913,eq,2006-06-12 11:46:00.85-07,48.697,-122.0153333,2.703,1.1,d,2,2,0.1
10693498,3114963,3036013,lf,2006-06-13 09:14:52.939999-07,48.763666666666666,-121.81916666666666,-1.03,1.37,d,3,3,0.0711110710212326
10695123,977378,764268,eq,2006-06-20 17:11:34.5-07,48.8453333,-121.7621667,0.01,1.3,d,1,1,0.04
10693713,975968,763188,lf,2006-07-02 13:29:27.65-07,48.7603333,-121.835,-0.829,1.7,d,1,1,0.04
10694393,976648,763688,lf,2006-07-05 11:07:13.13-07,48.7568333,-121.852,-0.943,1.8,d,3,3,0.06
10701643,983898,769193,eq,2006-07-21 17:57:56.08-07,48.9066667,-122.01,20.551,1.2,d,3,3,0.05
10696273,978528,765178,eq,2006-08-03 15:08:13.09-07,48.6126667,-122.0098333,1.453,0.9,d,2,2,0.04
10697783,980038,766253,eq,2006-08-06 18:16:56.45-07,48.619,-121.8523333,3.104,0.7,d,1,1,0.04
10712853,995753,778253,eq,2007-04-04 18:38:21.63-07,48.8905,-121.9753333,0.482,1.4,d,3,3,0.06
10711563,2466058,2227408,lf,2007-06-05 12:25:58.68-07,48.7325,-121.8563333,-0.98,1.49,l,4,4,0.135
10712468,995368,777968,lf,2007-06-09 16:19:00.64-07,48.7491667,-121.8475,19.323,1.6,d,3,3,0.14
10729683,1012598,790148,lf,2007-07-24 23:35:24.72-07,48.7615,-121.8206667,25.944,1,d,4,4,0.07
10729713,1200513,943308,lf,2007-07-24 23:35:39.52-07,48.79,-121.7823333,35.744,0.78,d,2,2,0.165
10731078,1013993,791068,eq,2007-07-27 04:36:27.5-07,48.6936667,-121.9241667,16.594,1.5,d,2,2,0.12
10725083,1007998,787078,lf,2007-08-12 13:05:29.96-07,48.7426667,-121.7655,30.054,1.9,d,5,5,0.1
10736828,1019743,795018,eq,2007-09-29 12:42:57.65-07,48.7525,-121.6235,0.74,1.6,d,3,3,0.05
10727248,1010163,788528,eq,2007-10-18 08:32:21.03-07,48.9073333,-121.9566667,11.029,-0.1,d,2,2,0.05
10728248,1011163,789148,eq,2007-10-24 00:55:47.43-07,48.8818333,-121.9813333,0.844,0.7,d,2,2,0.05
10737798,1020713,795643,eq,2007-12-25 05:12:28.29-08,48.8463333,-122.0046667,18.109,1.1,d,3,3,0.04
10738483,1021398,796098,eq,2007-12-28 08:42:30.87-08,48.8491667,-122.0338333,21.049,1.8,d,5,5,0.06
10738498,1021413,796108,eq,2007-12-28 08:52:52.34-08,48.8488333,-122.0496667,21.769,1.6,d,2,2,0.07
10738573,1021488,796168,eq,2007-12-28 20:45:44.52-08,48.8751667,-122.024,23.672,1.3,d,3,3,0.06
10738583,1021498,796178,eq,2007-12-28 22:41:35.14-08,48.8533333,-121.9746667,15.602,1.2,d,3,3,0.07
10738668,1021583,796223,eq,2007-12-29 12:26:45.96-08,48.8385,-121.9736667,12.765,1.3,d,2,2,0.06
10738798,1021713,796338,eq,2007-12-29 17:48:41.56-08,48.914,-121.8125,15.599,0.2,d,2,2,0.04
10738598,1021513,796188,eq,2008-01-22 01:37:08.76-08,48.714,-121.512,0.337,1.8,d,5,5,0.05
10738823,1021738,796358,eq,2008-01-22 17:05:01.29-08,48.6786667,-121.5818333,0.446,1.2,d,2,2,0.08
10740898,1023818,797763,eq,2008-01-27 04:44:45.38-08,48.8343333,-122.0408333,14.176,0.8,d,2,2,0.07
10739128,1022043,796583,eq,2008-02-21 02:25:08.17-08,48.6115,-121.9563333,1.041,0.9,d,2,2,0.07
10738413,1021328,796038,lf,2008-03-14 21:28:43.42-07,48.7128333,-121.8373333,21.431,1.8,d,2,2,0.06
10739963,1022878,797138,eq,2008-04-04 01:12:02.88-07,48.6866667,-121.5928333,7.199,0.5,d,2,2,0.04
10744743,1027673,800338,eq,2008-07-07 02:49:50.26-07,48.8933333,-121.9733333,0.519,1.2,d,1,1,0.06
10757568,1040498,808663,lf,2009-01-15 05:53:04.18-08,48.7071667,-121.797,28.051,1,d,2,2,0.06
10772768,1057068,821548,lf,2009-06-16 11:35:23.26-07,48.7555,-121.8158333,-0.586,1.7,d,3,3,0.07
10773688,1057988,822138,lf,2009-06-19 09:16:07.33-07,48.7471667,-121.8391667,-0.616,1.6,d,2,2,0.06
10776743,1061048,824163,lf,2009-06-25 14:22:41.29-07,48.753,-121.8535,-0.684,1.7,d,3,3,0.08
10765968,1048898,815223,lf,2009-07-02 07:00:10.89-07,48.7531667,-121.826,-0.616,1.9,d,4,4,0.06
10769513,1052443,817898,lf,2009-07-08 15:18:14.64-07,48.7826667,-121.8316667,-0.616,2,d,3,3,0.07
10771253,1055553,820368,lf,2009-07-12 03:44:08.77-07,48.7335,-121.8461667,-0.684,1.6,d,2,2,0.09
10772278,1056578,821183,eq,2009-07-13 21:31:31.59-07,48.9113333,-121.8088333,10.819,0.7,d,2,2,0.05
10773263,1057563,821903,lf,2009-07-15 19:41:50.96-07,48.7608333,-121.8668333,-0.604,1.8,d,2,2,0.05
10774443,1058743,822633,lf,2009-07-17 20:44:48.58-07,48.7571667,-121.8488333,-0.684,1.7,d,2,2,0.08
10775668,1059968,823433,lf,2009-07-22 10:04:18.98-07,48.7513333,-121.8383333,-0.839,1.6,d,3,3,0.05
10776873,1061178,824248,lf,2009-07-25 07:17:39.06-07,48.7573333,-121.8358333,-0.616,1.6,d,4,4,0.09
10777573,1061878,824648,lf,2009-07-27 05:49:52.18-07,48.7436667,-121.834,-0.596,1.8,d,2,2,0.12
10778433,1062738,825243,lf,2009-07-30 01:59:07.75-07,48.7706667,-121.8316667,-0.799,1.8,d,2,2,0.07
10778993,1063298,825633,lf,2009-07-31 12:01:54.18-07,48.7393333,-121.8375,-0.552,1.9,d,2,2,0.04
10765353,1048283,814728,lf,2009-08-02 09:30:26.84-07,48.7578333,-121.8468333,-0.664,2,d,3,3,0.09
10766078,1049008,815293,lf,2009-08-03 10:18:01.04-07,48.766,-121.839,-0.684,1.8,d,2,2,0.06
10766718,1049648,815833,lf,2009-08-04 16:55:29.19-07,48.7786667,-121.8276667,-0.616,1.7,d,1,1,0.11
10767633,1050563,816503,lf,2009-08-05 22:08:06.48-07,48.7471667,-121.827,-0.596,1.7,d,4,4,0.09
10768748,1051678,817313,lf,2009-08-07 23:19:31.11-07,48.7681667,-121.854,-0.908,2,d,1,1,0.05
10770698,1054998,819978,lf,2009-08-11 12:39:26.91-07,48.7698333,-121.8488333,-0.819,1.8,d,3,3,0.05
10776358,1060663,823918,lf,2009-08-21 08:25:26.2-07,48.7803333,-121.8181667,-0.616,1.8,d,4,4,0.08
10773498,1057798,2539778,eq,2009-09-01 16:41:53.47-07,48.748,-121.6656667,-0.616,1.76,l,10,12,0.184
10773513,1057813,822058,lf,2009-09-01 16:42:50.28-07,48.7721667,-121.8433333,-0.616,1.7,d,3,3,0.09
10784958,2647898,2548188,eq,2009-12-09 17:21:59.079998-08,48.7111667,-121.5205,5.84,1.47,l,7,9,0.31
10783103,1067408,2518528,eq,2010-02-03 14:54:21.49-08,48.8548333,-121.5515,2.611,1.74,l,9,10,0.161
10787338,1248933,993033,lf,2010-02-12 06:42:30.29-08,48.7595,-121.8475,21.923,1.41,d,6,6,0.301
10796448,1080798,2521458,eq,2010-04-14 01:24:06.22-07,48.6676667,-121.8553333,-0.159,0.86,l,3,4,0.109
10796668,1081078,2521538,eq,2010-04-14 14:25:06.15-07,48.6585,-121.8755,-0.522,1.15,l,4,6,0.065
10796888,1081298,2521648,eq,2010-04-15 03:26:59.88-07,48.6635,-121.898,-0.962,1.27,l,3,4,0.042
10804583,1089008,842243,lf,2010-06-30 01:45:02.48-07,48.7583333,-121.8376667,-0.904,1.6,d,4,4,0.03
10793683,1078033,834413,lf,2010-06-30 17:30:47.77-07,48.7451667,-121.8545,-0.749,1.7,d,2,2,0.07
10796033,1080383,2521298,eq,2010-08-04 05:06:05.9-07,48.8886667,-121.9135,-0.861,1.19,l,4,5,0.139
10801128,1085548,839713,eq,2010-08-21 05:06:25.54-07,48.8658333,-121.574,9.876,1.3,d,4,4,0.04
10806433,1092043,844633,eq,2010-09-06 07:55:18.13-07,48.8848333,-121.9448333,3.299,0.3,d,2,2,0.05
10806453,1092063,844653,eq,2010-09-06 11:36:10.12-07,48.8466667,-122.0256667,6.537,0.2,d,2,2,0.05
10806463,1092073,2526448,eq,2010-09-06 11:54:30.68-07,48.8775,-121.9808333,1.129,2.46,l,20,33,0.131
10806473,1092083,844668,eq,2010-09-06 11:55:15.81-07,48.8378333,-122.0453333,2.888,0.9,d,1,1,0.04
10806488,1092098,844683,eq,2010-09-06 11:58:36.21-07,48.9005,-121.9116667,1.251,0.7,d,2,2,0.05
10806868,1092503,2526638,eq,2010-10-11 17:26:17.83-07,48.811,-121.8588333,-0.829,1.46,l,6,8,0.175
10809433,1095118,2528018,eq,2010-10-28 12:53:52.1-07,48.9225,-122.0441667,1.229,1.57,l,7,8,0.075
10809973,2635643,2497688,lf,2010-12-31 23:40:46.459999-08,48.809,-121.7838333,-0.89,1.2,l,6,8,0.185
10818908,1104653,2502778,px,2011-05-31 12:44:14.55-07,48.7211667,-122.0136667,-1.021,1.35,l,9,12,0.203
10821183,1106928,854583,lf,2011-07-08 10:31:31.75-07,48.8466667,-121.8516667,-0.747,1.7,d,3,3,0.06
10821438,1107183,854728,lf,2011-07-09 03:03:09.33-07,48.7451667,-121.7385,1.583,1.7,d,3,3,0.08
10821763,2468353,2230103,lf,2011-07-10 09:26:11.169998-07,48.7311667,-121.7443333,-0.6,1.41,l,4,6,0.174
60403867,1155428,2431813,eq,2012-05-18 13:08:43.869999-07,48.878,-121.52,-1.04,1.57,l,6,8,0.189
60423002,1224793,2433608,eq,2012-07-06 21:30:06.27-07,48.8815,-122.0235,0.395,1.6,l,6,9,0.165
60431962,1231403,2434458,px,2012-07-28 08:24:18.5-07,48.6576667,-121.9346667,-0.894,1.09,l,5,7,0.083
60463647,1272883,2437473,eq,2012-10-12 14:57:13.379997-07,48.869,-122.006,14.989,1.55,l,5,7,0.127
60493937,2466048,2227393,lf,2012-12-06 01:21:57.169998-08,48.7685,-121.8533333,35.48,0.84,d,3,3,0.004
60494821,2466053,2441568,eq,2012-12-16 07:57:21.68-08,48.7633333,-121.9463333,5.45,2.18,l,7,13,0.117
60503761,1364748,1107193,eq,2013-01-31 15:23:15.709999-08,48.8346667,-122.0018333,18.084,0.13,d,1,1,0
60591562,1481083,2451478,eq,2013-09-15 02:48:59.32-07,48.6173333,-121.6653333,-0.834,1.6,l,17,22,0.183
60593167,1478153,1225098,px,2013-09-16 11:56:49.75-07,48.8385,-121.8715,-1.199,0.73,d,2,2,0.3
60621302,1498193,2453053,eq,2013-11-01 01:21:48.719999-07,48.6491667,-121.5586667,3.109,1.38,l,8,11,0.227
60046613,1620948,2457988,eq,2014-03-01 09:15:57.25-08,48.7475,-121.6636667,3.12,1.1,l,4,5,0.24
60714901,1629543,2459188,eq,2014-03-10 04:34:39.309999-07,48.75,-121.666,-0.948,1.44,l,7,8,0.227
60738461,1669948,1415188,eq,2014-04-08 05:11:21.629997-07,48.8403333,-121.9665,13.649,-0.15,d,1,1,0
60831957,1785903,2464273,eq,2014-08-01 00:28:03.399998-07,48.6161667,-121.9581667,-1.041,2.45,l,10,23,0.087
60838757,1795063,2464608,eq,2014-08-09 09:33:21.369999-07,48.7581667,-121.4956667,0.216,0.99,l,6,6,0.172
60840157,1797358,2464633,eq,2014-08-10 22:48:21.110001-07,48.6543333,-121.6138333,3.298,1.16,l,4,5,0.131
60865751,1825043,1568888,px,2014-08-29 11:07:51.93-07,48.8873333,-121.8918333,-0.844,1.1,d,2,2,0.036
60870916,1835343,1578988,px,2014-09-05 09:12:12.169998-07,48.7731667,-122.0235,-0.894,0.99,d,3,3,0.062
60892982,1910248,2468993,eq,2014-10-14 19:55:10.529999-07,48.6753333,-121.616,7.471,1.57,l,3,4,0.096
60917886,3084183,2985433,lf,2014-11-05 00:38:13.829998-08,48.85883333333334,-121.77516666666666,-1.1,1.48,l,8,10,0.07548374442234429
60914762,3086898,2989923,eq,2014-11-12 19:45:17.23-08,48.73866666666667,-121.69566666666667,3.08,1.1500000000000001,l,4,6,0.14784938550857962
60939762,1977043,2470388,eq,2014-12-18 05:58:23.889999-08,48.608,-121.9475,2.011,1.24,l,7,10,0.162
61005657,2135948,2476693,eq,2015-05-18 15:14:10.34-07,48.7053333,-121.5375,2.271,0.77,l,4,5,0.249
61035442,2728478,2630823,lf,2015-06-28 12:20:14.059998-07,48.7716667,-121.8438333,-0.86,1.32,l,4,7,0.105
61038437,2168383,2478078,eq,2015-07-07 08:06:54.349998-07,48.6095,-121.9955,-1.07,1.28,l,7,9,0.115
61038472,2168393,2478088,eq,2015-07-07 09:41:17.119999-07,48.6111667,-121.9841667,2.94,1.27,l,8,10,0.137
61040817,2169963,2478208,eq,2015-07-11 02:23:11.52-07,48.7928333,-121.5705,3.31,1.33,l,5,7,0.289
61041082,2170748,2478253,eq,2015-07-12 08:31:28.05-07,48.616,-121.999,3.74,1.55,l,8,12,0.106
61060676,2177643,1918688,eq,2015-07-31 14:29:26.25-07,48.9353333,-122.0455,13.91,0.67,d,2,2,0.415
61067376,2614853,2415508,eq,2015-08-14 22:50:28-07,48.8951667,-122.0283333,4.75,-0.16,d,1,1,0
61057012,2186868,2479403,eq,2015-08-22 05:55:43.82-07,48.7688333,-121.9805,1.78,0.93,l,4,6,0.096
61057017,2186863,2479408,eq,2015-08-22 05:59:06.59-07,48.7686667,-121.9811667,0.31,1.22,l,7,11,0.067
61086916,2538748,2482513,eq,2015-10-02 04:56:21.279999-07,48.6511667,-122.041,0.76,1.51,l,9,13,0.045
61103906,2263553,2485098,eq,2015-11-11 03:46:35.63-08,48.6988333,-121.5563333,13.67,1.25,l,3,4,0.27
61128502,2430658,2191303,lf,2016-04-19 23:18:37.13-07,48.732,-121.8028333,25.09,1.18,l,7,9,0.308
61128847,2432753,2488343,eq,2016-04-20 16:23:44.869999-07,48.6561667,-121.588,1.54,1.41,l,3,4,0.045
61136897,2457843,2218888,eq,2016-05-11 11:29:21.18-07,48.934,-122.0473333,7.67,0.77,d,1,1,0
61138827,2466798,2228368,lf,2016-05-14 12:12:14.889999-07,48.7663333,-121.8288333,-0.77,1.43,l,7,11,0.17
61138927,2466843,2228488,lf,2016-05-14 18:31:38.849999-07,48.7811667,-121.8451667,-0.9,1.3,l,7,10,0.08
61140572,2466763,2228318,lf,2016-05-17 16:55:09.279999-07,48.7448333,-121.841,-0.75,1.35,l,6,10,0.106
61141292,2468948,2230698,lf,2016-05-19 07:34:58.77-07,48.8048333,-121.8851667,-1.12,1.15,d,2,2,0.25
61141477,2468978,2230748,lf,2016-05-19 15:47:02.899998-07,48.7346667,-121.8486667,-0.88,0.89,l,3,5,0.047
61142277,2469268,2231033,lf,2016-05-21 21:17:45.6-07,48.739,-121.8528333,-0.77,1.2,l,6,8,0.061
61165421,2480143,2241888,lf,2016-06-09 01:54:05.369999-07,48.732,-121.8561667,-0.69,1.37,l,6,9,0.049
61177051,2507953,2270013,eq,2016-07-03 16:44:53.269999-07,48.724,-122.0125,3.34,0.66,d,4,4,0.26
61177056,2508043,2493608,eq,2016-07-03 16:46:27.58-07,48.7223333,-122.0171667,3.18,0.86,l,3,4,0.042
61177151,2508143,2493643,eq,2016-07-04 06:54:51.4-07,48.7248333,-122.0271667,3.23,0.88,l,4,6,0.102
61164037,2515048,2491893,eq,2016-07-09 06:22:15.48-07,48.727,-122.025,3.32,0.84,l,4,5,0.088
60126908,2513448,2485928,eq,2016-07-09 06:22:29.36-07,48.7231667,-122.0235,3.64,1.06,l,4,5,0.129
61164052,2515143,2491898,eq,2016-07-09 06:43:46.219999-07,48.733,-121.9993333,4.21,1.86,l,4,10,0.131
61166207,2516248,2492183,eq,2016-07-14 09:13:12.259998-07,48.7228333,-122.0251667,3.36,1.23,l,5,7,0.071
61183392,2565948,2367398,eq,2016-08-22 20:43:14.450001-07,48.6285,-121.9878333,2.93,0.6,d,3,3,0.003
61204172,2602443,2403488,eq,2016-10-10 09:28:47.199999-07,48.6676667,-121.7196667,3.9,0.25,d,2,2,0.12
61225026,2621243,2421188,lf,2016-10-23 22:33:46.809999-07,48.7143333,-121.8638333,25.19,1.47,l,7,11,0.2
61217442,2635553,2497613,eq,2016-11-15 03:45:50.83-08,48.6131667,-121.9731667,3.13,1.25,l,5,7,0.183
61274886,2711048,2612688,eq,2017-04-25 15:33:58.559999-07,48.7321667,-121.9846667,1.91,1.86,l,7,10,0.16
61275336,2711148,2612798,eq,2017-04-26 12:53:07.73-07,48.7328333,-121.9341667,0.2,1.82,l,8,12,0.094
61275716,2711788,2613533,eq,2017-04-27 18:23:39.95-07,48.7365,-121.9398333,0.62,1.58,l,7,11,0.149
61294181,2730988,2633388,lf,2017-06-19 10:32:23.119999-07,48.7456667,-121.8693333,1.02,1.34,l,3,5,0.045
61294471,2731853,2634288,lf,2017-06-20 02:00:11.539997-07,48.7411667,-121.8871667,-1.03,1.43,l,3,5,0.097
61276562,2734043,2636388,px,2017-06-23 10:37:22.049999-07,48.8153333,-121.8798333,-0.79,1.36,l,3,5,0.085
61278762,2739183,2641938,lf,2017-07-01 09:30:04.989998-07,48.7563333,-121.8558333,-0.96,1.37,l,5,7,0.108
61280137,3114943,3035963,lf,2017-07-07 06:19:59.149998-07,48.73016666666667,-121.83266666666667,23.92,1.24,l,5,7,0.03633344774326153
60135818,2739973,2642713,lf,2017-07-07 06:20:11.789997-07,48.6963333,-121.8723333,36.71,1.58,l,5,8,0.134
61280762,2740098,2642988,lf,2017-07-09 20:38:04.739998-07,48.8273333,-121.8155,-0.83,1.45,l,5,6,0.216
61292127,2754753,2658008,eq,2017-08-11 06:31:39.969999-07,48.6806667,-121.6843333,2.82,1.19,l,5,8,0.245
61302977,2762963,2667003,eq,2017-09-03 11:06:00.459999-07,48.8973333,-121.5705,11.07,1.19,l,3,4,0.14
61314607,2776043,2680488,eq,2017-10-04 13:45:03.899998-07,48.8415,-122.0291667,0.56,2.13,l,10,16,0.154
61314677,2776293,2680813,eq,2017-10-04 19:50:07.32-07,48.8458333,-122.0276667,0.9,1.65,l,8,13,0.156
61314692,2776263,2680728,eq,2017-10-04 20:28:09.969997-07,48.8363333,-122.0488333,3.53,1.1,l,5,5,0.132
61360776,2797853,2704098,px,2017-12-18 18:19:01.07-08,48.696,-121.9576667,-0.96,1.42,l,6,9,0.173
61344922,2818143,2724488,eq,2018-01-26 06:57:43.209999-08,48.9345,-121.8663333,4.26,0.58,d,2,2,0.474
61345147,2821643,2728088,eq,2018-01-27 15:41:17.32-08,48.6431667,-121.7476667,3.89,1.35,l,4,5,0.602
61404896,3114953,3035988,lf,2018-06-30 16:05:20.669998-07,48.75083333333333,-121.84833333333333,-1.04,1.48,l,3,4,0.060330954400815484
61414686,2978248,2882598,eq,2018-08-02 03:12:14.23-07,48.7675,-121.9678333,5.41,0.84,l,3,4,0.049
61410997,3114958,2901588,lf,2018-08-21 10:35:11.950001-07,48.76316666666666,-121.87583333333333,-0.33,-5,h,0,0,
61526881,3096638,3005983,eq,2019-06-07 02:34:56.469999-07,48.766,-121.54083333333334,-0.32,0.73,d,2,2,0.08525498720667768
61500398,3114948,3035973,lf,2019-06-11 04:49:40.75-07,48.788833333333336,-121.75533333333334,-0.86,1.23,l,3,5,0.1283281583545266
61528601,3114968,3036018,lf,2019-06-16 14:08:55.01-07,48.78483333333333,-121.917,-0.86,1.77,l,6,8,0.3774590958123998
61541011,3102953,3016543,eq,2019-08-02 21:27:59.84-07,48.81316666666667,-122.03883333333333,8.01,2.37,l,7,17,0.18996851580593122
61541216,3103053,3016718,eq,2019-08-03 23:42:03.889999-07,48.813,-122.04183333333333,7.98,1.94,l,12,18,0.13396188745077198
61596577,3123773,3049048,eq,2020-04-11 08:47:14.149998-07,48.844166666666666,-121.5305,0.06,1.5,d,9,9,0.39062387266528953
61623006,3126358,3052768,eq,2020-05-08 14:08:59.869999-07,48.708333333333336,-121.54583333333333,1.74,1.12,l,4,5,0.10981635174042492
61613892,3126918,3053588,eq,2020-05-13 07:15:00.77-07,48.75116666666667,-121.85316666666667,31.17,0.8,l,3,5,0.21827954710051134
61637576,3129513,3057298,eq,2020-06-06 06:25:51.99-07,48.90083333333333,-122.008,1.51,1,l,4,6,0.37731615181309197
61644786,3131623,3060513,eq,2020-06-19 21:49:18.469997-07,48.614,-121.97383333333333,7.55,1.69,l,5,10,0.15369223369449025
61644936,3130968,3059468,eq,2020-06-20 11:19:51.529999-07,48.61516666666667,-121.96316666666667,4.14,0.8200000000000001,l,4,5,0.3090940152830536
61653141,3133213,3062973,eq,2020-07-04 00:56:34.6-07,48.898,-121.96583333333334,0.55,2.1,l,8,18,0.15517328297388333
61663902,3138018,3070288,eq,2020-08-26 03:51:07.649998-07,48.666333333333334,-121.70833333333333,6.28,0.58,l,4,5,0.23617071817202256
61682031,3216603,3192163,eq,2020-09-11 00:46:40.25-07,48.77283333333333,-121.8195,5.31,1.07,l,7,10,0.18002592882967938
61682971,3139463,3072443,eq,2020-09-13 00:07:20.789997-07,48.653666666666666,-121.72716666666666,4.84,0.86,l,5,8,0.04415478614944873
61686821,3140833,3074543,eq,2020-09-23 08:02:13.689999-07,48.91133333333333,-121.97383333333333,3.71,0.28,d,3,3,0.3859618563730174
61501233,3143003,3077968,lf,2020-10-16 20:54:51.639999-07,48.74033333333333,-121.88733333333333,-0.96,1.2,l,2,4,0.07091056251110983
61684702,3143068,3078078,eq,2020-10-20 08:45:44.879999-07,48.6655,-121.72416666666666,4.06,1.19,l,2,4,0.03344958802083964
61693212,3146108,3082798,eq,2020-11-28 18:06:28.9-08,48.91166666666667,-121.97683333333333,0.7,1.6400000000000001,l,8,17,0.2830648834314684
61707391,3148118,3085988,eq,2020-12-29 10:54:52.949999-08,48.8725,-122.049,-0.03,2.1,l,6,14,0.1479773879667463
61754166,3164603,3112103,px,2021-07-15 12:32:38.07-07,48.659166666666664,-121.65383333333334,-0.61,1.6,l,3,5,0.11996924670539766
61501723,3165018,3112738,lf,2021-07-18 06:07:52.869999-07,48.718333333333334,-121.73116666666667,-0.8,1.45,l,8,14,0.19872316000124457
61766966,3167468,3116243,lf,2021-08-15 14:43:54.49-07,48.78816666666667,-121.72366666666667,1.9,1.57,l,4,8,0.2042518842506621
61761832,3169188,3118448,eq,2021-08-23 16:20:37.37-07,48.614666666666665,-121.95683333333334,1.88,0.99,l,2,4,0.03510168692252047
61761847,3168738,3117838,eq,2021-08-23 16:32:21.539997-07,48.6115,-121.96616666666667,3.56,0.74,l,2,4,0.042810403070694725
61763617,3169118,3118343,eq,2021-08-27 05:24:07.790001-07,48.611666666666665,-121.9615,2.3,1.55,l,3,8,0.02424265869600717
61773061,3170298,3120153,eq,2021-08-29 16:09:41.139999-07,48.60966666666667,-121.955,2.28,1.71,l,4,10,0.08232960698031722
61773066,3170313,3120183,eq,2021-08-29 16:13:00-07,48.61566666666667,-121.968,3.7,0.67,l,3,4,0.14952117875909485
61777551,3170343,3120203,lf,2021-09-09 00:38:24.82-07,48.772166666666664,-121.79633333333334,3.49,1.05,l,4,7,0.2858693142308919
61777751,3170408,3120293,lf,2021-09-09 10:01:30.8-07,48.782333333333334,-121.8,30.53,1.47,l,4,9,0.29753161165829534
61782746,3171328,3121663,eq,2021-09-20 13:30:47.17-07,48.6085,-121.97416666666666,6.26,0.9500000000000001,l,2,4,0.05951935437856354
61501833,3171913,3122478,lf,2021-09-26 04:37:42.9-07,48.75983333333333,-121.76533333333333,2.85,1.28,l,4,8,0.17386939339374152
61776202,3171918,3122488,lf,2021-09-26 09:22:12.889999-07,48.790166666666664,-121.75433333333334,15.24,1.41,l,4,9,0.11039632309404213
61778377,3172398,3123188,lf,2021-10-06 11:35:11.34-07,48.775666666666666,-121.73983333333334,3.69,1.47,l,3,7,0.06803049862155719
61791846,3174163,3125898,lf,2021-10-22 13:03:35.91-07,48.78666666666667,-121.8625,-0.95,0.46,d,5,5,0.399347173774633
61785317,3174608,3126638,lf,2021-10-31 10:42:19.579998-07,48.734833333333334,-121.7365,-0.66,1.62,l,3,5,0.17782439087547175
61786522,3175978,3128798,su,2021-11-05 13:18:26.849998-07,48.811,-121.895,-0.8,-5,h,0,0,
61788642,3177028,3130358,su,2021-11-14 19:06:02-08,48.77183333333333,-121.856,-0.98,-5,h,0,0,
61789482,3175983,3128813,su,2021-11-15 21:17:12.66-08,48.808166666666665,-121.83033333333333,-0.8,-5,h,0,0,
61798331,3176183,3129123,eq,2021-11-16 17:01:41.53-08,48.752833333333335,-121.62566666666666,2.79,1.08,d,5,5,0.24790599829738902
61798666,3176163,3129083,su,2021-11-18 12:35:06.329998-08,48.7715,-121.85833333333333,-0.8,-5,h,0,0,
61790602,3176378,3129433,su,2021-11-21 13:58:13.279999-08,48.76866666666667,-121.85083333333333,-0.8,-5,h,0,0,
61800106,3176543,3129638,su,2021-11-24 03:00:45.58-08,48.78666666666667,-121.88016666666667,-0.68,-5,h,0,0,
61801236,3176933,3130218,su,2021-11-29 13:30:48.799999-08,48.79383333333333,-121.87266666666666,-0.8,-5,h,0,0,
61802006,3177113,3130518,su,2021-12-02 08:09:10.82-08,48.803666666666665,-121.90366666666667,-0.8,-5,h,0,0,
61802931,3177603,3131248,su,2021-12-05 03:25:01.540001-08,48.75533333333333,-121.85083333333333,-0.8,-5,h,0,0,
61819136,3184903,3141873,eq,2022-02-28 08:57:16.399998-08,48.674,-121.50883333333333,3.4,0.38,d,4,4,0.112392161751246
61820746,3185958,3143498,lf,2022-03-07 23:55:25.68-08,48.79333333333334,-121.81816666666667,27.06,1.43,l,3,5,0.3517759911067784
61821736,3186328,3144113,eq,2022-03-10 23:18:23.959999-08,48.903,-121.98433333333334,-0.7,2.04,l,3,10,0.19101947711051104
61822386,3186258,3144013,eq,2022-03-14 12:49:42.009999-07,48.89516666666667,-121.9895,-0.67,0.84,d,4,4,0.26376543327532165
61822721,3186508,3144388,lf,2022-03-16 07:40:59.219997-07,48.75083333333333,-121.83566666666667,30.96,0.9500000000000001,d,7,7,0.17554066509890998
61824032,3190433,3150503,eq,2022-04-19 08:12:37.98-07,48.6115,-121.96783333333333,2.59,0.6900000000000001,d,7,7,0.21009089942418235
61834661,3191678,3152373,px,2022-04-27 11:45:10.860001-07,48.641333333333336,-121.729,-1.03,0.36,d,3,3,0.024243370211592508
61844292,3196408,3159623,lf,2022-06-18 01:40:26.98-07,48.7615,-121.8455,-0.71,1.35,l,3,9,0.19719770511653256
61848577,3201658,3167908,lf,2022-07-02 15:18:32.35-07,48.73383333333334,-121.85416666666667,-0.15,1.26,l,6,11,0.10444605433283471
61849882,3204043,3171793,lf,2022-07-05 16:29:31.58-07,48.76116666666667,-121.831,-0.71,1.53,l,6,18,0.0895104475187295
61851207,3208013,3177883,lf,2022-07-09 02:26:06.07-07,48.779333333333334,-121.7965,-0.71,1.52,l,6,18,0.1309165720600347
61852817,3214113,3187943,lf,2022-07-13 11:42:13.200001-07,48.797,-121.8435,-0.97,1.24,l,4,8,0.17032002566213222
61862176,3198748,3163223,lf,2022-07-15 04:46:31.62-07,48.782666666666664,-121.85066666666667,-0.71,1.36,l,5,15,0.10918144745853042
61863091,3198988,3163633,lf,2022-07-18 02:49:38.5-07,48.74183333333333,-121.82933333333334,0.09,1.58,l,7,23,0.0743537181192333
61856207,3199798,3164943,lf,2022-07-23 08:53:04.950001-07,48.77316666666667,-121.85966666666667,0.18,1.27,l,4,12,0.1161303609193507
61856452,3199458,3164408,lf,2022-07-24 10:22:38.03-07,48.77283333333333,-121.8485,-0.81,1.19,l,5,11,0.05524499032421737
61857632,3199948,3165118,lf,2022-07-28 03:14:20.509998-07,48.79216666666667,-121.87483333333333,-0.57,1.3900000000000001,l,5,15,0.111482507298025
61866796,3200078,3165358,lf,2022-07-29 00:36:44.119999-07,48.79066666666667,-121.86283333333333,-0.71,1.37,l,5,16,0.09620783819061207
61867051,3215178,3189718,lf,2022-07-29 17:39:55.629999-07,48.80166666666667,-121.87916666666666,-0.79,1.27,l,5,14,0.06749875024637442
61867296,3200243,3165593,lf,2022-07-30 10:39:34.46-07,48.75066666666667,-121.85216666666666,0.33,1.49,l,5,16,0.04643567517946268
61868306,3215268,3189883,lf,2022-08-01 12:49:49.15-07,48.799,-121.83133333333333,-0.92,1.53,l,4,11,0.1605896430379654
61859502,3200508,3166033,lf,2022-08-02 08:15:56.73-07,48.81633333333333,-121.8615,-0.63,1.33,l,5,13,0.1254032818851354
61859577,3201273,3167273,lf,2022-08-02 14:05:49.67-07,48.74633333333333,-121.874,-0.53,0.78,l,2,4,0.07939021290405718
61859667,3201228,3167208,lf,2022-08-03 00:03:28.08-07,48.769666666666666,-121.8335,-0.43,1.08,l,5,11,0.08495304445520846
61859687,3200593,3166193,lf,2022-08-03 03:15:42.24-07,48.8025,-121.85483333333333,-0.81,1.01,l,4,8,0.1093687236659101
61859842,3200763,3166448,lf,2022-08-03 14:34:45.219999-07,48.74333333333333,-121.88016666666667,-0.7,1.22,l,3,7,0.13244837927068986
61860362,3201238,3167228,lf,2022-08-05 07:03:53.51-07,48.769666666666666,-121.86,0.47,1.46,l,5,15,0.08460586442769191
61860482,3201193,3167163,eq,2022-08-05 17:22:49.369999-07,48.84733333333333,-121.8525,3.42,-0.32,d,2,2,0.07893812218802199
61860777,3201138,3167088,lf,2022-08-06 20:15:33.04-07,48.773,-121.85716666666667,-0.27,1.51,l,4,14,0.08350694391660973
61860987,3215668,3190488,lf,2022-08-07 18:52:16.639999-07,48.760333333333335,-121.85066666666667,-0.24,1.07,l,5,10,0.07865648427234784
61861017,3201233,3167218,lf,2022-08-08 02:35:22.649998-07,48.796,-121.85716666666667,-0.79,1.02,l,3,5,0.0035965943798785815
61861227,3201538,3167698,lf,2022-08-08 19:16:06.77-07,48.781,-121.86083333333333,-0.83,1.33,l,5,14,0.07546806769712855
61862097,3201723,3168043,eq,2022-08-10 21:01:25.399998-07,48.69133333333333,-121.83233333333334,26.51,1.07,l,4,7,0.09714952038661795
61862327,3201763,3168123,lf,2022-08-11 11:01:24.199997-07,48.76983333333333,-121.8485,-0.71,1.46,l,5,17,0.08319232360214257
61862602,3215768,3190628,lf,2022-08-12 04:37:40.91-07,48.771,-121.821,-0.7,1.34,l,9,19,0.10288855445647349
61863097,3201978,3168488,lf,2022-08-13 13:24:29.49-07,48.77733333333333,-121.8405,-0.67,1.4000000000000001,l,4,11,0.09645030703410118
61863737,3202258,3168913,lf,2022-08-16 02:16:07.259998-07,48.781,-121.87233333333333,-0.71,1.4000000000000001,l,6,18,0.11236229163804312
61873091,3202318,3168998,lf,2022-08-17 09:55:30.12-07,48.8145,-121.8875,-0.52,0.92,l,4,6,0.05120344633509055
61873236,3202383,3169088,lf,2022-08-18 07:24:23.689999-07,48.76283333333333,-121.84233333333333,-0.68,1.49,l,6,20,0.08317151313183069
61865167,3202788,3169743,lf,2022-08-22 07:49:53.209999-07,48.7955,-121.81583333333333,4.51,1.33,l,5,12,0.1956676290668089
61865502,3202958,3169998,lf,2022-08-23 12:00:13.419998-07,48.76,-121.83866666666667,-0.67,1.34,l,5,15,0.04465689621658475
61866492,3203488,3170878,lf,2022-08-26 23:42:22.25-07,48.762,-121.7755,3.65,1.25,l,8,19,0.08184951941950991
61866727,3203468,3170843,lf,2022-08-27 20:23:27.64-07,48.794666666666664,-121.80483333333333,3.22,1.44,l,6,17,0.15501947256400328
61866942,3203638,3171118,lf,2022-08-29 02:30:40.24-07,48.78483333333333,-121.80583333333334,-0.65,1.06,l,6,12,0.1297945133919729
61876216,3203743,3171278,lf,2022-08-29 20:47:53.33-07,48.781666666666666,-121.86383333333333,-0.57,1.23,l,4,8,0.046648516420774166
61876681,3203888,3171543,lf,2022-08-31 13:22:43.68-07,48.78966666666667,-121.86733333333333,-0.78,1.3900000000000001,l,4,13,0.05259845781694428
61868542,3217433,3193798,lf,2022-09-02 23:26:04.709999-07,48.814,-121.8495,-0.82,1.6,l,5,13,0.05264853653246249
61869422,3204818,3173078,lf,2022-09-07 07:56:40.82-07,48.7625,-121.8535,-0.25,1.3,l,4,12,0.08057430169705726
61869727,3204928,3173243,lf,2022-09-08 11:03:29.08-07,48.79233333333333,-121.80466666666666,0.12,1.47,l,4,10,0.1423461277366328
61879371,3205183,3173658,lf,2022-09-11 02:08:46.299999-07,48.783833333333334,-121.821,-0.7,1.19,l,6,16,0.09145123253673271
61879811,3205343,3173888,lf,2022-09-12 20:21:27.77-07,48.788666666666664,-121.832,4.33,1.61,l,4,14,0.10700404467054125
61881046,3206153,3175113,lf,2022-09-17 00:16:56.42-07,48.771,-121.72766666666666,3.49,1.6300000000000001,l,10,29,0.17794845584944774
61874742,3206863,3176193,lf,2022-09-25 21:35:20.969997-07,48.865,-121.793,2.07,1.44,l,6,10,0.13224888950612068
61875892,3209113,3179723,lf,2022-09-29 23:02:17.41-07,48.791666666666664,-121.8205,-0.71,1.4000000000000001,l,7,16,0.09006366039505509
61876392,3207528,3177223,lf,2022-10-02 07:14:57.16-07,48.76133333333333,-121.82883333333334,-0.71,1.17,l,5,11,0.07333239799114044
61877282,3208318,3178448,lf,2022-10-05 20:17:37.06-07,48.741166666666665,-121.81866666666667,4.57,1.49,l,7,22,0.10708041952086544
61877912,3208738,3179118,lf,2022-10-09 03:07:43.84-07,48.76983333333333,-121.766,3.32,1.28,l,6,14,0.07263798961860901
61888711,3209733,3180738,lf,2022-10-18 18:08:51.269998-07,48.7915,-121.84666666666666,-0.77,1.46,l,5,15,0.12327877632512951
61904006,3218713,3196088,eq,2023-01-26 15:47:01.309998-08,48.65533333333333,-121.624,7.21,1.02,l,2,4,0.2172889403009829
61906701,3284558,3299743,eq,2023-02-15 02:58:13.259998-08,48.921166666666664,-121.9885,-0.5,1.52,l,10,27,0.11463592670689082
61899852,3221218,3199963,eq,2023-02-25 14:23:07.579998-08,48.92016666666667,-121.98016666666666,-0.38,1.6300000000000001,l,9,25,0.12665918415645572
61915501,3223728,3204008,eq,2023-04-01 21:21:37.95-07,48.64416666666666,-121.93716666666667,2.1,1.6,l,8,21,0.1592669714685888
61916791,3224363,3205038,eq,2023-04-08 15:16:16.489998-07,48.80616666666667,-121.90066666666667,-0.72,1.28,l,5,16,0.08844201125490292
61915302,3244083,3236383,eq,2023-05-14 04:01:01.759998-07,48.78483333333333,-121.85283333333334,0.03,1.08,l,8,15,0.06772746305344923
61916907,3227643,3209998,lf,2023-05-19 02:14:10.209999-07,48.761833333333335,-121.8195,-0.82,1.43,l,6,17,0.08525930010758631
61916917,3227653,3210018,lf,2023-05-19 04:25:49.9-07,48.758833333333335,-121.83933333333333,-0.7,1.4000000000000001,l,6,19,0.11837851340616812
61926831,3227838,3210268,lf,2023-05-21 12:26:35.71-07,48.77733333333333,-121.80183333333333,10.65,1.52,l,6,17,0.11460372065130775
61927191,3246108,3239903,lf,2023-05-22 07:35:22.509998-07,48.76583333333333,-121.853,-0.71,1.21,l,5,12,0.08312689863600087
61918807,3244768,3237513,su,2023-05-24 05:17:39.94-07,48.77133333333333,-121.84916666666666,-0.8,0.76,l,4,8,0.03468777923279498
61918902,3228183,3210813,lf,2023-05-24 13:18:32.5-07,48.82516666666667,-121.84766666666667,-0.71,1.48,l,5,15,0.1257710588476042
61919977,3228528,3211298,lf,2023-05-28 13:26:32.57-07,48.762166666666666,-121.79733333333333,4.47,1.62,l,7,20,0.10971305109134799
61929966,3228783,3211678,lf,2023-06-01 20:28:11.209999-07,48.793,-121.79066666666667,13.25,1.51,l,6,20,0.12756265100972564
61930561,3229073,3212108,lf,2023-06-04 20:29:04.579998-07,48.75866666666667,-121.83066666666667,3.51,1.28,l,6,14,0.09670054988541499
61930856,3244793,3237558,su,2023-06-06 02:12:45.56-07,48.75483333333333,-121.83933333333333,-0.5,1.1,l,7,16,0.07441887276055803
61931676,3245223,3238283,eq,2023-06-08 20:50:26.779999-07,48.70483333333333,-121.8,29.6,1.18,l,5,12,0.09144738959113141
61932341,3230383,3214268,lf,2023-06-11 19:20:26.139999-07,48.751666666666665,-121.81783333333334,4.37,1.4000000000000001,l,5,16,0.12044812950194916
61933001,3229748,3213173,lf,2023-06-13 21:17:26.949997-07,48.79633333333334,-121.8485,-0.52,1.27,l,5,15,0.07419390203120124
61935041,3230813,3214753,su,2023-06-22 07:13:49.107186-07,48.8528,-121.677,-0.48389000000000004,-5,h,0,0,
61927067,3246208,3240103,lf,2023-06-24 22:20:58.5-07,48.790333333333336,-121.814,19.11,1.33,l,5,12,0.13290704107110007
61936556,3246238,3240163,lf,2023-06-26 18:52:32.51-07,48.785,-121.8255,20.66,1.3,l,4,12,0.15486500218122778
61936986,3231123,3215508,su,2023-06-28 10:55:52.746048-07,48.8528,-121.677,-1.516,-5,h,0,0,
61937306,3231233,3215673,eq,2023-06-29 09:13:59.380001-07,48.866,-121.91016666666667,3.78,1.46,l,6,17,0.07360257462027997
61928807,3231403,3215958,lf,2023-06-30 20:31:07.200001-07,48.742666666666665,-121.75383333333333,-0.6,1.3,l,4,13,0.14117918785163663
61938266,3231653,3216323,lf,2023-07-04 13:08:39.719999-07,48.77066666666666,-121.83666666666667,4.48,1.48,l,5,17,0.09300105161784633
61938606,3231783,3216528,lf,2023-07-06 03:41:22.52-07,48.7675,-121.79783333333333,3.48,1.28,l,7,19,0.07326343316852402
61938866,3231908,3216728,eq,2023-07-07 13:14:11.279999-07,48.6345,-122.00333333333333,10.85,1.04,l,3,8,0.12606820888551784
61939256,3231993,3216858,lf,2023-07-09 18:38:47.49-07,48.7655,-121.81483333333334,4.34,1.23,l,4,8,0.1864297242973988
61939941,3232108,3217083,lf,2023-07-12 04:46:16.579998-07,48.779333333333334,-121.8085,3.88,1.47,l,6,17,0.09975792638505454
61931867,3245773,3239293,lf,2023-07-14 20:18:42.24-07,48.7525,-121.83866666666667,4.54,1.3800000000000001,l,5,15,0.07490444989648593
61932342,3246023,3239723,lf,2023-07-17 07:06:43.539999-07,48.75666666666667,-121.82566666666666,7.08,1.3800000000000001,l,6,20,0.07979259476769329
61933037,3246063,3239788,lf,2023-07-18 15:23:57.639999-07,48.775666666666666,-121.81033333333333,-0.31,1.3900000000000001,l,6,15,0.13280822212973398
61933492,3232763,3218143,lf,2023-07-20 06:38:42.389999-07,48.75483333333333,-121.74683333333333,4.19,1.43,l,4,8,0.14459690361747146
61942576,3233218,3218818,lf,2023-07-21 03:05:50.799999-07,48.74766666666667,-121.83816666666667,4.34,1.1500000000000001,l,4,8,0.08166948664864893
61942861,3232918,3218408,lf,2023-07-22 01:23:21.52-07,48.758,-121.77666666666667,1.99,1.46,l,6,11,0.08119730501119782
61943246,3233093,3218623,lf,2023-07-24 00:53:24.369999-07,48.75116666666667,-121.822,4.48,1.31,l,6,16,0.06875535622426532
61943701,3233313,3218968,lf,2023-07-25 04:31:33.4-07,48.75966666666667,-121.80216666666666,15.14,1.4000000000000001,l,5,12,0.09151370828194783
61944311,3233583,3219413,lf,2023-07-27 05:20:41.799999-07,48.78366666666667,-121.8115,18.75,1.34,l,6,18,0.10134287086225169
61944556,3233898,3219903,lf,2023-07-27 20:28:00.139999-07,48.767,-121.833,4.35,1.42,l,4,12,0.10660860738482247
61936237,3233758,3219668,lf,2023-07-30 05:23:30.04-07,48.88316666666667,-121.89033333333333,3.72,1.3800000000000001,l,4,11,0.059249906409927444
61937302,3234433,3220853,lf,2023-08-02 05:05:11.439999-07,48.772333333333336,-121.80566666666667,11.84,1.17,l,6,15,0.10807542315508134
61937357,3234438,3220863,lf,2023-08-02 09:32:39.45-07,48.80833333333333,-121.82966666666667,23.44,1.4000000000000001,l,4,11,0.12453423399210273
61937972,3235758,3222973,lf,2023-08-04 08:36:44.26-07,48.775166666666664,-121.84,4.19,1.05,l,5,9,0.09823308461860236
61938077,3234793,3221448,eq,2023-08-04 14:55:14.119999-07,48.63183333333333,-121.94616666666667,0.86,0.98,l,6,13,0.2498038238964586
61938222,3285138,3300658,lf,2023-08-04 23:50:05.439999-07,48.7715,-121.81233333333333,-0.69,1.45,l,6,17,0.07584172487107255
61938237,3235458,3222488,eq,2023-08-05 01:13:57.039999-07,48.62683333333333,-121.95583333333333,1.01,1.07,l,6,14,0.141779857889755
61938537,3234743,3221358,eq,2023-08-05 22:16:42.48-07,48.62716666666667,-121.9505,1.25,2.86,l,33,97,0.16659470427184342
61938557,3235168,3222038,eq,2023-08-06 02:09:44-07,48.62733333333333,-121.95933333333333,1.5,0.92,l,6,14,0.14294037288976158
61938787,3236438,3224053,lf,2023-08-06 21:15:14.989998-07,48.773833333333336,-121.83316666666667,3.32,1.05,l,6,11,0.12389974474025567
61939222,3235753,3222963,lf,2023-08-07 12:34:17.959999-07,48.770833333333336,-121.82466666666667,-0.67,1.44,l,6,19,0.09722104847037727
61939242,3235763,3222983,eq,2023-08-07 12:55:36.73-07,48.868833333333335,-121.63383333333333,-1.18,2.0100000000000002,l,1,4,0.07219810864546883
61948641,3235363,3222348,eq,2023-08-09 09:32:12.32-07,48.622166666666665,-121.97866666666667,10.34,0.43,d,5,5,0.254575052253029
61940602,3236283,3223838,lf,2023-08-11 15:54:42.389999-07,48.78666666666667,-121.80466666666666,1.76,1.3,l,5,11,0.11581007737184312
61940977,3236133,3223623,lf,2023-08-13 05:17:43.219999-07,48.754666666666665,-121.83616666666667,-1,1.58,l,6,18,0.046036245322701785
61941392,3235963,3223323,lf,2023-08-15 06:32:46.99-07,48.761,-121.83566666666667,-1,1.33,l,5,13,0.09479947070132688
61941587,3236333,3223883,lf,2023-08-15 23:05:18.879997-07,48.769,-121.76966666666667,-0.96,1.54,l,6,21,0.16087916454701046
61941657,3236233,3223763,eq,2023-08-16 11:35:57.07-07,48.83883333333333,-121.674,-1.33,2.13,l,1,4,0.07794632918413158
61941817,3236278,3223828,lf,2023-08-17 02:27:49.799999-07,48.75983333333333,-121.84116666666667,-0.71,1.5,l,6,21,0.06228762085273143
61942152,3236538,3224233,su,2023-08-18 09:17:02.734421-07,48.7841,-121.9014,-1.596,-5,h,0,0,
61942752,3237008,3224983,lf,2023-08-19 21:32:38.679999-07,48.76583333333333,-121.8455,-0.99,1.29,l,5,13,0.14278016406478922
61943037,3244343,3236748,lf,2023-08-21 05:37:55.969999-07,48.798,-121.84116666666667,-0.75,1.5,l,4,14,0.13049700167156508
61943217,3244388,3236833,lf,2023-08-22 00:21:11.73-07,48.79783333333334,-121.79583333333333,-0.65,1.4000000000000001,l,3,8,0.11460901182202154
61943572,3237328,3225483,lf,2023-08-23 08:01:05.82-07,48.745333333333335,-121.84166666666667,-0.39,1.29,l,3,5,0.03448138718543059
61953621,3237353,3225513,lf,2023-08-26 17:57:15.34-07,48.800666666666665,-121.84466666666667,-1.01,1.23,l,4,10,0.09671099923938786
61954101,3244398,3236848,lf,2023-08-28 00:33:32.09-07,48.762,-121.82533333333333,-0.96,1.28,l,5,12,0.050003937461747916
61945642,3237698,3226108,lf,2023-08-29 03:01:28.33-07,48.758,-121.83716666666666,-0.65,1.05,l,5,10,0.12443359634354023
61947442,3238198,3226828,lf,2023-09-01 07:52:06.189999-07,48.74766666666667,-121.84566666666667,-0.16,1.32,l,5,16,0.07905837050495923
61947572,3238148,3226748,lf,2023-09-01 15:14:17.739998-07,48.715,-121.863,-0.48,0.22,d,3,3,0.01572426809148153
61956746,3238328,3227053,lf,2023-09-02 23:27:21.759998-07,48.766333333333336,-121.81133333333334,-0.99,1.23,l,7,18,0.10059167019440751
61957006,3239208,3228543,lf,2023-09-04 04:03:21.039997-07,48.775,-121.8555,2.29,0.77,l,5,10,0.14153534017904573
61957101,3243008,3234483,lf,2023-09-04 12:59:50.209999-07,48.74283333333333,-121.84733333333334,0.95,1.3900000000000001,l,3,9,0.07055682336100166
61957606,3238728,3227683,eq,2023-09-06 07:37:10.57-07,48.667,-122.02666666666667,5.67,1.25,l,3,9,0.08455897341638519
61958071,3239548,3229098,eq,2023-09-07 21:28:21.209999-07,48.82666666666667,-121.82666666666667,-0.8,1.34,l,4,10,0.1534887822832669
61949892,3239258,3228638,lf,2023-09-10 14:38:05.219997-07,48.772333333333336,-121.84516666666667,-1.01,1.35,l,5,18,0.08347708449331814
61960561,3240428,3230508,lf,2023-09-17 19:16:02.939999-07,48.781333333333336,-121.84933333333333,-0.67,1.44,l,5,17,0.12086866718394851
61961741,3241093,3231598,lf,2023-09-22 18:18:48.1-07,48.837666666666664,-121.85016666666667,-0.76,1.48,l,4,14,0.1362020680404713
61953862,3241803,3232683,lf,2023-09-27 23:37:01.34-07,48.75483333333333,-121.84916666666666,-0.69,1.47,l,5,18,0.07963100269826318
61963166,3242293,3233358,lf,2023-09-30 09:07:57.83-07,48.76166666666667,-121.83316666666667,-0.69,1.3,l,5,15,0.06491376375017244
61964291,3243243,3234908,lf,2023-10-05 12:48:35.849999-07,48.75683333333333,-121.84316666666666,-0.66,1.44,l,6,17,0.03923129154130511
61964706,3243428,3235278,lf,2023-10-07 07:28:45.08-07,48.7595,-121.837,-0.34,0.71,h,0,0,
61964861,3243468,3235358,eq,2023-10-07 19:41:44.289999-07,48.70516666666666,-121.87266666666666,31.02,1.01,l,4,10,0.12245065163266683
61965106,3243658,3235673,lf,2023-10-09 05:18:43.049999-07,48.768166666666666,-121.8345,-0.74,1.45,l,4,7,0.057622389651043715
61965641,3244288,3236678,lf,2023-10-12 14:05:47.799999-07,48.7595,-121.8425,0.13,1.18,l,3,7,0.08346010502450452
61965646,3244293,3236688,lf,2023-10-12 14:07:40.889999-07,48.77883333333333,-121.83666666666667,-0.29,1.09,l,3,7,0.07781332424075238
61958472,3245743,3239233,lf,2023-10-21 14:43:55.51-07,48.767,-121.83166666666666,-0.68,1.35,l,6,19,0.10861271263157923
61959227,3246458,3240553,eq,2023-10-25 15:55:49.299999-07,48.62383333333333,-122.01666666666667,-1.11,0.99,l,3,6,0.09986168814626217
61960237,3247053,3241498,lf,2023-10-29 05:26:28.87-07,48.782833333333336,-121.84266666666667,-0.68,1.47,l,5,16,0.10683262890723266
61971021,3248068,3243108,lf,2023-11-07 04:36:17.93-08,48.76583333333333,-121.833,-0.8,1.19,l,3,9,0.06069134222418149
61971676,3248353,3243583,lf,2023-11-10 19:49:57.299999-08,48.75,-121.829,-0.12,1.52,l,5,16,0.062849404060485
61972281,3248868,3244453,lf,2023-11-15 05:19:41.02-08,48.78333333333333,-121.88883333333334,-0.03,1.44,l,4,12,0.0792441051752456
61973211,3249123,3244893,eq,2023-11-20 02:46:12.91-08,48.615,-121.984,7.36,1.18,l,3,7,0.02321202691526225
61966522,3251293,3248448,lf,2023-12-06 19:29:42.53-08,48.7855,-121.854,1.05,1.62,l,6,12,0.14973577881923805
61980231,3253238,3251583,lf,2024-01-17 06:04:12.709999-08,48.7455,-121.8465,0.65,1.47,l,5,17,0.09038169407821894
61980686,3253758,3252443,lf,2024-01-22 00:39:09.879997-08,48.7515,-121.835,0.38,1.17,l,5,12,0.11414851566007078
61981506,3259158,3261273,lf,2024-01-30 14:43:01.57-08,48.754333333333335,-121.82883333333334,-0.66,1.32,l,5,14,0.061024592206610384
61983091,3256253,3256708,lf,2024-02-14 07:54:58.31-08,48.760666666666665,-121.83883333333333,-0.66,1.4000000000000001,l,5,14,0.056938092126357365
61984826,3257508,3258988,lf,2024-02-26 05:30:00.889999-08,48.756166666666665,-121.82983333333334,2.4,1.6400000000000001,l,5,16,0.08769424168237316
61987246,3258953,3260988,lf,2024-03-04 06:38:37.44-08,48.7665,-121.84966666666666,-0.67,1.44,l,5,17,0.08269178922862452
61980642,3266668,3271928,lf,2024-03-11 18:15:09.099998-07,48.7445,-121.84266666666667,0.13,1.57,l,5,16,0.06958930912154793
61990451,3267458,3272988,lf,2024-03-18 22:51:54.349998-07,48.756166666666665,-121.84883333333333,-0.65,1.3800000000000001,l,6,18,0.08307013264794838
61991956,3262818,3266078,lf,2024-03-23 22:07:55-07,48.788666666666664,-121.85616666666667,-0.66,1.68,l,7,14,0.10666732798237732
61985207,3268768,3274903,lf,2024-03-29 19:08:45.15-07,48.772,-121.81516666666667,-0.79,1.35,l,4,9,0.10760867493245829
61503063,3274023,3283223,lf,2024-04-04 02:08:42.03-07,48.76133333333333,-121.8435,-0.84,1.05,l,3,5,0.06253975897108899
61987907,3265353,3270023,lf,2024-04-11 02:38:37.08-07,48.754333333333335,-121.83216666666667,-0.69,1.6400000000000001,l,8,16,0.10790049156082238
61997621,3266338,3271428,su,2024-04-18 03:52:38.15-07,48.805,-121.80183333333333,-0.5173780000000001,-5,h,0,0,
61999706,3267828,3273518,su,2024-04-25 04:15:41.216019-07,48.8008,-121.9201,-1.5905799999999999,-5,h,0,0,
61994347,3268988,3275228,lf,2024-05-04 22:51:06.079998-07,48.76,-121.808,1.22,1.55,l,7,24,0.08397815116092788
61996302,3270383,3277463,lf,2024-05-10 01:17:18-07,48.8255,-121.87383333333334,16.45,1.27,l,5,13,0.1395169051131948
61996817,3270648,3277868,su,2024-05-11 13:22:09.27-07,48.75,-121.82466666666667,-0.58,1.5,l,4,12,0.10678374904567411
61998902,3271143,3278623,su,2024-05-17 18:04:26.809998-07,48.74783333333333,-121.84866666666667,-0.68,-5,h,0,0,
61999162,3271063,3278498,lf,2024-05-19 10:21:50.439999-07,48.73883333333333,-121.83466666666666,-0.82,1.09,l,4,9,0.07779279887361423
62008611,3271763,3279573,lf,2024-05-24 01:42:26.419998-07,48.80233333333334,-121.86066666666666,15.95,0.98,l,3,5,0.0116303462012195
62008936,3271823,3279653,su,2024-05-25 09:53:14.93-07,48.739,-121.83416666666666,-0.5,1.58,l,5,16,0.09445844457689889
62005052,3273303,3282068,su,2024-06-07 17:19:06.110001-07,48.762166666666666,-121.82633333333334,-0.68,-5,h,0,0,
62005492,3273378,3282183,lf,2024-06-09 03:22:33.93-07,48.74516666666667,-121.83016666666667,-0.53,1.21,l,4,9,0.07737641979936227
62006457,3276138,3286823,lf,2024-06-12 02:55:20.259998-07,48.752,-121.84416666666667,-0.67,1.46,l,6,20,0.06889519178444725
62006687,3274183,3283553,lf,2024-06-12 22:45:12.5-07,48.787333333333336,-121.84433333333334,1,0.98,l,4,8,0.07644715339339758
62007192,3273903,3283013,lf,2024-06-14 13:26:24.029999-07,48.75216666666667,-121.83866666666667,-0.81,1.46,l,4,12,0.03384481085107671
62008052,3275243,3285273,lf,2024-06-16 23:46:35.17-07,48.747,-121.84833333333333,0.68,1.09,l,5,10,0.10785805855391029
62008057,3275198,3285208,lf,2024-06-16 23:49:10.360001-07,48.756166666666665,-121.83733333333333,-0.62,1.45,l,6,15,0.050980628842066444
62008072,3274758,3284493,eq,2024-06-17 02:31:29.65-07,48.69616666666667,-121.96133333333333,6.95,0.76,l,3,5,0.10066629323647935
62016661,3275213,3285233,lf,2024-06-18 14:41:27.28-07,48.76433333333333,-121.83416666666666,-0.55,1.3800000000000001,l,4,10,0.1274996799830399
62017076,3275263,3285313,lf,2024-06-19 22:25:26.989998-07,48.79666666666667,-121.84183333333333,2.39,1.04,l,4,8,0.06695900937252086
62017166,3275188,3285188,lf,2024-06-20 09:19:48.23-07,48.795833333333334,-121.80616666666667,3.02,0.77,l,3,6,0.17249872098990776
62017411,3275223,3285248,lf,2024-06-21 06:12:38.509999-07,48.75366666666667,-121.829,1.39,1.3800000000000001,l,4,10,0.07582784720318247
62017631,3275053,3284968,eq,2024-06-21 21:02:09.73-07,48.660333333333334,-122.02566666666667,0.49,1.4000000000000001,l,5,14,0.18705037849402661
62017961,3275253,3285293,lf,2024-06-23 01:31:11.559998-07,48.76016666666666,-121.851,-0.69,0.98,l,4,7,0.023939213130859338
62018016,3275123,3285093,eq,2024-06-23 09:13:07.469997-07,48.658166666666666,-122.01816666666667,0.57,1.79,l,8,23,0.2778737228369781
62018061,3275268,3285323,lf,2024-06-23 12:15:19.119999-07,48.7985,-121.8095,-0.7,1.37,l,4,11,0.16067934406813178
62018251,3275298,3285373,eq,2024-06-24 02:37:16.189999-07,48.66116666666667,-122.02166666666666,0.52,1.8800000000000001,l,17,41,0.2978353314523654
62010547,3276453,3287333,lf,2024-06-25 08:23:42.78-07,48.849833333333336,-121.86016666666667,-0.83,1.33,l,3,6,0.1144236241065335
62011227,3276423,3287293,lf,2024-06-27 06:36:04.02-07,48.798833333333334,-121.83166666666666,-0.8,1.54,l,5,14,0.10619230159221849
62011702,3276513,3287428,lf,2024-06-28 15:37:44.469999-07,48.849333333333334,-121.90933333333334,1.79,1.28,l,2,6,0.03222045329388179
62019971,3276688,3287703,lf,2024-06-29 14:22:28.89-07,48.755833333333335,-121.89466666666667,7.6,1.01,l,2,4,0.14000250412852344
62020311,3276818,3287883,lf,2024-06-30 21:53:26.099998-07,48.75333333333333,-121.8185,-0.7,1.61,l,5,15,0.0762508632311687
62020701,3276993,3288133,lf,2024-07-01 23:31:48.969999-07,48.756166666666665,-121.82483333333333,-0.7,1.01,l,5,11,0.14052206260831812
62013312,3277473,3289018,lf,2024-07-03 23:11:22.84-07,48.72683333333333,-121.8145,-0.7,1.45,l,5,10,0.06962501648537611
62013477,3277568,3289138,lf,2024-07-04 20:02:53.789999-07,48.74666666666667,-121.85,-0.74,1.34,l,4,7,0.054135960096272084
62022091,3277648,3289253,lf,2024-07-06 08:15:48.18-07,48.739333333333335,-121.84233333333333,-0.46,1.49,l,5,9,0.042325295806817875
62022831,3277753,3289388,lf,2024-07-08 17:57:58.65-07,48.935,-121.992,5.49,1.6500000000000001,l,3,9,0.06225733518396659
62023161,3277888,3289593,px,2024-07-09 16:26:01.68-07,48.73883333333333,-121.85966666666667,-0.78,0.9,l,5,10,0.05172202169251061
62015567,3277923,3289663,lf,2024-07-10 16:11:05.599998-07,48.760666666666665,-121.84016666666666,-0.69,1.44,l,5,15,0.0374799399437824
62016182,3278593,3290773,su,2024-07-12 18:14:19.009998-07,48.73983333333334,-121.82483333333333,-0.8,1.58,l,5,9,0.08097830642404702
62016442,3278308,3290293,lf,2024-07-13 20:47:29.65-07,48.772166666666664,-121.85833333333333,2.44,1.1300000000000001,l,5,10,0.12207439625709238
62016452,3278318,3290308,lf,2024-07-13 22:27:19.119999-07,48.7605,-121.835,-0.66,1.27,l,5,14,0.08854670626337069
62016707,3278698,3290923,su,2024-07-15 02:15:41.56-07,48.75783333333333,-121.85066666666667,-0.68,-5,h,0,0,
62017242,3279133,3291573,lf,2024-07-16 16:17:12.57-07,48.73733333333333,-121.87833333333333,-0.96,1.3800000000000001,l,4,8,0.07804646797139303
62017257,3278953,3291293,eq,2024-07-16 17:50:04.549999-07,48.832166666666666,-121.5385,4.36,1.06,l,4,8,0.6284906578635917
62017652,3279153,3291603,lf,2024-07-17 18:48:14.439999-07,48.74433333333333,-121.83433333333333,-0.75,1.21,l,3,6,0.1538607871162243
62017692,3279163,3291618,lf,2024-07-18 01:10:27.54-07,48.754,-121.84566666666667,-0.69,1.6400000000000001,l,7,13,0.0777736212677338
62026086,3279393,3291913,lf,2024-07-19 03:44:53.199999-07,48.78933333333333,-121.82733333333333,-0.38,1.5,l,6,19,0.10042109875437477
62026491,3279663,3292298,su,2024-07-20 01:53:00.614507-07,48.8008,-121.9201,-1.55329,-5,h,0,0,
62026781,3279573,3292183,lf,2024-07-21 00:37:10.099998-07,48.74066666666667,-121.851,0.08,1.12,l,5,10,0.050072954170389705
62027116,3279683,3292318,lf,2024-07-21 15:28:41.23-07,48.7675,-121.84016666666666,-0.68,1.51,l,6,18,0.0944932535915346
62027401,3279988,3292753,lf,2024-07-22 14:35:39.73-07,48.859,-121.90216666666667,8.34,1.45,l,6,15,0.11885673134354358
62027751,3280283,3293248,su,2024-07-23 20:44:23.91-07,48.746833333333335,-121.84083333333334,-0.698894,-5,h,0,0,
62020652,3280613,3293823,lf,2024-07-25 17:26:06.290001-07,48.756166666666665,-121.8435,0.06,1.35,l,5,10,0.10071993908703947
62020992,3281103,3294503,lf,2024-07-26 13:17:51.619999-07,48.73833333333333,-121.85033333333334,-0.77,1.27,l,4,7,0.04759972743643637
62021127,3280773,3294048,lf,2024-07-27 01:18:43.43-07,48.752,-121.83583333333333,-0.65,1,l,5,10,0.04245613214773214
62021487,3281223,3294688,lf,2024-07-28 09:26:48.719999-07,48.74,-121.85433333333333,-0.8,1.3900000000000001,l,4,8,0.03672500288709768
62021677,3280983,3294343,lf,2024-07-29 00:06:33.97-07,48.74483333333333,-121.84316666666666,-0.08,1.37,l,5,13,0.08484885629778138
62022022,3281373,3294918,lf,2024-07-30 00:08:49.73-07,48.76583333333333,-121.81183333333334,-0.7,1.24,l,5,10,0.09282455118745625
62022057,3281718,3295418,su,2024-07-30 05:50:11.649245-07,48.8008,-121.9201,-1.5905799999999999,-5,h,0,0,
62030321,3281508,3295123,lf,2024-07-30 18:51:58.709999-07,48.73733333333333,-121.851,-0.8,1.27,l,5,9,0.06602289550627716
62030431,3281533,3295163,lf,2024-07-31 07:23:20-07,48.7465,-121.8495,-0.2,1.26,l,3,6,0.13492397834985947
62030706,3281623,3295293,lf,2024-08-01 00:05:51.719999-07,48.7655,-121.803,-0.7,1.41,l,6,12,0.11905845657061531
62030796,3281648,3295328,su,2024-08-01 02:40:07.429644-07,48.8008,-121.9201,-1.5905799999999999,-5,h,0,0,
62031041,3281753,3295473,lf,2024-08-01 17:37:35.639999-07,48.74183333333333,-121.8525,-0.8,-5,h,0,0,
62031731,3282048,3295978,lf,2024-08-02 23:51:23.82-07,48.790166666666664,-121.83516666666667,-0.81,0.85,l,5,9,0.10025219361630633
62032596,3282348,3296368,lf,2024-08-05 09:56:10.299999-07,48.746833333333335,-121.829,-0.81,1.56,l,5,9,0.053140697804881176
62032771,3284313,3299293,lf,2024-08-05 23:33:07.049999-07,48.7515,-121.83133333333333,-0.26,0.98,l,5,10,0.11263798092434396
62033171,3282703,3296873,lf,2024-08-06 20:04:24.189999-07,48.7545,-121.84466666666667,-0.7,1.53,l,6,12,0.06609965276253249
62033951,3283013,3297318,su,2024-08-09 00:27:16.34323-07,48.8008,-121.9201,-1.5905799999999999,-5,h,0,0,
62034471,3283873,3298583,su,2024-08-10 03:12:09.10696-07,48.8008,-121.9201,-0.7487600000000001,-5,h,0,0,
62034766,3284403,3299443,lf,2024-08-11 10:01:03.75-07,48.7745,-121.86416666666666,-0.66,1.55,l,6,14,0.07320540274633147
62034956,3283323,3297793,lf,2024-08-12 01:12:39.59-07,48.79866666666667,-121.82266666666666,1.95,1.07,l,4,8,0.14467816082453633
62035161,3283748,3298388,su,2024-08-12 13:41:23.844343-07,48.8008,-121.9201,-1.2665133333333334,-5,h,0,0,
62027632,3283813,3298498,su,2024-08-14 01:55:47.737223-07,48.8008,-121.9201,-0.7487600000000001,-5,h,0,0,
62028137,3284093,3298923,lf,2024-08-15 11:11:42.02-07,48.786833333333334,-121.835,-0.71,1.49,l,3,10,0.1034434779879273
62036681,3284868,3300203,lf,2024-08-16 15:08:38.52-07,48.7405,-121.852,-0.82,1.1400000000000001,l,4,8,0.09998286925288624
62036781,3284678,3299923,eq,2024-08-16 23:41:25.939999-07,48.660833333333336,-122.02416666666667,3.44,1.04,l,7,17,0.3405889003005149
62036811,3284713,3299988,lf,2024-08-17 01:53:24.539997-07,48.773833333333336,-121.83966666666667,-0.62,1.3900000000000001,l,5,15,0.058875493308882865
62037421,3284598,3299823,eq,2024-08-17 18:34:40.48-07,48.6555,-122.01383333333334,1.31,2.61,l,56,138,0.27299976688529637
62037451,3284878,3300218,eq,2024-08-17 18:56:19.119999-07,48.657833333333336,-122.03733333333334,3.44,1.21,l,7,17,0.3679209906805232
62038316,3284783,3300088,eq,2024-08-19 03:52:30.66-07,48.659666666666666,-122.02283333333334,0.24,1.25,l,6,13,0.11958697412673436
61503223,3285348,3301048,eq,2024-08-20 20:35:35.58-07,48.65983333333333,-122.03183333333334,3.36,1.41,l,5,14,0.21406733115956122
62039171,3285383,3301088,lf,2024-08-21 07:08:55-07,48.7695,-121.80733333333333,-0.67,1.5,l,5,17,0.06260507346931976
62039841,3285568,3301353,lf,2024-08-22 21:29:43.799999-07,48.769666666666666,-121.8305,-0.16,1.12,l,5,12,0.10906339727114278
62039881,3285608,3301413,lf,2024-08-22 22:57:31.41-07,48.76616666666666,-121.8115,4.06,1.22,l,6,17,0.11664221840211142
62040276,3285878,3301898,su,2024-08-23 23:03:34.069273-07,48.8008,-121.9201,-1.5905799999999999,-5,h,0,0,
62040401,3285658,3301498,lf,2024-08-24 20:04:05.379997-07,48.765,-121.8615,-0.7,1.36,l,4,10,0.059380329901630224
62041081,3286198,3302353,lf,2024-08-26 20:19:31.68-07,48.80233333333334,-121.7955,3.39,1.52,l,5,16,0.11258767433486816
62041616,3286318,3302573,su,2024-08-28 02:00:31.286436-07,48.8008,-121.9201,-1.5905799999999999,-5,h,0,0,
62041881,3286553,3302953,lf,2024-08-29 00:39:58.869999-07,48.758,-121.785,-0.7,1.56,l,6,17,0.19662776993477316
62042336,3286923,3303548,eq,2024-08-30 13:29:25.34-07,48.662,-122.03333333333333,3.42,1.33,l,7,16,0.2768622205054051
62042451,3287053,3303758,lf,2024-08-31 05:05:08.27-07,48.777,-121.81166666666667,-0.11,1.47,l,5,15,0.11478223947146238
62042596,3287068,3303773,lf,2024-08-31 22:01:09.02-07,48.757,-121.81816666666667,-0.68,1.21,l,5,12,0.06928155101707834
62042776,3287628,3303998,lf,2024-09-01 19:05:43.459999-07,48.78,-121.777,-0.66,1.54,l,8,23,0.11033360857802865
62043231,3287243,3304028,lf,2024-09-03 08:19:04.16-07,48.83883333333333,-121.88883333333334,4.88,1.57,l,4,12,0.11132301255017119
62043736,3287828,3304878,lf,2024-09-04 22:06:36.84-07,48.797666666666665,-121.84616666666666,-0.7,1.34,l,5,10,0.04876351453825467
62044186,3288118,3305393,lf,2024-09-07 07:23:01.52-07,48.75933333333333,-121.83233333333334,-0.68,1.09,l,5,10,0.05818758023965598
62044371,3288123,3305403,lf,2024-09-08 00:55:50.019998-07,48.744166666666665,-121.82966666666667,-0.7,1.44,l,6,16,0.055422329579093876
62044871,3288473,3305908,su,2024-09-10 00:36:21.122518-07,48.8008,-121.9201,-1.5905799999999999,-5,h,0,0,
62045106,3288798,3306393,eq,2024-09-11 04:45:27.79-07,48.682833333333335,-121.652,2.75,1.34,l,6,14,0.06310563735767938
62045406,3288868,3306518,su,2024-09-11 23:34:25.808021-07,48.8008,-121.9201,-1.5905799999999999,-5,h,0,0,
62037542,3289048,3306828,su,2024-09-13 00:15:55.73-07,48.769,-121.82333333333334,-0.7,-5,h,0,0,
